  0
SECTION
  2
HEADER
  9
$ACADVER
  1
AC1032
  9
$ACADMAINTVER
 90
4
  9
$DWGCODEPAGE
  3
ANSI_1252
  9
$LASTSAVEDBY
  1
ezdxf
  9
$REQUIREDVERSIONS
160
0
  9
$INSBASE
 10
0.0
 20
0.0
 30
0.0
  9
$EXTMIN
 10
1e+20
 20
1e+20
 30
1e+20
  9
$EXTMAX
 10
-1e+20
 20
-1e+20
 30
-1e+20
  9
$LIMMIN
 10
0.0
 20
0.0
  9
$LIMMAX
 10
420.0
 20
297.0
  9
$ORTHOMODE
 70
0
  9
$REGENMODE
 70
1
  9
$FILLMODE
 70
1
  9
$QTEXTMODE
 70
0
  9
$MIRRTEXT
 70
1
  9
$LTSCALE
 40
1.0
  9
$ATTMODE
 70
1
  9
$TEXTSIZE
 40
2.5
  9
$TRACEWID
 40
1.0
  9
$TEXTSTYLE
  7
OpenSans
  9
$CLAYER
  8
0
  9
$CELTYPE
  6
ByLayer
  9
$CECOLOR
 62
256
  9
$CELTSCALE
 40
1.0
  9
$DISPSILH
 70
0
  9
$DIMSCALE
 40
1.0
  9
$DIMASZ
 40
0.175
  9
$DIMEXO
 40
0.125
  9
$DIMDLI
 40
3.75
  9
$DIMRND
 40
0.0
  9
$DIMDLE
 40
0.0
  9
$DIMEXE
 40
0.375
  9
$DIMTP
 40
0.0
  9
$DIMTM
 40
0.0
  9
$DIMTXT
 40
0.25
  9
$DIMCEN
 40
2.5
  9
$DIMTSZ
 40
0.0
  9
$DIMTOL
 70
0
  9
$DIMLIM
 70
0
  9
$DIMTIH
 70
0
  9
$DIMTOH
 70
0
  9
$DIMSE1
 70
0
  9
$DIMSE2
 70
0
  9
$DIMTAD
 70
1
  9
$DIMZIN
 70
12
  9
$DIMBLK
  1
ARCHTICK
  9
$DIMASO
 70
1
  9
$DIMSHO
 70
1
  9
$DIMPOST
  1

  9
$DIMAPOST
  1

  9
$DIMALT
 70
0
  9
$DIMALTD
 70
3
  9
$DIMALTF
 40
0.03937007874
  9
$DIMLFAC
 40
100.0
  9
$DIMTOFL
 70
1
  9
$DIMTVP
 40
0.0
  9
$DIMTIX
 70
0
  9
$DIMSOXD
 70
0
  9
$DIMSAH
 70
0
  9
$DIMBLK1
  1

  9
$DIMBLK2
  1

  9
$DIMSTYLE
  2
EZDXF
  9
$DIMCLRD
 70
0
  9
$DIMCLRE
 70
0
  9
$DIMCLRT
 70
0
  9
$DIMTFAC
 40
0.5
  9
$DIMGAP
 40
0.1
  9
$DIMJUST
 70
0
  9
$DIMSD1
 70
0
  9
$DIMSD2
 70
0
  9
$DIMTOLJ
 70
0
  9
$DIMTZIN
 70
8
  9
$DIMALTZ
 70
0
  9
$DIMALTTZ
 70
0
  9
$DIMUPT
 70
1
  9
$DIMDEC
 70
2
  9
$DIMTDEC
 70
2
  9
$DIMALTU
 70
2
  9
$DIMALTTD
 70
3
  9
$DIMTXSTY
  7
OpenSansCondensed-Light
  9
$DIMAUNIT
 70
0
  9
$DIMADEC
 70
2
  9
$DIMALTRND
 40
0.0
  9
$DIMAZIN
 70
3
  9
$DIMDSEP
 70
46
  9
$DIMATFIT
 70
3
  9
$DIMFRAC
 70
0
  9
$DIMLDRBLK
  1

  9
$DIMLUNIT
 70
2
  9
$DIMLWD
 70
-2
  9
$DIMLWE
 70
-2
  9
$DIMTMOVE
 70
2
  9
$DIMFXL
 40
1.0
  9
$DIMFXLON
 70
0
  9
$DIMJOGANG
 40
0.785398163397
  9
$DIMTFILL
 70
0
  9
$DIMTFILLCLR
 70
0
  9
$DIMARCSYM
 70
0
  9
$DIMLTYPE
  6

  9
$DIMLTEX1
  6

  9
$DIMLTEX2
  6

  9
$DIMTXTDIRECTION
 70
0
  9
$LUNITS
 70
2
  9
$LUPREC
 70
4
  9
$SKETCHINC
 40
1.0
  9
$FILLETRAD
 40
10.0
  9
$AUNITS
 70
0
  9
$AUPREC
 70
2
  9
$MENU
  1
.
  9
$ELEVATION
 40
0.0
  9
$PELEVATION
 40
0.0
  9
$THICKNESS
 40
0.0
  9
$LIMCHECK
 70
0
  9
$CHAMFERA
 40
0.0
  9
$CHAMFERB
 40
0.0
  9
$CHAMFERC
 40
0.0
  9
$CHAMFERD
 40
0.0
  9
$SKPOLY
 70
0
  9
$TDCREATE
 40
2461320.6645023148
  9
$TDUCREATE
 40
2458532.153996898
  9
$TDUPDATE
 40
2461320.6645601853
  9
$TDUUPDATE
 40
2458532.1544311
  9
$TDINDWG
 40
0.0
  9
$TDUSRTIMER
 40
0.0
  9
$USRTIMER
 70
1
  9
$ANGBASE
 50
0.0
  9
$ANGDIR
 70
0
  9
$PDMODE
 70
0
  9
$PDSIZE
 40
0.0
  9
$PLINEWID
 40
0.0
  9
$SPLFRAME
 70
0
  9
$SPLINETYPE
 70
6
  9
$SPLINESEGS
 70
8
  9
$HANDSEED
  5
FB3
  9
$SURFTAB1
 70
6
  9
$SURFTAB2
 70
6
  9
$SURFTYPE
 70
6
  9
$SURFU
 70
6
  9
$SURFV
 70
6
  9
$UCSBASE
  2

  9
$UCSNAME
  2

  9
$UCSORG
 10
0.0
 20
0.0
 30
0.0
  9
$UCSXDIR
 10
1.0
 20
0.0
 30
0.0
  9
$UCSYDIR
 10
0.0
 20
1.0
 30
0.0
  9
$UCSORTHOREF
  2

  9
$UCSORTHOVIEW
 70
0
  9
$UCSORGTOP
 10
0.0
 20
0.0
 30
0.0
  9
$UCSORGBOTTOM
 10
0.0
 20
0.0
 30
0.0
  9
$UCSORGLEFT
 10
0.0
 20
0.0
 30
0.0
  9
$UCSORGRIGHT
 10
0.0
 20
0.0
 30
0.0
  9
$UCSORGFRONT
 10
0.0
 20
0.0
 30
0.0
  9
$UCSORGBACK
 10
0.0
 20
0.0
 30
0.0
  9
$PUCSBASE
  2

  9
$PUCSNAME
  2

  9
$PUCSORG
 10
0.0
 20
0.0
 30
0.0
  9
$PUCSXDIR
 10
1.0
 20
0.0
 30
0.0
  9
$PUCSYDIR
 10
0.0
 20
1.0
 30
0.0
  9
$PUCSORTHOREF
  2

  9
$PUCSORTHOVIEW
 70
0
  9
$PUCSORGTOP
 10
0.0
 20
0.0
 30
0.0
  9
$PUCSORGBOTTOM
 10
0.0
 20
0.0
 30
0.0
  9
$PUCSORGLEFT
 10
0.0
 20
0.0
 30
0.0
  9
$PUCSORGRIGHT
 10
0.0
 20
0.0
 30
0.0
  9
$PUCSORGFRONT
 10
0.0
 20
0.0
 30
0.0
  9
$PUCSORGBACK
 10
0.0
 20
0.0
 30
0.0
  9
$USERI1
 70
0
  9
$USERI2
 70
0
  9
$USERI3
 70
0
  9
$USERI4
 70
0
  9
$USERI5
 70
0
  9
$USERR1
 40
0.0
  9
$USERR2
 40
0.0
  9
$USERR3
 40
0.0
  9
$USERR4
 40
0.0
  9
$USERR5
 40
0.0
  9
$WORLDVIEW
 70
1
  9
$SHADEDGE
 70
3
  9
$SHADEDIF
 70
70
  9
$TILEMODE
 70
1
  9
$MAXACTVP
 70
64
  9
$PINSBASE
 10
0.0
 20
0.0
 30
0.0
  9
$PLIMCHECK
 70
0
  9
$PEXTMIN
 10
1e+20
 20
1e+20
 30
1e+20
  9
$PEXTMAX
 10
-1e+20
 20
-1e+20
 30
-1e+20
  9
$PLIMMIN
 10
0.0
 20
0.0
  9
$PLIMMAX
 10
420.0
 20
297.0
  9
$UNITMODE
 70
0
  9
$VISRETAIN
 70
1
  9
$PLINEGEN
 70
0
  9
$PSLTSCALE
 70
1
  9
$TREEDEPTH
 70
3020
  9
$CMLSTYLE
  2
Standard
  9
$CMLJUST
 70
0
  9
$CMLSCALE
 40
20.0
  9
$PROXYGRAPHICS
 70
1
  9
$MEASUREMENT
 70
1
  9
$CELWEIGHT
370
-1
  9
$ENDCAPS
280
0
  9
$JOINSTYLE
280
0
  9
$LWDISPLAY
290
0
  9
$INSUNITS
 70
4
  9
$HYPERLINKBASE
  1

  9
$STYLESHEET
  1

  9
$XEDIT
290
1
  9
$CEPSNTYPE
380
0
  9
$PSTYLEMODE
290
1
  9
$FINGERPRINTGUID
  2
{DFAE8EF1-873E-4FA9-856C-98E7B756D570}
  9
$VERSIONGUID
  2
{546930A4-4052-43DC-A650-1C7F683696C2}
  9
$EXTNAMES
290
1
  9
$PSVPSCALE
 40
0.0
  9
$OLESTARTUP
290
0
  9
$SORTENTS
280
127
  9
$INDEXCTL
280
0
  9
$HIDETEXT
280
1
  9
$XCLIPFRAME
280
1
  9
$HALOGAP
280
0
  9
$OBSCOLOR
 70
257
  9
$OBSLTYPE
280
0
  9
$INTERSECTIONDISPLAY
280
0
  9
$INTERSECTIONCOLOR
 70
257
  9
$DIMASSOC
280
2
  9
$PROJECTNAME
  1

  9
$CAMERADISPLAY
290
0
  9
$LENSLENGTH
 40
50.0
  9
$CAMERAHEIGHT
 40
0.0
  9
$STEPSPERSEC
 40
24.0
  9
$STEPSIZE
 40
100.0
  9
$3DDWFPREC
 40
2.0
  9
$PSOLWIDTH
 40
0.005
  9
$PSOLHEIGHT
 40
0.08
  9
$LOFTANG1
 40
1.570796326795
  9
$LOFTANG2
 40
1.570796326795
  9
$LOFTMAG1
 40
0.0
  9
$LOFTMAG2
 40
0.0
  9
$LOFTPARAM
 70
7
  9
$LOFTNORMALS
280
1
  9
$LATITUDE
 40
37.795
  9
$LONGITUDE
 40
-122.394
  9
$NORTHDIRECTION
 40
0.0
  9
$TIMEZONE
 70
-8000
  9
$LIGHTGLYPHDISPLAY
280
1
  9
$TILEMODELIGHTSYNCH
280
1
  9
$CMATERIAL
347
20
  9
$SOLIDHIST
280
0
  9
$SHOWHIST
280
1
  9
$DWFFRAME
280
2
  9
$DGNFRAME
280
2
  9
$REALWORLDSCALE
290
1
  9
$INTERFERECOLOR
 62
256
  9
$CSHADOW
280
0
  9
$SHADOWPLANELOCATION
 40
0.0
  0
ENDSEC
  0
SECTION
  2
CLASSES
  0
CLASS
  1
ACDBDICTIONARYWDFLT
  2
AcDbDictionaryWithDefault
  3
ObjectDBX Classes
 90
0
 91
0
280
0
281
0
  0
CLASS
  1
SUN
  2
AcDbSun
  3
SCENEOE
 90
1153
 91
0
280
0
281
0
  0
CLASS
  1
VISUALSTYLE
  2
AcDbVisualStyle
  3
ObjectDBX Classes
 90
4095
 91
0
280
0
281
0
  0
CLASS
  1
MATERIAL
  2
AcDbMaterial
  3
ObjectDBX Classes
 90
1153
 91
0
280
0
281
0
  0
CLASS
  1
SCALE
  2
AcDbScale
  3
ObjectDBX Classes
 90
1153
 91
0
280
0
281
0
  0
CLASS
  1
TABLESTYLE
  2
AcDbTableStyle
  3
ObjectDBX Classes
 90
4095
 91
0
280
0
281
0
  0
CLASS
  1
MLEADERSTYLE
  2
AcDbMLeaderStyle
  3
ACDB_MLEADERSTYLE_CLASS
 90
4095
 91
0
280
0
281
0
  0
CLASS
  1
DICTIONARYVAR
  2
AcDbDictionaryVar
  3
ObjectDBX Classes
 90
0
 91
0
280
0
281
0
  0
CLASS
  1
CELLSTYLEMAP
  2
AcDbCellStyleMap
  3
ObjectDBX Classes
 90
1152
 91
0
280
0
281
0
  0
CLASS
  1
MENTALRAYRENDERSETTINGS
  2
AcDbMentalRayRenderSettings
  3
SCENEOE
 90
1024
 91
0
280
0
281
0
  0
CLASS
  1
ACDBDETAILVIEWSTYLE
  2
AcDbDetailViewStyle
  3
ObjectDBX Classes
 90
1025
 91
0
280
0
281
0
  0
CLASS
  1
ACDBSECTIONVIEWSTYLE
  2
AcDbSectionViewStyle
  3
ObjectDBX Classes
 90
1025
 91
0
280
0
281
0
  0
CLASS
  1
RASTERVARIABLES
  2
AcDbRasterVariables
  3
ISM
 90
0
 91
0
280
0
281
0
  0
CLASS
  1
ACDBPLACEHOLDER
  2
AcDbPlaceHolder
  3
ObjectDBX Classes
 90
0
 91
0
280
0
281
0
  0
CLASS
  1
LAYOUT
  2
AcDbLayout
  3
ObjectDBX Classes
 90
0
 91
0
280
0
281
0
  0
ENDSEC
  0
SECTION
  2
TABLES
  0
TABLE
  2
VPORT
  5
8
330
0
100
AcDbSymbolTable
 70
1
  0
VPORT
  5
23
330
8
100
AcDbSymbolTableRecord
100
AcDbViewportTableRecord
  2
*Active
 70
0
 10
0.0
 20
0.0
 11
1.0
 21
1.0
 12
0.0
 22
0.0
 13
0.0
 23
0.0
 14
0.5
 24
0.5
 15
0.5
 25
0.5
 16
0.0
 26
0.0
 36
1.0
 17
0.0
 27
0.0
 37
0.0
 40
1000.0
 41
1.34
 42
50.0
 43
0.0
 44
0.0
 50
0.0
 51
0.0
 71
0
 72
1000
 73
1
 74
3
 75
0
 76
0
 77
0
 78
0
281
0
 65
0
146
0.0
  0
ENDTAB
  0
TABLE
  2
LTYPE
  5
2
330
0
100
AcDbSymbolTable
 70
21
  0
LTYPE
  5
24
330
2
100
AcDbSymbolTableRecord
100
AcDbLinetypeTableRecord
  2
ByBlock
 70
0
  3

 72
65
 73
0
 40
0.0
  0
LTYPE
  5
25
330
2
100
AcDbSymbolTableRecord
100
AcDbLinetypeTableRecord
  2
ByLayer
 70
0
  3

 72
65
 73
0
 40
0.0
  0
LTYPE
  5
26
330
2
100
AcDbSymbolTableRecord
100
AcDbLinetypeTableRecord
  2
Continuous
 70
0
  3

 72
65
 73
0
 40
0.0
  0
LTYPE
  5
2F
330
2
100
AcDbSymbolTableRecord
100
AcDbLinetypeTableRecord
  2
CENTER
 70
0
  3
Center ____ _ ____ _ ____ _ ____ _ ____ _ ____
 72
65
 73
4
 40
5.08
 49
3.175
 74
0
 49
-0.635
 74
0
 49
0.635
 74
0
 49
-0.635
 74
0
  0
LTYPE
  5
30
330
2
100
AcDbSymbolTableRecord
100
AcDbLinetypeTableRecord
  2
CENTERX2
 70
0
  3
Center (2x) ________  __  ________  __  ________
 72
65
 73
4
 40
8.89
 49
6.35
 74
0
 49
-0.635
 74
0
 49
1.27
 74
0
 49
-0.635
 74
0
  0
LTYPE
  5
31
330
2
100
AcDbSymbolTableRecord
100
AcDbLinetypeTableRecord
  2
CENTER2
 70
0
  3
Center (.5x) ____ _ ____ _ ____ _ ____ _ ____
 72
65
 73
4
 40
2.54
 49
1.587
 74
0
 49
-0.318
 74
0
 49
0.318
 74
0
 49
-0.318
 74
0
  0
LTYPE
  5
32
330
2
100
AcDbSymbolTableRecord
100
AcDbLinetypeTableRecord
  2
DASHED
 70
0
  3
Dashed __ __ __ __ __ __ __ __ __ __ __ __ __ _
 72
65
 73
2
 40
1.524
 49
1.27
 74
0
 49
-0.254
 74
0
  0
LTYPE
  5
33
330
2
100
AcDbSymbolTableRecord
100
AcDbLinetypeTableRecord
  2
DASHEDX2
 70
0
  3
Dashed (2x) ____  ____  ____  ____  ____  ____
 72
65
 73
2
 40
3.048
 49
2.54
 74
0
 49
-0.508
 74
0
  0
LTYPE
  5
34
330
2
100
AcDbSymbolTableRecord
100
AcDbLinetypeTableRecord
  2
DASHED2
 70
0
  3
Dashed (.5x) _ _ _ _ _ _ _ _ _ _ _ _ _ _
 72
65
 73
2
 40
0.762
 49
0.635
 74
0
 49
-0.127
 74
0
  0
LTYPE
  5
35
330
2
100
AcDbSymbolTableRecord
100
AcDbLinetypeTableRecord
  2
PHANTOM
 70
0
  3
Phantom ______  __  __  ______  __  __  ______
 72
65
 73
6
 40
6.35
 49
3.175
 74
0
 49
-0.635
 74
0
 49
0.635
 74
0
 49
-0.635
 74
0
 49
0.635
 74
0
 49
-0.635
 74
0
  0
LTYPE
  5
36
330
2
100
AcDbSymbolTableRecord
100
AcDbLinetypeTableRecord
  2
PHANTOMX2
 70
0
  3
Phantom (2x)____________    ____    ____    ____________
 72
65
 73
6
 40
10.795
 49
6.35
 74
0
 49
-0.635
 74
0
 49
1.27
 74
0
 49
-0.635
 74
0
 49
1.27
 74
0
 49
-0.635
 74
0
  0
LTYPE
  5
37
330
2
100
AcDbSymbolTableRecord
100
AcDbLinetypeTableRecord
  2
PHANTOM2
 70
0
  3
Phantom (.5x) ___ _ _ ___ _ _ ___ _ _ ___ _ _ ___
 72
65
 73
6
 40
3.175
 49
1.587
 74
0
 49
-0.318
 74
0
 49
0.318
 74
0
 49
-0.318
 74
0
 49
0.318
 74
0
 49
-0.318
 74
0
  0
LTYPE
  5
38
330
2
100
AcDbSymbolTableRecord
100
AcDbLinetypeTableRecord
  2
DASHDOT
 70
0
  3
Dash dot __ . __ . __ . __ . __ . __ . __ . __
 72
65
 73
4
 40
3.556
 49
2.54
 74
0
 49
-0.508
 74
0
 49
0.0
 74
0
 49
-0.508
 74
0
  0
LTYPE
  5
39
330
2
100
AcDbSymbolTableRecord
100
AcDbLinetypeTableRecord
  2
DASHDOTX2
 70
0
  3
Dash dot (2x) ____  .  ____  .  ____  .  ____
 72
65
 73
4
 40
6.096
 49
5.08
 74
0
 49
-0.508
 74
0
 49
0.0
 74
0
 49
-0.508
 74
0
  0
LTYPE
  5
3A
330
2
100
AcDbSymbolTableRecord
100
AcDbLinetypeTableRecord
  2
DASHDOT2
 70
0
  3
Dash dot (.5x) _ . _ . _ . _ . _ . _ . _ . _
 72
65
 73
4
 40
1.778
 49
1.27
 74
0
 49
-0.254
 74
0
 49
0.0
 74
0
 49
-0.254
 74
0
  0
LTYPE
  5
3B
330
2
100
AcDbSymbolTableRecord
100
AcDbLinetypeTableRecord
  2
DOT
 70
0
  3
Dot .  .  .  .  .  .  .  .  .  .  .  .  .  .  .  .
 72
65
 73
2
 40
0.508
 49
0.0
 74
0
 49
-0.508
 74
0
  0
LTYPE
  5
3C
330
2
100
AcDbSymbolTableRecord
100
AcDbLinetypeTableRecord
  2
DOTX2
 70
0
  3
Dot (2x) .    .    .    .    .    .    .    . 
 72
65
 73
2
 40
1.016
 49
0.0
 74
0
 49
-1.016
 74
0
  0
LTYPE
  5
3D
330
2
100
AcDbSymbolTableRecord
100
AcDbLinetypeTableRecord
  2
DOT2
 70
0
  3
Dot (.5) . . . . . . . . . . . . . . . . . . . 
 72
65
 73
2
 40
0.254
 49
0.0
 74
0
 49
-0.254
 74
0
  0
LTYPE
  5
3E
330
2
100
AcDbSymbolTableRecord
100
AcDbLinetypeTableRecord
  2
DIVIDE
 70
0
  3
Divide __ . . __ . . __ . . __ . . __ . . __
 72
65
 73
6
 40
4.064
 49
2.54
 74
0
 49
-0.508
 74
0
 49
0.0
 74
0
 49
-0.508
 74
0
 49
0.0
 74
0
 49
-0.508
 74
0
  0
LTYPE
  5
3F
330
2
100
AcDbSymbolTableRecord
100
AcDbLinetypeTableRecord
  2
DIVIDEX2
 70
0
  3
Divide (2x) ____  . .  ____  . .  ____  . .  ____
 72
65
 73
6
 40
6.604
 49
5.08
 74
0
 49
-0.508
 74
0
 49
0.0
 74
0
 49
-0.508
 74
0
 49
0.0
 74
0
 49
-0.508
 74
0
  0
LTYPE
  5
40
330
2
100
AcDbSymbolTableRecord
100
AcDbLinetypeTableRecord
  2
DIVIDE2
 70
0
  3
Divide(.5x) _ . _ . _ . _ . _ . _ . _ . _
 72
65
 73
6
 40
2.032
 49
1.27
 74
0
 49
-0.254
 74
0
 49
0.0
 74
0
 49
-0.254
 74
0
 49
0.0
 74
0
 49
-0.254
 74
0
  0
ENDTAB
  0
TABLE
  2
LAYER
  5
1
330
0
100
AcDbSymbolTable
 70
16
  0
LAYER
  5
27
330
1
100
AcDbSymbolTableRecord
100
AcDbLayerTableRecord
  2
0
 70
0
 62
7
  6
Continuous
370
-3
390
13
347
21
  0
LAYER
  5
28
330
1
100
AcDbSymbolTableRecord
100
AcDbLayerTableRecord
  2
Defpoints
 70
0
 62
7
  6
Continuous
290
0
370
-3
390
13
347
21
  0
LAYER
  5
8A
330
1
100
AcDbSymbolTableRecord
100
AcDbLayerTableRecord
  2
A-WALL
 70
0
 62
7
  6
Continuous
370
-3
390
13
347
21
  0
LAYER
  5
8B
330
1
100
AcDbSymbolTableRecord
100
AcDbLayerTableRecord
  2
A-HIDDEN
 70
0
 62
8
  6
Continuous
370
-3
390
13
347
21
  0
LAYER
  5
8C
330
1
100
AcDbSymbolTableRecord
100
AcDbLayerTableRecord
  2
A-DIMS
 70
0
 62
3
  6
Continuous
370
-3
390
13
347
21
  0
LAYER
  5
8D
330
1
100
AcDbSymbolTableRecord
100
AcDbLayerTableRecord
  2
A-TEXT
 70
0
 62
2
  6
Continuous
370
-3
390
13
347
21
  0
LAYER
  5
8E
330
1
100
AcDbSymbolTableRecord
100
AcDbLayerTableRecord
  2
A-HATCH
 70
0
 62
9
  6
Continuous
370
-3
390
13
347
21
  0
LAYER
  5
8F
330
1
100
AcDbSymbolTableRecord
100
AcDbLayerTableRecord
  2
S-STEEL
 70
0
 62
1
  6
Continuous
370
-3
390
13
347
21
  0
LAYER
  5
90
330
1
100
AcDbSymbolTableRecord
100
AcDbLayerTableRecord
  2
A-TIMBER
 70
0
 62
30
  6
Continuous
370
-3
390
13
347
21
  0
LAYER
  5
91
330
1
100
AcDbSymbolTableRecord
100
AcDbLayerTableRecord
  2
L-PLANT
 70
0
 62
94
  6
Continuous
370
-3
390
13
347
21
  0
LAYER
  5
92
330
1
100
AcDbSymbolTableRecord
100
AcDbLayerTableRecord
  2
A-DOOR
 70
0
 62
5
  6
Continuous
370
-3
390
13
347
21
  0
LAYER
  5
93
330
1
100
AcDbSymbolTableRecord
100
AcDbLayerTableRecord
  2
E-LIGHT
 70
0
 62
6
  6
Continuous
370
-3
390
13
347
21
  0
LAYER
  5
94
330
1
100
AcDbSymbolTableRecord
100
AcDbLayerTableRecord
  2
C-DRAIN
 70
0
 62
4
  6
Continuous
370
-3
390
13
347
21
  0
LAYER
  5
95
330
1
100
AcDbSymbolTableRecord
100
AcDbLayerTableRecord
  2
A-PAVING
 70
0
 62
251
  6
Continuous
370
-3
390
13
347
21
  0
LAYER
  5
96
330
1
100
AcDbSymbolTableRecord
100
AcDbLayerTableRecord
  2
A-GRID
 70
0
 62
8
  6
Continuous
370
-3
390
13
347
21
  0
LAYER
  5
97
330
1
100
AcDbSymbolTableRecord
100
AcDbLayerTableRecord
  2
A-ANNO
 70
0
 62
7
  6
Continuous
370
-3
390
13
347
21
  0
ENDTAB
  0
TABLE
  2
STYLE
  5
5
330
0
100
AcDbSymbolTable
 70
26
  0
STYLE
  5
29
330
5
100
AcDbSymbolTableRecord
100
AcDbTextStyleTableRecord
  2
Standard
 70
0
 40
0.0
 41
1.0
 50
0.0
 71
0
 42
2.5
  3
txt
  4

  0
STYLE
  5
41
330
5
100
AcDbSymbolTableRecord
100
AcDbTextStyleTableRecord
  2
OpenSans-Light
 70
0
 40
0.0
 41
1.0
 50
0.0
 71
0
 42
2.5
  3
OpenSans-Light.ttf
  4

  0
STYLE
  5
42
330
5
100
AcDbSymbolTableRecord
100
AcDbTextStyleTableRecord
  2
OpenSans-Light-Italic
 70
0
 40
0.0
 41
1.0
 50
0.0
 71
0
 42
2.5
  3
OpenSans-LightItalic.ttf
  4

  0
STYLE
  5
43
330
5
100
AcDbSymbolTableRecord
100
AcDbTextStyleTableRecord
  2
OpenSans
 70
0
 40
0.0
 41
1.0
 50
0.0
 71
0
 42
2.5
  3
OpenSans-Regular.ttf
  4

  0
STYLE
  5
44
330
5
100
AcDbSymbolTableRecord
100
AcDbTextStyleTableRecord
  2
OpenSans-Italic
 70
0
 40
0.0
 41
1.0
 50
0.0
 71
0
 42
2.5
  3
OpenSans-Italic.ttf
  4

  0
STYLE
  5
45
330
5
100
AcDbSymbolTableRecord
100
AcDbTextStyleTableRecord
  2
OpenSans-SemiBold
 70
0
 40
0.0
 41
1.0
 50
0.0
 71
0
 42
2.5
  3
OpenSans-SemiBold.ttf
  4

  0
STYLE
  5
46
330
5
100
AcDbSymbolTableRecord
100
AcDbTextStyleTableRecord
  2
OpenSans-SemiBoldItalic
 70
0
 40
0.0
 41
1.0
 50
0.0
 71
0
 42
2.5
  3
OpenSans-SemiBoldItalic.ttf
  4

  0
STYLE
  5
47
330
5
100
AcDbSymbolTableRecord
100
AcDbTextStyleTableRecord
  2
OpenSans-Bold
 70
0
 40
0.0
 41
1.0
 50
0.0
 71
0
 42
2.5
  3
OpenSans-Bold.ttf
  4

  0
STYLE
  5
48
330
5
100
AcDbSymbolTableRecord
100
AcDbTextStyleTableRecord
  2
OpenSans-BoldItalic
 70
0
 40
0.0
 41
1.0
 50
0.0
 71
0
 42
2.5
  3
OpenSans-BoldItalic.ttf
  4

  0
STYLE
  5
49
330
5
100
AcDbSymbolTableRecord
100
AcDbTextStyleTableRecord
  2
OpenSans-ExtraBold
 70
0
 40
0.0
 41
1.0
 50
0.0
 71
0
 42
2.5
  3
OpenSans-ExtraBold.ttf
  4

  0
STYLE
  5
4A
330
5
100
AcDbSymbolTableRecord
100
AcDbTextStyleTableRecord
  2
OpenSans-ExtraBoldItalic
 70
0
 40
0.0
 41
1.0
 50
0.0
 71
0
 42
2.5
  3
OpenSans-ExtraBoldItalic.ttf
  4

  0
STYLE
  5
4B
330
5
100
AcDbSymbolTableRecord
100
AcDbTextStyleTableRecord
  2
OpenSansCondensed-Bold
 70
0
 40
0.0
 41
1.0
 50
0.0
 71
0
 42
2.5
  3
OpenSansCondensed-Bold.ttf
  4

  0
STYLE
  5
4C
330
5
100
AcDbSymbolTableRecord
100
AcDbTextStyleTableRecord
  2
OpenSansCondensed-Light
 70
0
 40
0.0
 41
1.0
 50
0.0
 71
0
 42
2.5
  3
OpenSansCondensed-Light.ttf
  4

  0
STYLE
  5
4D
330
5
100
AcDbSymbolTableRecord
100
AcDbTextStyleTableRecord
  2
OpenSansCondensed-Italic
 70
0
 40
0.0
 41
1.0
 50
0.0
 71
0
 42
2.5
  3
OpenSansCondensed-LightItalic.ttf
  4

  0
STYLE
  5
4E
330
5
100
AcDbSymbolTableRecord
100
AcDbTextStyleTableRecord
  2
LiberationSans
 70
0
 40
0.0
 41
1.0
 50
0.0
 71
0
 42
2.5
  3
LiberationSans-Regular.ttf
  4

  0
STYLE
  5
4F
330
5
100
AcDbSymbolTableRecord
100
AcDbTextStyleTableRecord
  2
LiberationSans-Bold
 70
0
 40
0.0
 41
1.0
 50
0.0
 71
0
 42
2.5
  3
LiberationSans-Bold.ttf
  4

  0
STYLE
  5
50
330
5
100
AcDbSymbolTableRecord
100
AcDbTextStyleTableRecord
  2
LiberationSans-BoldItalic
 70
0
 40
0.0
 41
1.0
 50
0.0
 71
0
 42
2.5
  3
LiberationSans-BoldItalic.ttf
  4

  0
STYLE
  5
51
330
5
100
AcDbSymbolTableRecord
100
AcDbTextStyleTableRecord
  2
LiberationSans-Italic
 70
0
 40
0.0
 41
1.0
 50
0.0
 71
0
 42
2.5
  3
LiberationSans-Italic.ttf
  4

  0
STYLE
  5
52
330
5
100
AcDbSymbolTableRecord
100
AcDbTextStyleTableRecord
  2
LiberationSerif
 70
0
 40
0.0
 41
1.0
 50
0.0
 71
0
 42
2.5
  3
LiberationSerif-Regular.ttf
  4

  0
STYLE
  5
53
330
5
100
AcDbSymbolTableRecord
100
AcDbTextStyleTableRecord
  2
LiberationSerif-Bold
 70
0
 40
0.0
 41
1.0
 50
0.0
 71
0
 42
2.5
  3
LiberationSerif-Bold.ttf
  4

  0
STYLE
  5
54
330
5
100
AcDbSymbolTableRecord
100
AcDbTextStyleTableRecord
  2
LiberationSerif-BoldItalic
 70
0
 40
0.0
 41
1.0
 50
0.0
 71
0
 42
2.5
  3
LiberationSerif-BoldItalic.ttf
  4

  0
STYLE
  5
55
330
5
100
AcDbSymbolTableRecord
100
AcDbTextStyleTableRecord
  2
LiberationSerif-Italic
 70
0
 40
0.0
 41
1.0
 50
0.0
 71
0
 42
2.5
  3
LiberationSerif-Italic.ttf
  4

  0
STYLE
  5
56
330
5
100
AcDbSymbolTableRecord
100
AcDbTextStyleTableRecord
  2
LiberationMono
 70
0
 40
0.0
 41
1.0
 50
0.0
 71
0
 42
2.5
  3
LiberationMono-Regular.ttf
  4

  0
STYLE
  5
57
330
5
100
AcDbSymbolTableRecord
100
AcDbTextStyleTableRecord
  2
LiberationMono-Bold
 70
0
 40
0.0
 41
1.0
 50
0.0
 71
0
 42
2.5
  3
LiberationMono-Bold.ttf
  4

  0
STYLE
  5
58
330
5
100
AcDbSymbolTableRecord
100
AcDbTextStyleTableRecord
  2
LiberationMono-BoldItalic
 70
0
 40
0.0
 41
1.0
 50
0.0
 71
0
 42
2.5
  3
LiberationMono-BoldItalic.ttf
  4

  0
STYLE
  5
59
330
5
100
AcDbSymbolTableRecord
100
AcDbTextStyleTableRecord
  2
LiberationMono-Italic
 70
0
 40
0.0
 41
1.0
 50
0.0
 71
0
 42
2.5
  3
LiberationMono-Italic.ttf
  4

  0
ENDTAB
  0
TABLE
  2
VIEW
  5
7
330
0
100
AcDbSymbolTable
 70
0
  0
ENDTAB
  0
TABLE
  2
UCS
  5
6
330
0
100
AcDbSymbolTable
 70
0
  0
ENDTAB
  0
TABLE
  2
APPID
  5
3
330
0
100
AcDbSymbolTable
 70
3
  0
APPID
  5
2A
330
3
100
AcDbSymbolTableRecord
100
AcDbRegAppTableRecord
  2
ACAD
 70
0
  0
APPID
  5
FB0
330
3
100
AcDbSymbolTableRecord
100
AcDbRegAppTableRecord
  2
HATCHBACKGROUNDCOLOR
 70
0
  0
APPID
  5
FB1
330
3
100
AcDbSymbolTableRecord
100
AcDbRegAppTableRecord
  2
EZDXF
 70
0
  0
ENDTAB
  0
TABLE
  2
DIMSTYLE
  5
4
330
0
100
AcDbSymbolTable
 70
12
100
AcDbDimStyleTable
  0
DIMSTYLE
105
2B
330
4
100
AcDbSymbolTableRecord
100
AcDbDimStyleTableRecord
  2
Standard
 70
0
 40
1.0
 41
2.5
 42
0.625
 43
3.75
 44
1.25
 45
0.0
 46
0.0
 47
0.0
 48
0.0
 49
2.5
140
2.5
141
2.5
142
0.0
143
0.03937007874
144
1.0
145
0.0
146
1.0
147
0.625
148
0.0
 69
0
 70
0
 71
0
 72
0
 73
0
 74
0
 75
0
 76
0
 77
1
 78
8
 79
3
170
0
171
3
172
1
173
0
174
0
175
0
176
0
177
0
178
0
179
2
271
2
272
2
273
2
274
3
275
0
276
0
277
2
278
44
279
0
280
0
281
0
282
0
283
0
284
8
285
0
286
0
288
0
289
3
290
0
371
-2
372
-2
  0
DIMSTYLE
105
73
330
4
100
AcDbSymbolTableRecord
100
AcDbDimStyleTableRecord
  2
EZDXF
 70
0
 40
1.0
 41
0.175
 42
0.125
 43
3.75
 44
0.375
 45
0.0
 46
0.0
 47
0.0
 48
0.0
 49
2.5
140
0.25
141
2.5
142
0.0
143
0.03937007874
144
100.0
145
0.0
146
0.5
147
0.1
148
0.0
 69
0
 70
0
 71
0
 72
0
 73
0
 74
0
 75
0
 76
0
 77
1
 78
12
 79
3
170
0
171
3
172
1
173
0
174
0
175
0
176
0
177
0
178
0
179
2
271
2
272
2
273
2
274
3
275
0
276
0
277
2
278
46
279
2
280
0
281
0
282
0
283
0
284
8
285
0
286
0
288
1
289
3
290
0
340
4C
342
74
371
-2
372
-2
  0
DIMSTYLE
105
7C
330
4
100
AcDbSymbolTableRecord
100
AcDbDimStyleTableRecord
  2
EZ_M_100_H25_CM
 70
0
 40
1.0
 41
0.25
 42
0.125
 43
3.75
 44
0.375
 45
0.0
 46
0.0
 47
0.0
 48
0.0
 49
2.5
140
0.25
141
2.5
142
0.125
143
0.03937007874
144
100.0
145
0.0
146
0.5
147
0.1
148
0.0
 69
0
 70
0
 71
0
 72
0
 73
0
 74
0
 75
0
 76
0
 77
1
 78
12
 79
3
170
0
171
3
172
1
173
0
174
0
175
0
176
0
177
0
178
0
179
2
271
2
272
2
273
2
274
3
275
0
276
0
277
2
278
46
279
2
280
0
281
0
282
0
283
0
284
8
285
0
286
0
288
1
289
3
290
0
340
4C
371
-2
372
-2
  0
DIMSTYLE
105
7D
330
4
100
AcDbSymbolTableRecord
100
AcDbDimStyleTableRecord
  2
EZ_M_50_H25_CM
 70
0
 40
1.0
 41
0.125
 42
0.0625
 43
3.75
 44
0.1875
 45
0.0
 46
0.0
 47
0.0
 48
0.0
 49
2.5
140
0.125
141
2.5
142
0.0625
143
0.03937007874
144
100.0
145
0.0
146
0.5
147
0.05
148
0.0
 69
0
 70
0
 71
0
 72
0
 73
0
 74
0
 75
0
 76
0
 77
1
 78
12
 79
3
170
0
171
3
172
1
173
0
174
0
175
0
176
0
177
0
178
0
179
2
271
2
272
2
273
2
274
3
275
0
276
0
277
2
278
46
279
2
280
0
281
0
282
0
283
0
284
8
285
0
286
0
288
1
289
3
290
0
340
4C
371
-2
372
-2
  0
DIMSTYLE
105
7E
330
4
100
AcDbSymbolTableRecord
100
AcDbDimStyleTableRecord
  2
EZ_M_25_H25_CM
 70
0
 40
1.0
 41
0.0625
 42
0.03125
 43
3.75
 44
0.09375
 45
0.0
 46
0.0
 47
0.0
 48
0.0
 49
2.5
140
0.0625
141
2.5
142
0.03125
143
0.03937007874
144
100.0
145
0.0
146
0.5
147
0.025
148
0.0
 69
0
 70
0
 71
0
 72
0
 73
0
 74
0
 75
0
 76
0
 77
1
 78
12
 79
3
170
0
171
3
172
1
173
0
174
0
175
0
176
0
177
0
178
0
179
2
271
2
272
2
273
2
274
3
275
0
276
0
277
2
278
46
279
2
280
0
281
0
282
0
283
0
284
8
285
0
286
0
288
1
289
3
290
0
340
4C
371
-2
372
-2
  0
DIMSTYLE
105
7F
330
4
100
AcDbSymbolTableRecord
100
AcDbDimStyleTableRecord
  2
EZ_M_20_H25_CM
 70
0
 40
1.0
 41
0.05
 42
0.025
 43
3.75
 44
0.07500000000000001
 45
0.0
 46
0.0
 47
0.0
 48
0.0
 49
2.5
140
0.05
141
2.5
142
0.025
143
0.03937007874
144
100.0
145
0.0
146
0.5
147
0.020000000000000004
148
0.0
 69
0
 70
0
 71
0
 72
0
 73
0
 74
0
 75
0
 76
0
 77
1
 78
12
 79
3
170
0
171
3
172
1
173
0
174
0
175
0
176
0
177
0
178
0
179
2
271
2
272
2
273
2
274
3
275
0
276
0
277
2
278
46
279
2
280
0
281
0
282
0
283
0
284
8
285
0
286
0
288
1
289
3
290
0
340
4C
371
-2
372
-2
  0
DIMSTYLE
105
80
330
4
100
AcDbSymbolTableRecord
100
AcDbDimStyleTableRecord
  2
EZ_M_10_H25_CM
 70
0
 40
1.0
 41
0.025
 42
0.0125
 43
3.75
 44
0.037500000000000006
 45
0.0
 46
0.0
 47
0.0
 48
0.0
 49
2.5
140
0.025
141
2.5
142
0.0125
143
0.03937007874
144
100.0
145
0.0
146
0.5
147
0.010000000000000002
148
0.0
 69
0
 70
0
 71
0
 72
0
 73
0
 74
0
 75
0
 76
0
 77
1
 78
12
 79
3
170
0
171
3
172
1
173
0
174
0
175
0
176
0
177
0
178
0
179
2
271
2
272
2
273
2
274
3
275
0
276
0
277
2
278
46
279
2
280
0
281
0
282
0
283
0
284
8
285
0
286
0
288
1
289
3
290
0
340
4C
371
-2
372
-2
  0
DIMSTYLE
105
81
330
4
100
AcDbSymbolTableRecord
100
AcDbDimStyleTableRecord
  2
EZ_M_5_H25_CM
 70
0
 40
1.0
 41
0.0125
 42
0.00625
 43
3.75
 44
0.018750000000000003
 45
0.0
 46
0.0
 47
0.0
 48
0.0
 49
2.5
140
0.0125
141
2.5
142
0.00625
143
0.03937007874
144
100.0
145
0.0
146
0.5
147
0.005000000000000001
148
0.0
 69
0
 70
0
 71
0
 72
0
 73
0
 74
0
 75
0
 76
0
 77
1
 78
12
 79
3
170
0
171
3
172
1
173
0
174
0
175
0
176
0
177
0
178
0
179
2
271
2
272
2
273
2
274
3
275
0
276
0
277
2
278
46
279
2
280
0
281
0
282
0
283
0
284
8
285
0
286
0
288
1
289
3
290
0
340
4C
371
-2
372
-2
  0
DIMSTYLE
105
82
330
4
100
AcDbSymbolTableRecord
100
AcDbDimStyleTableRecord
  2
EZ_M_1_H25_CM
 70
0
 40
1.0
 41
0.0025
 42
0.00125
 43
3.75
 44
0.00375
 45
0.0
 46
0.0
 47
0.0
 48
0.0
 49
2.5
140
0.0025
141
2.5
142
0.00125
143
0.03937007874
144
100.0
145
0.0
146
0.5
147
0.001
148
0.0
 69
0
 70
0
 71
0
 72
0
 73
0
 74
0
 75
0
 76
0
 77
1
 78
12
 79
3
170
0
171
3
172
1
173
0
174
0
175
0
176
0
177
0
178
0
179
2
271
2
272
2
273
2
274
3
275
0
276
0
277
2
278
46
279
2
280
0
281
0
282
0
283
0
284
8
285
0
286
0
288
1
289
3
290
0
340
4C
371
-2
372
-2
  0
DIMSTYLE
105
83
330
4
100
AcDbSymbolTableRecord
100
AcDbDimStyleTableRecord
  2
EZ_RADIUS
 70
0
 40
1.0
 41
0.25
 42
0.125
 43
3.75
 44
0.375
 45
0.0
 46
0.0
 47
0.0
 48
0.0
 49
2.5
140
0.25
141
0.0
142
0.0
143
0.03937007874
144
100.0
145
0.0
146
0.5
147
0.1
148
0.0
 69
0
 70
0
 71
0
 72
0
 73
0
 74
0
 75
0
 76
0
 77
1
 78
12
 79
3
170
0
171
3
172
0
173
0
174
0
175
0
176
0
177
0
178
0
179
2
271
2
272
2
273
2
274
3
275
0
276
0
277
2
278
46
279
1
280
0
281
0
282
0
283
0
284
8
285
0
286
0
288
1
289
3
290
0
340
4C
342
84
371
-2
372
-2
  0
DIMSTYLE
105
88
330
4
100
AcDbSymbolTableRecord
100
AcDbDimStyleTableRecord
  2
EZ_RADIUS_INSIDE
 70
0
 40
1.0
 41
0.25
 42
0.125
 43
3.75
 44
0.375
 45
0.0
 46
0.0
 47
0.0
 48
0.0
 49
2.5
140
0.25
141
0.0
142
0.0
143
0.03937007874
144
100.0
145
0.0
146
0.5
147
0.1
148
0.0
 69
0
 70
0
 71
0
 72
0
 73
0
 74
0
 75
0
 76
0
 77
0
 78
12
 79
3
170
0
171
3
172
0
173
0
174
1
175
0
176
0
177
0
178
0
179
2
271
2
272
2
273
2
274
3
275
0
276
0
277
2
278
46
279
0
280
0
281
0
282
0
283
0
284
8
285
0
286
0
288
1
289
0
290
0
340
4C
342
84
371
-2
372
-2
  0
DIMSTYLE
105
89
330
4
100
AcDbSymbolTableRecord
100
AcDbDimStyleTableRecord
  2
EZ_CURVED
 70
0
 40
1.0
 41
0.25
 42
0.125
 43
3.75
 44
0.375
 45
0.0
 46
0.0
 47
0.0
 48
0.0
 49
2.5
140
0.25
141
2.5
142
0.0
143
0.03937007874
144
100.0
145
0.0
146
0.5
147
0.1
148
0.0
 69
0
 70
0
 71
0
 72
0
 73
0
 74
0
 75
0
 76
0
 77
1
 78
12
 79
2
 90
2
170
0
171
3
172
1
173
0
174
0
175
0
176
0
177
0
178
0
179
2
271
2
272
2
273
2
274
3
275
0
276
0
277
2
278
46
279
2
280
0
281
0
282
0
283
0
284
8
285
0
286
0
288
1
289
3
290
0
340
4C
371
-2
372
-2
  0
ENDTAB
  0
TABLE
  2
BLOCK_RECORD
  5
9
330
0
100
AcDbSymbolTable
 70
5
  0
BLOCK_RECORD
  5
17
330
9
100
AcDbSymbolTableRecord
100
AcDbBlockTableRecord
  2
*Model_Space
340
1A
 70
0
280
1
281
0
  0
BLOCK_RECORD
  5
1B
330
9
100
AcDbSymbolTableRecord
100
AcDbBlockTableRecord
  2
*Paper_Space
340
1E
 70
0
280
1
281
0
  0
BLOCK_RECORD
  5
74
330
9
100
AcDbSymbolTableRecord
100
AcDbBlockTableRecord
  2
_ARCHTICK
340
0
 70
0
280
1
281
0
  0
BLOCK_RECORD
  5
78
330
9
100
AcDbSymbolTableRecord
100
AcDbBlockTableRecord
  2
_CLOSEDFILLED
340
0
 70
0
280
1
281
0
  0
BLOCK_RECORD
  5
84
330
9
100
AcDbSymbolTableRecord
100
AcDbBlockTableRecord
  2
_CLOSEDBLANK
340
0
 70
0
280
1
281
0
  0
ENDTAB
  0
ENDSEC
  0
SECTION
  2
BLOCKS
  0
BLOCK
  5
18
330
17
100
AcDbEntity
  8
0
100
AcDbBlockBegin
  2
*Model_Space
 70
0
 10
0.0
 20
0.0
 30
0.0
  3
*Model_Space
  1

  0
ENDBLK
  5
19
330
17
100
AcDbEntity
  8
0
100
AcDbBlockEnd
  0
BLOCK
  5
1C
330
1B
100
AcDbEntity
  8
0
100
AcDbBlockBegin
  2
*Paper_Space
 70
0
 10
0.0
 20
0.0
 30
0.0
  3
*Paper_Space
  1

  0
ENDBLK
  5
1D
330
1B
100
AcDbEntity
  8
0
100
AcDbBlockEnd
  0
BLOCK
  5
75
330
74
100
AcDbEntity
  8
0
100
AcDbBlockBegin
  2
_ARCHTICK
 70
0
 10
0.0
 20
0.0
 30
0.0
  3
_ARCHTICK
  1

  0
LWPOLYLINE
  5
77
330
74
100
AcDbEntity
  8
0
  6
BYBLOCK
 62
0
100
AcDbPolyline
 90
2
 70
0
 43
0.15
 10
-0.5
 20
-0.5
 10
0.5
 20
0.5
  0
ENDBLK
  5
76
330
74
100
AcDbEntity
  8
0
100
AcDbBlockEnd
  0
BLOCK
  5
79
330
78
100
AcDbEntity
  8
0
100
AcDbBlockBegin
  2
_CLOSEDFILLED
 70
0
 10
0.0
 20
0.0
 30
0.0
  3
_CLOSEDFILLED
  1

  0
SOLID
  5
7B
330
78
100
AcDbEntity
  8
0
  6
BYBLOCK
 62
0
100
AcDbTrace
 10
-1.0
 20
0.16439898372402537
 30
0.0
 11
0.0
 21
0.0
 31
0.0
 12
-1.0
 22
-0.16439898372402537
 32
0.0
 13
-1.0
 23
-0.16439898372402537
 33
0.0
  0
ENDBLK
  5
7A
330
78
100
AcDbEntity
  8
0
100
AcDbBlockEnd
  0
BLOCK
  5
85
330
84
100
AcDbEntity
  8
0
100
AcDbBlockBegin
  2
_CLOSEDBLANK
 70
0
 10
0.0
 20
0.0
 30
0.0
  3
_CLOSEDBLANK
  1

  0
LWPOLYLINE
  5
87
330
84
100
AcDbEntity
  8
0
  6
BYBLOCK
 62
0
100
AcDbPolyline
 90
3
 70
1
 10
-1.0
 20
0.16439898372402537
 10
0.0
 20
0.0
 10
-1.0
 20
-0.16439898372402537
  0
ENDBLK
  5
86
330
84
100
AcDbEntity
  8
0
100
AcDbBlockEnd
  0
ENDSEC
  0
SECTION
  2
ENTITIES
  0
LWPOLYLINE
  5
98
330
17
100
AcDbEntity
  8
A-WALL
100
AcDbPolyline
 90
4
 70
1
 10
1000.0
 20
-8400.0
 10
7200.0
 20
-8400.0
 10
7200.0
 20
0.0
 10
1000.0
 20
0.0
  0
LINE
  5
99
330
17
100
AcDbEntity
  8
A-PAVING
100
AcDbLine
 10
1200.0
 20
-8400.0
 30
0.0
 11
1200.0
 21
0.0
 31
0.0
  0
LINE
  5
9A
330
17
100
AcDbEntity
  8
A-PAVING
100
AcDbLine
 10
1400.0
 20
-8400.0
 30
0.0
 11
1400.0
 21
0.0
 31
0.0
  0
LINE
  5
9B
330
17
100
AcDbEntity
  8
A-PAVING
100
AcDbLine
 10
1600.0
 20
-8400.0
 30
0.0
 11
1600.0
 21
-150.0
 31
0.0
  0
LINE
  5
9C
330
17
100
AcDbEntity
  8
A-PAVING
100
AcDbLine
 10
1800.0
 20
-8400.0
 30
0.0
 11
1800.0
 21
-150.0
 31
0.0
  0
LINE
  5
9D
330
17
100
AcDbEntity
  8
A-PAVING
100
AcDbLine
 10
2000.0
 20
-8400.0
 30
0.0
 11
2000.0
 21
-150.0
 31
0.0
  0
LINE
  5
9E
330
17
100
AcDbEntity
  8
A-PAVING
100
AcDbLine
 10
2200.0
 20
-8400.0
 30
0.0
 11
2200.0
 21
-150.0
 31
0.0
  0
LINE
  5
9F
330
17
100
AcDbEntity
  8
A-PAVING
100
AcDbLine
 10
2400.0
 20
-8400.0
 30
0.0
 11
2400.0
 21
-150.0
 31
0.0
  0
LINE
  5
A0
330
17
100
AcDbEntity
  8
A-PAVING
100
AcDbLine
 10
2600.0
 20
-8400.0
 30
0.0
 11
2600.0
 21
-150.0
 31
0.0
  0
LINE
  5
A1
330
17
100
AcDbEntity
  8
A-PAVING
100
AcDbLine
 10
2800.0
 20
-8400.0
 30
0.0
 11
2800.0
 21
-150.0
 31
0.0
  0
LINE
  5
A2
330
17
100
AcDbEntity
  8
A-PAVING
100
AcDbLine
 10
3000.0
 20
-8400.0
 30
0.0
 11
3000.0
 21
-150.0
 31
0.0
  0
LINE
  5
A3
330
17
100
AcDbEntity
  8
A-PAVING
100
AcDbLine
 10
3200.0
 20
-8400.0
 30
0.0
 11
3200.0
 21
-150.0
 31
0.0
  0
LINE
  5
A4
330
17
100
AcDbEntity
  8
A-PAVING
100
AcDbLine
 10
3400.0
 20
-8400.0
 30
0.0
 11
3400.0
 21
-150.0
 31
0.0
  0
LINE
  5
A5
330
17
100
AcDbEntity
  8
A-PAVING
100
AcDbLine
 10
3600.0
 20
-8400.0
 30
0.0
 11
3600.0
 21
-150.0
 31
0.0
  0
LINE
  5
A6
330
17
100
AcDbEntity
  8
A-PAVING
100
AcDbLine
 10
3800.0
 20
-8400.0
 30
0.0
 11
3800.0
 21
-150.0
 31
0.0
  0
LINE
  5
A7
330
17
100
AcDbEntity
  8
A-PAVING
100
AcDbLine
 10
4000.0
 20
-8400.0
 30
0.0
 11
4000.0
 21
-150.0
 31
0.0
  0
LINE
  5
A8
330
17
100
AcDbEntity
  8
A-PAVING
100
AcDbLine
 10
4200.0
 20
-8400.0
 30
0.0
 11
4200.0
 21
-150.0
 31
0.0
  0
LINE
  5
A9
330
17
100
AcDbEntity
  8
A-PAVING
100
AcDbLine
 10
4400.0
 20
-8400.0
 30
0.0
 11
4400.0
 21
-150.0
 31
0.0
  0
LINE
  5
AA
330
17
100
AcDbEntity
  8
A-PAVING
100
AcDbLine
 10
4600.0
 20
-8400.0
 30
0.0
 11
4600.0
 21
-150.0
 31
0.0
  0
LINE
  5
AB
330
17
100
AcDbEntity
  8
A-PAVING
100
AcDbLine
 10
4800.0
 20
-8400.0
 30
0.0
 11
4800.0
 21
-150.0
 31
0.0
  0
LINE
  5
AC
330
17
100
AcDbEntity
  8
A-PAVING
100
AcDbLine
 10
5000.0
 20
-8400.0
 30
0.0
 11
5000.0
 21
-150.0
 31
0.0
  0
LINE
  5
AD
330
17
100
AcDbEntity
  8
A-PAVING
100
AcDbLine
 10
5200.0
 20
-8400.0
 30
0.0
 11
5200.0
 21
-150.0
 31
0.0
  0
LINE
  5
AE
330
17
100
AcDbEntity
  8
A-PAVING
100
AcDbLine
 10
5400.0
 20
-8400.0
 30
0.0
 11
5400.0
 21
-150.0
 31
0.0
  0
LINE
  5
AF
330
17
100
AcDbEntity
  8
A-PAVING
100
AcDbLine
 10
5600.0
 20
-8400.0
 30
0.0
 11
5600.0
 21
-150.0
 31
0.0
  0
LINE
  5
B0
330
17
100
AcDbEntity
  8
A-PAVING
100
AcDbLine
 10
5800.0
 20
-8400.0
 30
0.0
 11
5800.0
 21
-150.0
 31
0.0
  0
LINE
  5
B1
330
17
100
AcDbEntity
  8
A-PAVING
100
AcDbLine
 10
6000.0
 20
-8400.0
 30
0.0
 11
6000.0
 21
-150.0
 31
0.0
  0
LINE
  5
B2
330
17
100
AcDbEntity
  8
A-PAVING
100
AcDbLine
 10
6200.0
 20
-8400.0
 30
0.0
 11
6200.0
 21
-150.0
 31
0.0
  0
LINE
  5
B3
330
17
100
AcDbEntity
  8
A-PAVING
100
AcDbLine
 10
6400.0
 20
-8400.0
 30
0.0
 11
6400.0
 21
-150.0
 31
0.0
  0
LINE
  5
B4
330
17
100
AcDbEntity
  8
A-PAVING
100
AcDbLine
 10
6600.0
 20
-8400.0
 30
0.0
 11
6600.0
 21
0.0
 31
0.0
  0
LINE
  5
B5
330
17
100
AcDbEntity
  8
A-PAVING
100
AcDbLine
 10
6800.0
 20
-8400.0
 30
0.0
 11
6800.0
 21
0.0
 31
0.0
  0
LINE
  5
B6
330
17
100
AcDbEntity
  8
A-PAVING
100
AcDbLine
 10
7000.0
 20
-8400.0
 30
0.0
 11
7000.0
 21
0.0
 31
0.0
  0
LINE
  5
B7
330
17
100
AcDbEntity
  8
A-PAVING
100
AcDbLine
 10
1000.0
 20
-200.0
 30
0.0
 11
7200.0
 21
-200.0
 31
0.0
  0
LINE
  5
B8
330
17
100
AcDbEntity
  8
A-PAVING
100
AcDbLine
 10
1000.0
 20
-400.0
 30
0.0
 11
7200.0
 21
-400.0
 31
0.0
  0
LINE
  5
B9
330
17
100
AcDbEntity
  8
A-PAVING
100
AcDbLine
 10
1000.0
 20
-600.0
 30
0.0
 11
7200.0
 21
-600.0
 31
0.0
  0
LINE
  5
BA
330
17
100
AcDbEntity
  8
A-PAVING
100
AcDbLine
 10
1000.0
 20
-800.0
 30
0.0
 11
7200.0
 21
-800.0
 31
0.0
  0
LINE
  5
BB
330
17
100
AcDbEntity
  8
A-PAVING
100
AcDbLine
 10
1000.0
 20
-1000.0
 30
0.0
 11
7200.0
 21
-1000.0
 31
0.0
  0
LINE
  5
BC
330
17
100
AcDbEntity
  8
A-PAVING
100
AcDbLine
 10
1000.0
 20
-1200.0
 30
0.0
 11
7200.0
 21
-1200.0
 31
0.0
  0
LINE
  5
BD
330
17
100
AcDbEntity
  8
A-PAVING
100
AcDbLine
 10
1000.0
 20
-1400.0
 30
0.0
 11
7200.0
 21
-1400.0
 31
0.0
  0
LINE
  5
BE
330
17
100
AcDbEntity
  8
A-PAVING
100
AcDbLine
 10
1000.0
 20
-1600.0
 30
0.0
 11
7200.0
 21
-1600.0
 31
0.0
  0
LINE
  5
BF
330
17
100
AcDbEntity
  8
A-PAVING
100
AcDbLine
 10
1000.0
 20
-1800.0
 30
0.0
 11
7200.0
 21
-1800.0
 31
0.0
  0
LINE
  5
C0
330
17
100
AcDbEntity
  8
A-PAVING
100
AcDbLine
 10
1000.0
 20
-2000.0
 30
0.0
 11
7200.0
 21
-2000.0
 31
0.0
  0
LINE
  5
C1
330
17
100
AcDbEntity
  8
A-PAVING
100
AcDbLine
 10
1000.0
 20
-2200.0
 30
0.0
 11
7200.0
 21
-2200.0
 31
0.0
  0
LINE
  5
C2
330
17
100
AcDbEntity
  8
A-PAVING
100
AcDbLine
 10
1000.0
 20
-2400.0
 30
0.0
 11
7200.0
 21
-2400.0
 31
0.0
  0
LINE
  5
C3
330
17
100
AcDbEntity
  8
A-PAVING
100
AcDbLine
 10
1000.0
 20
-2600.0
 30
0.0
 11
7200.0
 21
-2600.0
 31
0.0
  0
LINE
  5
C4
330
17
100
AcDbEntity
  8
A-PAVING
100
AcDbLine
 10
1000.0
 20
-2800.0
 30
0.0
 11
7200.0
 21
-2800.0
 31
0.0
  0
LINE
  5
C5
330
17
100
AcDbEntity
  8
A-PAVING
100
AcDbLine
 10
1000.0
 20
-3000.0
 30
0.0
 11
7200.0
 21
-3000.0
 31
0.0
  0
LINE
  5
C6
330
17
100
AcDbEntity
  8
A-PAVING
100
AcDbLine
 10
1000.0
 20
-3200.0
 30
0.0
 11
7200.0
 21
-3200.0
 31
0.0
  0
LINE
  5
C7
330
17
100
AcDbEntity
  8
A-PAVING
100
AcDbLine
 10
1000.0
 20
-3400.0
 30
0.0
 11
7200.0
 21
-3400.0
 31
0.0
  0
LINE
  5
C8
330
17
100
AcDbEntity
  8
A-PAVING
100
AcDbLine
 10
1000.0
 20
-3600.0
 30
0.0
 11
7200.0
 21
-3600.0
 31
0.0
  0
LINE
  5
C9
330
17
100
AcDbEntity
  8
A-PAVING
100
AcDbLine
 10
1000.0
 20
-3800.0
 30
0.0
 11
7200.0
 21
-3800.0
 31
0.0
  0
LINE
  5
CA
330
17
100
AcDbEntity
  8
A-PAVING
100
AcDbLine
 10
1000.0
 20
-4000.0
 30
0.0
 11
7200.0
 21
-4000.0
 31
0.0
  0
LINE
  5
CB
330
17
100
AcDbEntity
  8
A-PAVING
100
AcDbLine
 10
1000.0
 20
-4200.0
 30
0.0
 11
7200.0
 21
-4200.0
 31
0.0
  0
LINE
  5
CC
330
17
100
AcDbEntity
  8
A-PAVING
100
AcDbLine
 10
1000.0
 20
-4400.0
 30
0.0
 11
7200.0
 21
-4400.0
 31
0.0
  0
LINE
  5
CD
330
17
100
AcDbEntity
  8
A-PAVING
100
AcDbLine
 10
1000.0
 20
-4600.0
 30
0.0
 11
7200.0
 21
-4600.0
 31
0.0
  0
LINE
  5
CE
330
17
100
AcDbEntity
  8
A-PAVING
100
AcDbLine
 10
1000.0
 20
-4800.0
 30
0.0
 11
7200.0
 21
-4800.0
 31
0.0
  0
LINE
  5
CF
330
17
100
AcDbEntity
  8
A-PAVING
100
AcDbLine
 10
1000.0
 20
-5000.0
 30
0.0
 11
7200.0
 21
-5000.0
 31
0.0
  0
LINE
  5
D0
330
17
100
AcDbEntity
  8
A-PAVING
100
AcDbLine
 10
1000.0
 20
-5200.0
 30
0.0
 11
7200.0
 21
-5200.0
 31
0.0
  0
LINE
  5
D1
330
17
100
AcDbEntity
  8
A-PAVING
100
AcDbLine
 10
1000.0
 20
-5400.0
 30
0.0
 11
7200.0
 21
-5400.0
 31
0.0
  0
LINE
  5
D2
330
17
100
AcDbEntity
  8
A-PAVING
100
AcDbLine
 10
1000.0
 20
-5600.0
 30
0.0
 11
7200.0
 21
-5600.0
 31
0.0
  0
LINE
  5
D3
330
17
100
AcDbEntity
  8
A-PAVING
100
AcDbLine
 10
1000.0
 20
-5800.0
 30
0.0
 11
7200.0
 21
-5800.0
 31
0.0
  0
LINE
  5
D4
330
17
100
AcDbEntity
  8
A-PAVING
100
AcDbLine
 10
1000.0
 20
-6000.0
 30
0.0
 11
7200.0
 21
-6000.0
 31
0.0
  0
LINE
  5
D5
330
17
100
AcDbEntity
  8
A-PAVING
100
AcDbLine
 10
1000.0
 20
-6200.0
 30
0.0
 11
7200.0
 21
-6200.0
 31
0.0
  0
LINE
  5
D6
330
17
100
AcDbEntity
  8
A-PAVING
100
AcDbLine
 10
1000.0
 20
-6400.0
 30
0.0
 11
7200.0
 21
-6400.0
 31
0.0
  0
LINE
  5
D7
330
17
100
AcDbEntity
  8
A-PAVING
100
AcDbLine
 10
1000.0
 20
-6600.0
 30
0.0
 11
7200.0
 21
-6600.0
 31
0.0
  0
LINE
  5
D8
330
17
100
AcDbEntity
  8
A-PAVING
100
AcDbLine
 10
1000.0
 20
-6800.0
 30
0.0
 11
7200.0
 21
-6800.0
 31
0.0
  0
LINE
  5
D9
330
17
100
AcDbEntity
  8
A-PAVING
100
AcDbLine
 10
1000.0
 20
-7000.0
 30
0.0
 11
7200.0
 21
-7000.0
 31
0.0
  0
LINE
  5
DA
330
17
100
AcDbEntity
  8
A-PAVING
100
AcDbLine
 10
1000.0
 20
-7200.0
 30
0.0
 11
7200.0
 21
-7200.0
 31
0.0
  0
LINE
  5
DB
330
17
100
AcDbEntity
  8
A-PAVING
100
AcDbLine
 10
1000.0
 20
-7400.0
 30
0.0
 11
7200.0
 21
-7400.0
 31
0.0
  0
LINE
  5
DC
330
17
100
AcDbEntity
  8
A-PAVING
100
AcDbLine
 10
1000.0
 20
-7600.0
 30
0.0
 11
7200.0
 21
-7600.0
 31
0.0
  0
LINE
  5
DD
330
17
100
AcDbEntity
  8
A-PAVING
100
AcDbLine
 10
1000.0
 20
-7800.0
 30
0.0
 11
7200.0
 21
-7800.0
 31
0.0
  0
LINE
  5
DE
330
17
100
AcDbEntity
  8
A-PAVING
100
AcDbLine
 10
1000.0
 20
-8000.0
 30
0.0
 11
7200.0
 21
-8000.0
 31
0.0
  0
LINE
  5
DF
330
17
100
AcDbEntity
  8
A-PAVING
100
AcDbLine
 10
1000.0
 20
-8200.0
 30
0.0
 11
7200.0
 21
-8200.0
 31
0.0
  0
HATCH
  5
E0
330
17
100
AcDbEntity
  8
A-HATCH
 62
8
100
AcDbHatch
 10
0.0
 20
0.0
 30
0.0
210
0.0
220
0.0
230
1.0
  2
SOLID
 70
1
 71
0
 91
1
 92
3
 72
0
 73
1
 93
4
 10
0.0
 20
0.0
 10
850.0
 20
0.0
 10
850.0
 20
-8250.0
 10
0.0
 20
-8250.0
 97
0
 75
0
 76
1
 98
0
  0
LWPOLYLINE
  5
E1
330
17
100
AcDbEntity
  8
A-WALL
100
AcDbPolyline
 90
4
 70
1
 10
0.0
 20
0.0
 10
850.0
 20
0.0
 10
850.0
 20
-8250.0
 10
0.0
 20
-8250.0
  0
LWPOLYLINE
  5
E2
330
17
100
AcDbEntity
  8
A-WALL
100
AcDbPolyline
 90
4
 70
1
 10
810.0
 20
-8400.0
 10
1040.0
 20
-8400.0
 10
1040.0
 20
0.0
 10
810.0
 20
0.0
  0
LINE
  5
E3
330
17
100
AcDbEntity
  8
A-WALL
  6
DASHED
100
AcDbLine
 10
850.0
 20
0.0
 30
0.0
 11
850.0
 21
-8400.0
 31
0.0
  0
LINE
  5
E4
330
17
100
AcDbEntity
  8
A-WALL
  6
DASHED
100
AcDbLine
 10
1000.0
 20
0.0
 30
0.0
 11
1000.0
 21
-8400.0
 31
0.0
  0
LWPOLYLINE
  5
E5
330
17
100
AcDbEntity
  8
A-WALL
100
AcDbPolyline
 90
4
 70
1
 10
0.0
 20
-8400.0
 10
1040.0
 20
-8400.0
 10
1040.0
 20
-8170.0
 10
0.0
 20
-8170.0
  0
TEXT
  5
E6
330
17
100
AcDbEntity
  8
A-TEXT
100
AcDbText
 10
420.0
 20
-7900.0
 30
0.0
 40
57.599999999999994
  1
RAISED PLANTER
 50
90.0
 72
1
 11
420.0
 21
-7900.0
 31
0.0
100
AcDbText
 73
1
  0
HATCH
  5
E7
330
17
100
AcDbEntity
  8
A-HATCH
 62
7
100
AcDbHatch
 10
0.0
 20
0.0
 30
0.0
210
0.0
220
0.0
230
1.0
  2
ANSI31
 70
0
 71
0
 91
1
 92
3
 72
0
 73
1
 93
4
 10
-250.0
 20
0.0
 10
1650.0
 20
0.0
 10
1650.0
 20
300.0
 10
-250.0
 20
300.0
 97
0
 75
1
 76
1
 52
0.0
 41
5.0
 77
0
 78
1
 53
45.0
 43
0.0
 44
0.0
 45
-11.2253201515
 46
11.2253201515
 79
0
 98
0
  0
LWPOLYLINE
  5
E8
330
17
100
AcDbEntity
  8
A-WALL
100
AcDbPolyline
 90
4
 70
1
 10
-250.0
 20
0.0
 10
1650.0
 20
0.0
 10
1650.0
 20
300.0
 10
-250.0
 20
300.0
  0
HATCH
  5
E9
330
17
100
AcDbEntity
  8
A-HATCH
 62
7
100
AcDbHatch
 10
0.0
 20
0.0
 30
0.0
210
0.0
220
0.0
230
1.0
  2
ANSI31
 70
0
 71
0
 91
1
 92
3
 72
0
 73
1
 93
4
 10
2750.0
 20
0.0
 10
3150.0
 20
0.0
 10
3150.0
 20
300.0
 10
2750.0
 20
300.0
 97
0
 75
1
 76
1
 52
0.0
 41
5.0
 77
0
 78
1
 53
45.0
 43
0.0
 44
0.0
 45
-11.2253201515
 46
11.2253201515
 79
0
 98
0
  0
LWPOLYLINE
  5
EA
330
17
100
AcDbEntity
  8
A-WALL
100
AcDbPolyline
 90
4
 70
1
 10
2750.0
 20
0.0
 10
3150.0
 20
0.0
 10
3150.0
 20
300.0
 10
2750.0
 20
300.0
  0
HATCH
  5
EB
330
17
100
AcDbEntity
  8
A-HATCH
 62
7
100
AcDbHatch
 10
0.0
 20
0.0
 30
0.0
210
0.0
220
0.0
230
1.0
  2
ANSI31
 70
0
 71
0
 91
1
 92
3
 72
0
 73
1
 93
4
 10
4950.0
 20
0.0
 10
5450.0
 20
0.0
 10
5450.0
 20
300.0
 10
4950.0
 20
300.0
 97
0
 75
1
 76
1
 52
0.0
 41
5.0
 77
0
 78
1
 53
45.0
 43
0.0
 44
0.0
 45
-11.2253201515
 46
11.2253201515
 79
0
 98
0
  0
LWPOLYLINE
  5
EC
330
17
100
AcDbEntity
  8
A-WALL
100
AcDbPolyline
 90
4
 70
1
 10
4950.0
 20
0.0
 10
5450.0
 20
0.0
 10
5450.0
 20
300.0
 10
4950.0
 20
300.0
  0
HATCH
  5
ED
330
17
100
AcDbEntity
  8
A-HATCH
 62
7
100
AcDbHatch
 10
0.0
 20
0.0
 30
0.0
210
0.0
220
0.0
230
1.0
  2
ANSI31
 70
0
 71
0
 91
1
 92
3
 72
0
 73
1
 93
4
 10
6350.0
 20
0.0
 10
7500.0
 20
0.0
 10
7500.0
 20
300.0
 10
6350.0
 20
300.0
 97
0
 75
1
 76
1
 52
0.0
 41
5.0
 77
0
 78
1
 53
45.0
 43
0.0
 44
0.0
 45
-11.2253201515
 46
11.2253201515
 79
0
 98
0
  0
LWPOLYLINE
  5
EE
330
17
100
AcDbEntity
  8
A-WALL
100
AcDbPolyline
 90
4
 70
1
 10
6350.0
 20
0.0
 10
7500.0
 20
0.0
 10
7500.0
 20
300.0
 10
6350.0
 20
300.0
  0
HATCH
  5
EF
330
17
100
AcDbEntity
  8
A-HATCH
 62
7
100
AcDbHatch
 10
0.0
 20
0.0
 30
0.0
210
0.0
220
0.0
230
1.0
  2
ANSI31
 70
0
 71
0
 91
1
 92
3
 72
0
 73
1
 93
4
 10
-250.0
 20
-8800.0
 10
0.0
 20
-8800.0
 10
0.0
 20
0.0
 10
-250.0
 20
0.0
 97
0
 75
1
 76
1
 52
0.0
 41
5.0
 77
0
 78
1
 53
45.0
 43
0.0
 44
0.0
 45
-11.2253201515
 46
11.2253201515
 79
0
 98
0
  0
LWPOLYLINE
  5
F0
330
17
100
AcDbEntity
  8
A-WALL
100
AcDbPolyline
 90
4
 70
1
 10
-250.0
 20
-8800.0
 10
0.0
 20
-8800.0
 10
0.0
 20
0.0
 10
-250.0
 20
0.0
  0
HATCH
  5
F1
330
17
100
AcDbEntity
  8
A-HATCH
 62
7
100
AcDbHatch
 10
0.0
 20
0.0
 30
0.0
210
0.0
220
0.0
230
1.0
  2
ANSI31
 70
0
 71
0
 91
1
 92
3
 72
0
 73
1
 93
4
 10
7200.0
 20
-5400.0
 10
7500.0
 20
-5400.0
 10
7500.0
 20
0.0
 10
7200.0
 20
0.0
 97
0
 75
1
 76
1
 52
0.0
 41
5.0
 77
0
 78
1
 53
45.0
 43
0.0
 44
0.0
 45
-11.2253201515
 46
11.2253201515
 79
0
 98
0
  0
LWPOLYLINE
  5
F2
330
17
100
AcDbEntity
  8
A-WALL
100
AcDbPolyline
 90
4
 70
1
 10
7200.0
 20
-5400.0
 10
7500.0
 20
-5400.0
 10
7500.0
 20
0.0
 10
7200.0
 20
0.0
  0
LINE
  5
F3
330
17
100
AcDbEntity
  8
A-WALL
  6
DASHED
100
AcDbLine
 10
-250.0
 20
3000.0
 30
0.0
 11
7500.0
 21
3000.0
 31
0.0
  0
LINE
  5
F4
330
17
100
AcDbEntity
  8
A-WALL
  6
DASHED
100
AcDbLine
 10
3000.0
 20
300.0
 30
0.0
 11
3000.0
 21
3000.0
 31
0.0
  0
LINE
  5
F5
330
17
100
AcDbEntity
  8
A-WALL
  6
DASHED
100
AcDbLine
 10
5200.0
 20
300.0
 30
0.0
 11
5200.0
 21
3000.0
 31
0.0
  0
TEXT
  5
F6
330
17
100
AcDbEntity
  8
A-TEXT
100
AcDbText
 10
1450.0
 20
1800.0
 30
0.0
 40
64.8
  1
HALL
 72
1
 11
1450.0
 21
1800.0
 31
0.0
100
AcDbText
 73
1
  0
TEXT
  5
F7
330
17
100
AcDbEntity
  8
A-TEXT
100
AcDbText
 10
4100.0
 20
1800.0
 30
0.0
 40
64.8
  1
STORE / WORKSHOP
 72
1
 11
4100.0
 21
1800.0
 31
0.0
100
AcDbText
 73
1
  0
TEXT
  5
F8
330
17
100
AcDbEntity
  8
A-TEXT
100
AcDbText
 10
6200.0
 20
1800.0
 30
0.0
 40
64.8
  1
UTILITY / PLANT
 72
1
 11
6200.0
 21
1800.0
 31
0.0
100
AcDbText
 73
1
  0
TEXT
  5
F9
330
17
100
AcDbEntity
  8
A-TEXT
100
AcDbText
 10
3600.0
 20
2500.0
 30
0.0
 40
57.599999999999994
  1
EXISTING ANNEX (internal layout indicative)
 72
1
 11
3600.0
 21
2500.0
 31
0.0
100
AcDbText
 73
1
  0
TEXT
  5
FA
330
17
100
AcDbEntity
  8
A-TEXT
100
AcDbText
 10
7800.0
 20
-2600.0
 30
0.0
 40
64.8
  1
EXISTING HOUSE
 50
90.0
 72
1
 11
7800.0
 21
-2600.0
 31
0.0
100
AcDbText
 73
1
  0
TEXT
  5
FB
330
17
100
AcDbEntity
  8
A-TEXT
100
AcDbText
 10
-500.0
 20
-4300.0
 30
0.0
 40
57.599999999999994
  1
EXISTING BOUNDARY WALL 250, h = 1.80 m
 50
90.0
 72
1
 11
-500.0
 21
-4300.0
 31
0.0
100
AcDbText
 73
1
  0
LWPOLYLINE
  5
FC
330
17
100
AcDbEntity
  8
A-WALL
100
AcDbPolyline
 90
4
 70
1
 10
1650.0
 20
110.0
 10
1700.0
 20
110.0
 10
1700.0
 20
190.0
 10
1650.0
 20
190.0
  0
LWPOLYLINE
  5
FD
330
17
100
AcDbEntity
  8
A-WALL
100
AcDbPolyline
 90
4
 70
1
 10
2700.0
 20
110.0
 10
2750.0
 20
110.0
 10
2750.0
 20
190.0
 10
2700.0
 20
190.0
  0
LINE
  5
FE
330
17
100
AcDbEntity
  8
A-DOOR
100
AcDbLine
 10
1700.0
 20
150.0
 30
0.0
 11
1700.0
 21
1150.0
 31
0.0
  0
LWPOLYLINE
  5
FF
330
17
100
AcDbEntity
  8
A-WALL
100
AcDbPolyline
 90
4
 70
1
 10
1700.0
 20
150.0
 10
2700.0
 20
150.0
 10
2700.0
 20
150.01
 10
1700.0
 20
150.01
  0
LWPOLYLINE
  5
100
330
17
100
AcDbEntity
  8
A-DOOR
100
AcDbPolyline
 90
19
 70
0
 10
2700.0
 20
150.0
 10
2696.1946980917455
 20
237.15574274765817
 10
2684.807753012208
 20
323.64817766693034
 10
2665.9258262890685
 20
408.81904510252076
 10
2639.6926207859083
 20
492.0201433256687
 10
2606.30778703665
 20
572.6182617406994
 10
2566.025403784439
 20
650.0
 10
2519.152044288992
 20
723.576436351046
 10
2466.044443118978
 20
792.7876096865392
 10
2407.106781186548
 20
857.1067811865474
 10
2342.7876096865393
 20
916.044443118978
 10
2273.576436351046
 20
969.1520442889918
 10
2200.0
 20
1016.0254037844386
 10
2122.6182617406994
 20
1056.30778703665
 10
2042.0201433256689
 20
1089.6926207859083
 10
1958.8190451025207
 20
1115.9258262890685
 10
1873.6481776669305
 20
1134.807753012208
 10
1787.1557427476582
 20
1146.1946980917455
 10
1700.0
 20
1150.0
  0
LWPOLYLINE
  5
101
330
17
100
AcDbEntity
  8
A-WALL
100
AcDbPolyline
 90
4
 70
1
 10
3150.0
 20
60.0
 10
3230.0
 20
60.0
 10
3230.0
 20
180.0
 10
3150.0
 20
180.0
  0
LWPOLYLINE
  5
102
330
17
100
AcDbEntity
  8
A-WALL
100
AcDbPolyline
 90
4
 70
1
 10
4870.0
 20
60.0
 10
4950.0
 20
60.0
 10
4950.0
 20
180.0
 10
4870.0
 20
180.0
  0
LINE
  5
103
330
17
100
AcDbEntity
  8
A-WALL
  6
DASHED
100
AcDbLine
 10
3230.0
 20
120.0
 30
0.0
 11
4870.0
 21
120.0
 31
0.0
  0
TEXT
  5
104
330
17
100
AcDbEntity
  8
A-TEXT
100
AcDbText
 10
4050.0
 20
420.0
 30
0.0
 40
46.8
  1
roller shutter — coil box above, inside
 72
1
 11
4050.0
 21
420.0
 31
0.0
100
AcDbText
 73
1
  0
LWPOLYLINE
  5
105
330
17
100
AcDbEntity
  8
A-WALL
100
AcDbPolyline
 90
4
 70
1
 10
5450.0
 20
0.0
 10
5480.0
 20
0.0
 10
5480.0
 20
120.0
 10
5450.0
 20
120.0
  0
LWPOLYLINE
  5
106
330
17
100
AcDbEntity
  8
A-WALL
100
AcDbPolyline
 90
4
 70
1
 10
6320.0
 20
0.0
 10
6350.0
 20
0.0
 10
6350.0
 20
120.0
 10
6320.0
 20
120.0
  0
LINE
  5
107
330
17
100
AcDbEntity
  8
A-DOOR
100
AcDbLine
 10
6317.0
 20
0.0
 30
0.0
 11
6317.0
 21
-834.0
 31
0.0
  0
LWPOLYLINE
  5
108
330
17
100
AcDbEntity
  8
A-DOOR
100
AcDbPolyline
 90
19
 70
0
 10
5483.0
 20
1.0213554304888925e-13
 10
5486.173621791484
 20
-72.68788945154672
 10
5495.670333987819
 20
-144.82258017422
 10
5511.417860874917
 20
-215.85508361550234
 10
5533.296354264552
 20
-285.24479953360765
 10
5561.139305611434
 20
-352.4636302917432
 10
5594.734813243778
 20
-417.0000000000001
 10
5633.8271950629805
 20
-478.3627479167725
 10
5678.118934438772
 20
-536.0848664785738
 10
5727.272944490419
 20
-589.7270555095806
 10
5780.9151335214265
 20
-638.8810655612276
 10
5838.637252083227
 20
-683.172804937019
 10
5900.0
 20
-722.2651867562216
 10
5964.536369708257
 20
-755.8606943885661
 10
6031.755200466392
 20
-783.7036457354476
 10
6101.144916384498
 20
-805.582139125083
 10
6172.17741982578
 20
-821.3296660121815
 10
6244.312110548453
 20
-830.8263782085157
 10
6317.0
 20
-834.0
  0
LWPOLYLINE
  5
109
330
17
100
AcDbEntity
  8
C-DRAIN
100
AcDbPolyline
 90
4
 70
1
 10
1500.0
 20
-130.0
 10
6500.0
 20
-130.0
 10
6500.0
 20
-30.0
 10
1500.0
 20
-30.0
  0
LINE
  5
10A
330
17
100
AcDbEntity
  8
C-DRAIN
100
AcDbLine
 10
1500.0
 20
-80.0
 30
0.0
 11
6500.0
 21
-80.0
 31
0.0
  0
LWPOLYLINE
  5
10B
330
17
100
AcDbEntity
  8
C-DRAIN
100
AcDbPolyline
 90
4
 70
1
 10
6450.0
 20
-2350.0
 10
6750.0
 20
-2350.0
 10
6750.0
 20
-2050.0
 10
6450.0
 20
-2050.0
  0
LINE
  5
10C
330
17
100
AcDbEntity
  8
A-WALL
100
AcDbLine
 10
6500.0
 20
-2330.0
 30
0.0
 11
6500.0
 21
-2070.0
 31
0.0
  0
LINE
  5
10D
330
17
100
AcDbEntity
  8
A-WALL
100
AcDbLine
 10
6550.0
 20
-2330.0
 30
0.0
 11
6550.0
 21
-2070.0
 31
0.0
  0
LINE
  5
10E
330
17
100
AcDbEntity
  8
A-WALL
100
AcDbLine
 10
6600.0
 20
-2330.0
 30
0.0
 11
6600.0
 21
-2070.0
 31
0.0
  0
LINE
  5
10F
330
17
100
AcDbEntity
  8
A-WALL
100
AcDbLine
 10
6650.0
 20
-2330.0
 30
0.0
 11
6650.0
 21
-2070.0
 31
0.0
  0
LINE
  5
110
330
17
100
AcDbEntity
  8
A-WALL
100
AcDbLine
 10
6700.0
 20
-2330.0
 30
0.0
 11
6700.0
 21
-2070.0
 31
0.0
  0
LWPOLYLINE
  5
111
330
17
100
AcDbEntity
  8
C-DRAIN
100
AcDbPolyline
 90
4
 70
1
 10
6450.0
 20
-6350.0
 10
6750.0
 20
-6350.0
 10
6750.0
 20
-6050.0
 10
6450.0
 20
-6050.0
  0
LINE
  5
112
330
17
100
AcDbEntity
  8
A-WALL
100
AcDbLine
 10
6500.0
 20
-6330.0
 30
0.0
 11
6500.0
 21
-6070.0
 31
0.0
  0
LINE
  5
113
330
17
100
AcDbEntity
  8
A-WALL
100
AcDbLine
 10
6550.0
 20
-6330.0
 30
0.0
 11
6550.0
 21
-6070.0
 31
0.0
  0
LINE
  5
114
330
17
100
AcDbEntity
  8
A-WALL
100
AcDbLine
 10
6600.0
 20
-6330.0
 30
0.0
 11
6600.0
 21
-6070.0
 31
0.0
  0
LINE
  5
115
330
17
100
AcDbEntity
  8
A-WALL
100
AcDbLine
 10
6650.0
 20
-6330.0
 30
0.0
 11
6650.0
 21
-6070.0
 31
0.0
  0
LINE
  5
116
330
17
100
AcDbEntity
  8
A-WALL
100
AcDbLine
 10
6700.0
 20
-6330.0
 30
0.0
 11
6700.0
 21
-6070.0
 31
0.0
  0
LWPOLYLINE
  5
117
330
17
100
AcDbEntity
  8
A-WALL
100
AcDbPolyline
 90
4
 70
1
 10
7200.0
 20
-5500.0
 10
7300.0
 20
-5500.0
 10
7300.0
 20
-5400.0
 10
7200.0
 20
-5400.0
  0
LWPOLYLINE
  5
118
330
17
100
AcDbEntity
  8
A-WALL
100
AcDbPolyline
 90
4
 70
1
 10
7200.0
 20
-6500.0
 10
7300.0
 20
-6500.0
 10
7300.0
 20
-6400.0
 10
7200.0
 20
-6400.0
  0
LWPOLYLINE
  5
119
330
17
100
AcDbEntity
  8
A-WALL
100
AcDbPolyline
 90
4
 70
1
 10
7200.0
 20
-7600.0
 10
7300.0
 20
-7600.0
 10
7300.0
 20
-7500.0
 10
7200.0
 20
-7500.0
  0
LWPOLYLINE
  5
11A
330
17
100
AcDbEntity
  8
A-WALL
100
AcDbPolyline
 90
4
 70
1
 10
7200.0
 20
-8400.0
 10
7300.0
 20
-8400.0
 10
7300.0
 20
-8300.0
 10
7200.0
 20
-8300.0
  0
LWPOLYLINE
  5
11B
330
17
100
AcDbEntity
  8
A-WALL
100
AcDbPolyline
 90
4
 70
1
 10
7230.0
 20
-6400.0
 10
7275.0
 20
-6400.0
 10
7275.0
 20
-5500.0
 10
7230.0
 20
-5500.0
  0
LWPOLYLINE
  5
11C
330
17
100
AcDbEntity
  8
A-WALL
100
AcDbPolyline
 90
4
 70
1
 10
7230.0
 20
-8300.0
 10
7275.0
 20
-8300.0
 10
7275.0
 20
-7600.0
 10
7230.0
 20
-7600.0
  0
LINE
  5
11D
330
17
100
AcDbEntity
  8
A-WALL
100
AcDbLine
 10
7250.0
 20
-6510.0
 30
0.0
 11
6270.0
 21
-6510.0
 31
0.0
  0
LWPOLYLINE
  5
11E
330
17
100
AcDbEntity
  8
A-DOOR
100
AcDbPolyline
 90
19
 70
0
 10
6270.0
 20
-6510.0
 10
6273.72919587009
 20
-6595.412627892705
 10
6284.888402048036
 20
-6680.175214113592
 10
6303.392690236713
 20
-6763.642664200471
 10
6329.101231629809
 20
-6845.179740459155
 10
6361.818368704083
 20
-6924.165896505885
 10
6401.29510429125
 20
-7000.0
 10
6447.230996596788
 20
-7072.104907624025
 10
6499.276445743401
 20
-7139.931857492808
 10
6557.035354437183
 20
-7202.964645562816
 10
6620.068142507192
 20
-7260.723554256599
 10
6687.895092375975
 20
-7312.769003403212
 10
6760.0
 20
-7358.70489570875
 10
6835.834103494115
 20
-7398.181631295917
 10
6914.820259540845
 20
-7430.898768370191
 10
6996.35733579953
 20
-7456.607309763287
 10
7079.824785886408
 20
-7475.111597951964
 10
7164.587372107295
 20
-7486.27080412991
 10
7250.0
 20
-7490.0
  0
LWPOLYLINE
  5
11F
330
17
100
AcDbEntity
  8
A-WALL
  6
DASHED
100
AcDbPolyline
 90
4
 70
1
 10
956.1087467710872
 20
-1595.9093938506094
 10
1670.2751385683778
 20
-1855.8447027781176
 10
1943.8912532289128
 20
-1104.0906061493906
 10
1229.7248614316222
 20
-844.1552972218825
  0
CIRCLE
  5
120
330
17
100
AcDbEntity
  8
A-WALL
100
AcDbCircle
 10
1400.0
 20
-650.0
 30
0.0
 40
300.0
  0
TEXT
  5
121
330
17
100
AcDbEntity
  8
A-TEXT
100
AcDbText
 10
1400.0
 20
-680.0
 30
0.0
 40
50.4
  1
OL
 72
1
 11
1400.0
 21
-680.0
 31
0.0
100
AcDbText
 73
1
  0
LWPOLYLINE
  5
122
330
17
100
AcDbEntity
  8
A-WALL
  6
DASHED
100
AcDbPolyline
 90
4
 70
1
 10
500.0
 20
-3150.0
 10
5350.0
 20
-3150.0
 10
5350.0
 20
0.0
 10
500.0
 20
0.0
  0
LWPOLYLINE
  5
123
330
17
100
AcDbEntity
  8
A-WALL
100
AcDbPolyline
 90
4
 70
1
 10
520.0
 20
-3130.0
 10
680.0
 20
-3130.0
 10
680.0
 20
-2970.0
 10
520.0
 20
-2970.0
  0
LWPOLYLINE
  5
124
330
17
100
AcDbEntity
  8
S-STEEL
100
AcDbPolyline
 90
4
 70
1
 10
540.0
 20
-3110.0
 10
660.0
 20
-3110.0
 10
660.0
 20
-2990.0
 10
540.0
 20
-2990.0
  0
LWPOLYLINE
  5
125
330
17
100
AcDbEntity
  8
A-WALL
100
AcDbPolyline
 90
4
 70
1
 10
520.0
 20
-1480.0
 10
680.0
 20
-1480.0
 10
680.0
 20
-1320.0
 10
520.0
 20
-1320.0
  0
LWPOLYLINE
  5
126
330
17
100
AcDbEntity
  8
S-STEEL
100
AcDbPolyline
 90
4
 70
1
 10
540.0
 20
-1460.0
 10
660.0
 20
-1460.0
 10
660.0
 20
-1340.0
 10
540.0
 20
-1340.0
  0
LWPOLYLINE
  5
127
330
17
100
AcDbEntity
  8
A-WALL
  6
DASHED
100
AcDbPolyline
 90
4
 70
1
 10
5140.0
 20
-3110.0
 10
5260.0
 20
-3110.0
 10
5260.0
 20
-2990.0
 10
5140.0
 20
-2990.0
  0
LINE
  5
128
330
17
100
AcDbEntity
  8
A-GRID
  6
DASHED
100
AcDbLine
 10
600.0
 20
2300.0
 30
0.0
 11
600.0
 21
-9300.0
 31
0.0
  0
LINE
  5
129
330
17
100
AcDbEntity
  8
A-GRID
  6
DASHED
100
AcDbLine
 10
5200.0
 20
2300.0
 30
0.0
 11
5200.0
 21
-9300.0
 31
0.0
  0
LINE
  5
12A
330
17
100
AcDbEntity
  8
A-GRID
  6
DASHED
100
AcDbLine
 10
-1900.0
 20
0.0
 30
0.0
 11
8300.0
 21
0.0
 31
0.0
  0
LINE
  5
12B
330
17
100
AcDbEntity
  8
A-GRID
  6
DASHED
100
AcDbLine
 10
-1900.0
 20
-1400.0
 30
0.0
 11
8300.0
 21
-1400.0
 31
0.0
  0
LINE
  5
12C
330
17
100
AcDbEntity
  8
A-GRID
  6
DASHED
100
AcDbLine
 10
-1900.0
 20
-3050.0
 30
0.0
 11
8300.0
 21
-3050.0
 31
0.0
  0
LINE
  5
12D
330
17
100
AcDbEntity
  8
A-DIMS
100
AcDbLine
 10
0.0
 20
340.0
 30
0.0
 11
0.0
 21
795.0
 31
0.0
  0
LINE
  5
12E
330
17
100
AcDbEntity
  8
A-DIMS
100
AcDbLine
 10
1650.0
 20
340.0
 30
0.0
 11
1650.0
 21
795.0
 31
0.0
  0
LINE
  5
12F
330
17
100
AcDbEntity
  8
A-DIMS
100
AcDbLine
 10
0.0
 20
750.0
 30
0.0
 11
1650.0
 21
750.0
 31
0.0
  0
TEXT
  5
130
330
17
100
AcDbEntity
  8
A-DIMS
100
AcDbText
 10
825.0
 20
750.0
 30
0.0
 40
57.599999999999994
  1
1650
 72
1
 11
825.0
 21
750.0
 31
0.0
100
AcDbText
 73
1
  0
LINE
  5
131
330
17
100
AcDbEntity
  8
A-DIMS
100
AcDbLine
 10
1650.0
 20
340.0
 30
0.0
 11
1650.0
 21
795.0
 31
0.0
  0
LINE
  5
132
330
17
100
AcDbEntity
  8
A-DIMS
100
AcDbLine
 10
2750.0
 20
340.0
 30
0.0
 11
2750.0
 21
795.0
 31
0.0
  0
LINE
  5
133
330
17
100
AcDbEntity
  8
A-DIMS
100
AcDbLine
 10
1650.0
 20
750.0
 30
0.0
 11
2750.0
 21
750.0
 31
0.0
  0
TEXT
  5
134
330
17
100
AcDbEntity
  8
A-DIMS
100
AcDbText
 10
2200.0
 20
750.0
 30
0.0
 40
57.599999999999994
  1
1100
 72
1
 11
2200.0
 21
750.0
 31
0.0
100
AcDbText
 73
1
  0
LINE
  5
135
330
17
100
AcDbEntity
  8
A-DIMS
100
AcDbLine
 10
2750.0
 20
340.0
 30
0.0
 11
2750.0
 21
795.0
 31
0.0
  0
LINE
  5
136
330
17
100
AcDbEntity
  8
A-DIMS
100
AcDbLine
 10
3150.0
 20
340.0
 30
0.0
 11
3150.0
 21
795.0
 31
0.0
  0
LINE
  5
137
330
17
100
AcDbEntity
  8
A-DIMS
100
AcDbLine
 10
2750.0
 20
750.0
 30
0.0
 11
3150.0
 21
750.0
 31
0.0
  0
TEXT
  5
138
330
17
100
AcDbEntity
  8
A-DIMS
100
AcDbText
 10
2950.0
 20
750.0
 30
0.0
 40
57.599999999999994
  1
400
 72
1
 11
2950.0
 21
750.0
 31
0.0
100
AcDbText
 73
1
  0
LINE
  5
139
330
17
100
AcDbEntity
  8
A-DIMS
100
AcDbLine
 10
3150.0
 20
340.0
 30
0.0
 11
3150.0
 21
795.0
 31
0.0
  0
LINE
  5
13A
330
17
100
AcDbEntity
  8
A-DIMS
100
AcDbLine
 10
4950.0
 20
340.0
 30
0.0
 11
4950.0
 21
795.0
 31
0.0
  0
LINE
  5
13B
330
17
100
AcDbEntity
  8
A-DIMS
100
AcDbLine
 10
3150.0
 20
750.0
 30
0.0
 11
4950.0
 21
750.0
 31
0.0
  0
TEXT
  5
13C
330
17
100
AcDbEntity
  8
A-DIMS
100
AcDbText
 10
4050.0
 20
750.0
 30
0.0
 40
57.599999999999994
  1
1800
 72
1
 11
4050.0
 21
750.0
 31
0.0
100
AcDbText
 73
1
  0
LINE
  5
13D
330
17
100
AcDbEntity
  8
A-DIMS
100
AcDbLine
 10
4950.0
 20
340.0
 30
0.0
 11
4950.0
 21
795.0
 31
0.0
  0
LINE
  5
13E
330
17
100
AcDbEntity
  8
A-DIMS
100
AcDbLine
 10
5450.0
 20
340.0
 30
0.0
 11
5450.0
 21
795.0
 31
0.0
  0
LINE
  5
13F
330
17
100
AcDbEntity
  8
A-DIMS
100
AcDbLine
 10
4950.0
 20
750.0
 30
0.0
 11
5450.0
 21
750.0
 31
0.0
  0
TEXT
  5
140
330
17
100
AcDbEntity
  8
A-DIMS
100
AcDbText
 10
5200.0
 20
750.0
 30
0.0
 40
57.599999999999994
  1
500
 72
1
 11
5200.0
 21
750.0
 31
0.0
100
AcDbText
 73
1
  0
LINE
  5
141
330
17
100
AcDbEntity
  8
A-DIMS
100
AcDbLine
 10
5450.0
 20
340.0
 30
0.0
 11
5450.0
 21
795.0
 31
0.0
  0
LINE
  5
142
330
17
100
AcDbEntity
  8
A-DIMS
100
AcDbLine
 10
6350.0
 20
340.0
 30
0.0
 11
6350.0
 21
795.0
 31
0.0
  0
LINE
  5
143
330
17
100
AcDbEntity
  8
A-DIMS
100
AcDbLine
 10
5450.0
 20
750.0
 30
0.0
 11
6350.0
 21
750.0
 31
0.0
  0
TEXT
  5
144
330
17
100
AcDbEntity
  8
A-DIMS
100
AcDbText
 10
5900.0
 20
750.0
 30
0.0
 40
57.599999999999994
  1
900
 72
1
 11
5900.0
 21
750.0
 31
0.0
100
AcDbText
 73
1
  0
LINE
  5
145
330
17
100
AcDbEntity
  8
A-DIMS
100
AcDbLine
 10
6350.0
 20
340.0
 30
0.0
 11
6350.0
 21
795.0
 31
0.0
  0
LINE
  5
146
330
17
100
AcDbEntity
  8
A-DIMS
100
AcDbLine
 10
7200.0
 20
340.0
 30
0.0
 11
7200.0
 21
795.0
 31
0.0
  0
LINE
  5
147
330
17
100
AcDbEntity
  8
A-DIMS
100
AcDbLine
 10
6350.0
 20
750.0
 30
0.0
 11
7200.0
 21
750.0
 31
0.0
  0
TEXT
  5
148
330
17
100
AcDbEntity
  8
A-DIMS
100
AcDbText
 10
6775.0
 20
750.0
 30
0.0
 40
57.599999999999994
  1
850
 72
1
 11
6775.0
 21
750.0
 31
0.0
100
AcDbText
 73
1
  0
LINE
  5
149
330
17
100
AcDbEntity
  8
A-DIMS
100
AcDbLine
 10
0.0
 20
340.0
 30
0.0
 11
0.0
 21
1045.0
 31
0.0
  0
LINE
  5
14A
330
17
100
AcDbEntity
  8
A-DIMS
100
AcDbLine
 10
7200.0
 20
340.0
 30
0.0
 11
7200.0
 21
1045.0
 31
0.0
  0
LINE
  5
14B
330
17
100
AcDbEntity
  8
A-DIMS
100
AcDbLine
 10
0.0
 20
1000.0
 30
0.0
 11
7200.0
 21
1000.0
 31
0.0
  0
TEXT
  5
14C
330
17
100
AcDbEntity
  8
A-DIMS
100
AcDbText
 10
3600.0
 20
1000.0
 30
0.0
 40
57.599999999999994
  1
7200
 72
1
 11
3600.0
 21
1000.0
 31
0.0
100
AcDbText
 73
1
  0
LINE
  5
14D
330
17
100
AcDbEntity
  8
A-DIMS
100
AcDbLine
 10
0.0
 20
-3190.0
 30
0.0
 11
0.0
 21
-3545.0
 31
0.0
  0
LINE
  5
14E
330
17
100
AcDbEntity
  8
A-DIMS
100
AcDbLine
 10
500.0
 20
-3190.0
 30
0.0
 11
500.0
 21
-3545.0
 31
0.0
  0
LINE
  5
14F
330
17
100
AcDbEntity
  8
A-DIMS
100
AcDbLine
 10
0.0
 20
-3500.0
 30
0.0
 11
500.0
 21
-3500.0
 31
0.0
  0
TEXT
  5
150
330
17
100
AcDbEntity
  8
A-DIMS
100
AcDbText
 10
250.0
 20
-3500.0
 30
0.0
 40
54.0
  1
500
 72
1
 11
250.0
 21
-3500.0
 31
0.0
100
AcDbText
 73
1
  0
LINE
  5
151
330
17
100
AcDbEntity
  8
A-DIMS
100
AcDbLine
 10
500.0
 20
-3190.0
 30
0.0
 11
500.0
 21
-3545.0
 31
0.0
  0
LINE
  5
152
330
17
100
AcDbEntity
  8
A-DIMS
100
AcDbLine
 10
5200.0
 20
-3190.0
 30
0.0
 11
5200.0
 21
-3545.0
 31
0.0
  0
LINE
  5
153
330
17
100
AcDbEntity
  8
A-DIMS
100
AcDbLine
 10
500.0
 20
-3500.0
 30
0.0
 11
5200.0
 21
-3500.0
 31
0.0
  0
TEXT
  5
154
330
17
100
AcDbEntity
  8
A-DIMS
100
AcDbText
 10
2850.0
 20
-3500.0
 30
0.0
 40
54.0
  1
4700
 72
1
 11
2850.0
 21
-3500.0
 31
0.0
100
AcDbText
 73
1
  0
LINE
  5
155
330
17
100
AcDbEntity
  8
A-DIMS
100
AcDbLine
 10
5200.0
 20
-3190.0
 30
0.0
 11
5200.0
 21
-3545.0
 31
0.0
  0
LINE
  5
156
330
17
100
AcDbEntity
  8
A-DIMS
100
AcDbLine
 10
5350.0
 20
-3190.0
 30
0.0
 11
5350.0
 21
-3545.0
 31
0.0
  0
LINE
  5
157
330
17
100
AcDbEntity
  8
A-DIMS
100
AcDbLine
 10
5200.0
 20
-3500.0
 30
0.0
 11
5350.0
 21
-3500.0
 31
0.0
  0
TEXT
  5
158
330
17
100
AcDbEntity
  8
A-DIMS
100
AcDbText
 10
5275.0
 20
-3500.0
 30
0.0
 40
54.0
  1
150
 72
1
 11
5275.0
 21
-3500.0
 31
0.0
100
AcDbText
 73
1
  0
LINE
  5
159
330
17
100
AcDbEntity
  8
A-DIMS
100
AcDbLine
 10
5350.0
 20
-3190.0
 30
0.0
 11
5350.0
 21
-3545.0
 31
0.0
  0
LINE
  5
15A
330
17
100
AcDbEntity
  8
A-DIMS
100
AcDbLine
 10
7200.0
 20
-3190.0
 30
0.0
 11
7200.0
 21
-3545.0
 31
0.0
  0
LINE
  5
15B
330
17
100
AcDbEntity
  8
A-DIMS
100
AcDbLine
 10
5350.0
 20
-3500.0
 30
0.0
 11
7200.0
 21
-3500.0
 31
0.0
  0
TEXT
  5
15C
330
17
100
AcDbEntity
  8
A-DIMS
100
AcDbText
 10
6275.0
 20
-3500.0
 30
0.0
 40
54.0
  1
1850
 72
1
 11
6275.0
 21
-3500.0
 31
0.0
100
AcDbText
 73
1
  0
LINE
  5
15D
330
17
100
AcDbEntity
  8
A-DIMS
100
AcDbLine
 10
0.0
 20
340.0
 30
0.0
 11
0.0
 21
1095.0
 31
0.0
  0
LINE
  5
15E
330
17
100
AcDbEntity
  8
A-DIMS
100
AcDbLine
 10
600.0
 20
340.0
 30
0.0
 11
600.0
 21
1095.0
 31
0.0
  0
LINE
  5
15F
330
17
100
AcDbEntity
  8
A-DIMS
100
AcDbLine
 10
0.0
 20
1050.0
 30
0.0
 11
600.0
 21
1050.0
 31
0.0
  0
TEXT
  5
160
330
17
100
AcDbEntity
  8
A-DIMS
100
AcDbText
 10
300.0
 20
1050.0
 30
0.0
 40
57.599999999999994
  1
600
 72
1
 11
300.0
 21
1050.0
 31
0.0
100
AcDbText
 73
1
  0
LINE
  5
161
330
17
100
AcDbEntity
  8
A-DIMS
100
AcDbLine
 10
600.0
 20
340.0
 30
0.0
 11
600.0
 21
1095.0
 31
0.0
  0
LINE
  5
162
330
17
100
AcDbEntity
  8
A-DIMS
100
AcDbLine
 10
5200.0
 20
340.0
 30
0.0
 11
5200.0
 21
1095.0
 31
0.0
  0
LINE
  5
163
330
17
100
AcDbEntity
  8
A-DIMS
100
AcDbLine
 10
600.0
 20
1050.0
 30
0.0
 11
5200.0
 21
1050.0
 31
0.0
  0
TEXT
  5
164
330
17
100
AcDbEntity
  8
A-DIMS
100
AcDbText
 10
2900.0
 20
1050.0
 30
0.0
 40
57.599999999999994
  1
4600
 72
1
 11
2900.0
 21
1050.0
 31
0.0
100
AcDbText
 73
1
  0
LINE
  5
165
330
17
100
AcDbEntity
  8
A-DIMS
100
AcDbLine
 10
5200.0
 20
340.0
 30
0.0
 11
5200.0
 21
1095.0
 31
0.0
  0
LINE
  5
166
330
17
100
AcDbEntity
  8
A-DIMS
100
AcDbLine
 10
7200.0
 20
340.0
 30
0.0
 11
7200.0
 21
1095.0
 31
0.0
  0
LINE
  5
167
330
17
100
AcDbEntity
  8
A-DIMS
100
AcDbLine
 10
5200.0
 20
1050.0
 30
0.0
 11
7200.0
 21
1050.0
 31
0.0
  0
TEXT
  5
168
330
17
100
AcDbEntity
  8
A-DIMS
100
AcDbText
 10
6200.0
 20
1050.0
 30
0.0
 40
57.599999999999994
  1
2000
 72
1
 11
6200.0
 21
1050.0
 31
0.0
100
AcDbText
 73
1
  0
LINE
  5
169
330
17
100
AcDbEntity
  8
A-DIMS
100
AcDbLine
 10
-250.0
 20
-8440.0
 30
0.0
 11
-250.0
 21
-9145.0
 31
0.0
  0
LINE
  5
16A
330
17
100
AcDbEntity
  8
A-DIMS
100
AcDbLine
 10
0.0
 20
-8440.0
 30
0.0
 11
0.0
 21
-9145.0
 31
0.0
  0
LINE
  5
16B
330
17
100
AcDbEntity
  8
A-DIMS
100
AcDbLine
 10
-250.0
 20
-9100.0
 30
0.0
 11
0.0
 21
-9100.0
 31
0.0
  0
TEXT
  5
16C
330
17
100
AcDbEntity
  8
A-DIMS
100
AcDbText
 10
-125.0
 20
-9100.0
 30
0.0
 40
57.599999999999994
  1
250
 72
1
 11
-125.0
 21
-9100.0
 31
0.0
100
AcDbText
 73
1
  0
LINE
  5
16D
330
17
100
AcDbEntity
  8
A-DIMS
100
AcDbLine
 10
0.0
 20
-8440.0
 30
0.0
 11
0.0
 21
-9145.0
 31
0.0
  0
LINE
  5
16E
330
17
100
AcDbEntity
  8
A-DIMS
100
AcDbLine
 10
850.0
 20
-8440.0
 30
0.0
 11
850.0
 21
-9145.0
 31
0.0
  0
LINE
  5
16F
330
17
100
AcDbEntity
  8
A-DIMS
100
AcDbLine
 10
0.0
 20
-9100.0
 30
0.0
 11
850.0
 21
-9100.0
 31
0.0
  0
TEXT
  5
170
330
17
100
AcDbEntity
  8
A-DIMS
100
AcDbText
 10
425.0
 20
-9100.0
 30
0.0
 40
57.599999999999994
  1
850
 72
1
 11
425.0
 21
-9100.0
 31
0.0
100
AcDbText
 73
1
  0
LINE
  5
171
330
17
100
AcDbEntity
  8
A-DIMS
100
AcDbLine
 10
850.0
 20
-8440.0
 30
0.0
 11
850.0
 21
-9145.0
 31
0.0
  0
LINE
  5
172
330
17
100
AcDbEntity
  8
A-DIMS
100
AcDbLine
 10
1000.0
 20
-8440.0
 30
0.0
 11
1000.0
 21
-9145.0
 31
0.0
  0
LINE
  5
173
330
17
100
AcDbEntity
  8
A-DIMS
100
AcDbLine
 10
850.0
 20
-9100.0
 30
0.0
 11
1000.0
 21
-9100.0
 31
0.0
  0
TEXT
  5
174
330
17
100
AcDbEntity
  8
A-DIMS
100
AcDbText
 10
925.0
 20
-9100.0
 30
0.0
 40
57.599999999999994
  1
150
 72
1
 11
925.0
 21
-9100.0
 31
0.0
100
AcDbText
 73
1
  0
LINE
  5
175
330
17
100
AcDbEntity
  8
A-DIMS
100
AcDbLine
 10
1000.0
 20
-8440.0
 30
0.0
 11
1000.0
 21
-9145.0
 31
0.0
  0
LINE
  5
176
330
17
100
AcDbEntity
  8
A-DIMS
100
AcDbLine
 10
6600.0
 20
-8440.0
 30
0.0
 11
6600.0
 21
-9145.0
 31
0.0
  0
LINE
  5
177
330
17
100
AcDbEntity
  8
A-DIMS
100
AcDbLine
 10
1000.0
 20
-9100.0
 30
0.0
 11
6600.0
 21
-9100.0
 31
0.0
  0
TEXT
  5
178
330
17
100
AcDbEntity
  8
A-DIMS
100
AcDbText
 10
3800.0
 20
-9100.0
 30
0.0
 40
57.599999999999994
  1
5600
 72
1
 11
3800.0
 21
-9100.0
 31
0.0
100
AcDbText
 73
1
  0
LINE
  5
179
330
17
100
AcDbEntity
  8
A-DIMS
100
AcDbLine
 10
6600.0
 20
-8440.0
 30
0.0
 11
6600.0
 21
-9145.0
 31
0.0
  0
LINE
  5
17A
330
17
100
AcDbEntity
  8
A-DIMS
100
AcDbLine
 10
7200.0
 20
-8440.0
 30
0.0
 11
7200.0
 21
-9145.0
 31
0.0
  0
LINE
  5
17B
330
17
100
AcDbEntity
  8
A-DIMS
100
AcDbLine
 10
6600.0
 20
-9100.0
 30
0.0
 11
7200.0
 21
-9100.0
 31
0.0
  0
TEXT
  5
17C
330
17
100
AcDbEntity
  8
A-DIMS
100
AcDbText
 10
6900.0
 20
-9100.0
 30
0.0
 40
57.599999999999994
  1
600
 72
1
 11
6900.0
 21
-9100.0
 31
0.0
100
AcDbText
 73
1
  0
LINE
  5
17D
330
17
100
AcDbEntity
  8
A-DIMS
100
AcDbLine
 10
7200.0
 20
-8440.0
 30
0.0
 11
7200.0
 21
-9145.0
 31
0.0
  0
LINE
  5
17E
330
17
100
AcDbEntity
  8
A-DIMS
100
AcDbLine
 10
7500.0
 20
-8440.0
 30
0.0
 11
7500.0
 21
-9145.0
 31
0.0
  0
LINE
  5
17F
330
17
100
AcDbEntity
  8
A-DIMS
100
AcDbLine
 10
7200.0
 20
-9100.0
 30
0.0
 11
7500.0
 21
-9100.0
 31
0.0
  0
TEXT
  5
180
330
17
100
AcDbEntity
  8
A-DIMS
100
AcDbText
 10
7350.0
 20
-9100.0
 30
0.0
 40
57.599999999999994
  1
300
 72
1
 11
7350.0
 21
-9100.0
 31
0.0
100
AcDbText
 73
1
  0
LINE
  5
181
330
17
100
AcDbEntity
  8
A-DIMS
100
AcDbLine
 10
-250.0
 20
-8440.0
 30
0.0
 11
-250.0
 21
-9395.0
 31
0.0
  0
LINE
  5
182
330
17
100
AcDbEntity
  8
A-DIMS
100
AcDbLine
 10
7500.0
 20
-8440.0
 30
0.0
 11
7500.0
 21
-9395.0
 31
0.0
  0
LINE
  5
183
330
17
100
AcDbEntity
  8
A-DIMS
100
AcDbLine
 10
-250.0
 20
-9350.0
 30
0.0
 11
7500.0
 21
-9350.0
 31
0.0
  0
TEXT
  5
184
330
17
100
AcDbEntity
  8
A-DIMS
100
AcDbText
 10
3625.0
 20
-9350.0
 30
0.0
 40
57.599999999999994
  1
7750
 72
1
 11
3625.0
 21
-9350.0
 31
0.0
100
AcDbText
 73
1
  0
LINE
  5
185
330
17
100
AcDbEntity
  8
A-DIMS
100
AcDbLine
 10
-290.0
 20
0.0
 30
0.0
 11
-945.0
 21
0.0
 31
0.0
  0
LINE
  5
186
330
17
100
AcDbEntity
  8
A-DIMS
100
AcDbLine
 10
-290.0
 20
-1400.0
 30
0.0
 11
-945.0
 21
-1400.0
 31
0.0
  0
LINE
  5
187
330
17
100
AcDbEntity
  8
A-DIMS
100
AcDbLine
 10
-900.0
 20
0.0
 30
0.0
 11
-900.0
 21
-1400.0
 31
0.0
  0
TEXT
  5
188
330
17
100
AcDbEntity
  8
A-DIMS
100
AcDbText
 10
-900.0
 20
-700.0
 30
0.0
 40
57.599999999999994
  1
1400
 50
90.0
 72
1
 11
-900.0
 21
-700.0
 31
0.0
100
AcDbText
 73
1
  0
LINE
  5
189
330
17
100
AcDbEntity
  8
A-DIMS
100
AcDbLine
 10
-290.0
 20
-1400.0
 30
0.0
 11
-945.0
 21
-1400.0
 31
0.0
  0
LINE
  5
18A
330
17
100
AcDbEntity
  8
A-DIMS
100
AcDbLine
 10
-290.0
 20
-3050.0
 30
0.0
 11
-945.0
 21
-3050.0
 31
0.0
  0
LINE
  5
18B
330
17
100
AcDbEntity
  8
A-DIMS
100
AcDbLine
 10
-900.0
 20
-1400.0
 30
0.0
 11
-900.0
 21
-3050.0
 31
0.0
  0
TEXT
  5
18C
330
17
100
AcDbEntity
  8
A-DIMS
100
AcDbText
 10
-900.0
 20
-2225.0
 30
0.0
 40
57.599999999999994
  1
1650
 50
90.0
 72
1
 11
-900.0
 21
-2225.0
 31
0.0
100
AcDbText
 73
1
  0
LINE
  5
18D
330
17
100
AcDbEntity
  8
A-DIMS
100
AcDbLine
 10
-290.0
 20
-3050.0
 30
0.0
 11
-945.0
 21
-3050.0
 31
0.0
  0
LINE
  5
18E
330
17
100
AcDbEntity
  8
A-DIMS
100
AcDbLine
 10
-290.0
 20
-3150.0
 30
0.0
 11
-945.0
 21
-3150.0
 31
0.0
  0
LINE
  5
18F
330
17
100
AcDbEntity
  8
A-DIMS
100
AcDbLine
 10
-900.0
 20
-3050.0
 30
0.0
 11
-900.0
 21
-3150.0
 31
0.0
  0
TEXT
  5
190
330
17
100
AcDbEntity
  8
A-DIMS
100
AcDbText
 10
-900.0
 20
-3100.0
 30
0.0
 40
57.599999999999994
  1
100
 50
90.0
 72
1
 11
-900.0
 21
-3100.0
 31
0.0
100
AcDbText
 73
1
  0
LINE
  5
191
330
17
100
AcDbEntity
  8
A-DIMS
100
AcDbLine
 10
-290.0
 20
-3150.0
 30
0.0
 11
-945.0
 21
-3150.0
 31
0.0
  0
LINE
  5
192
330
17
100
AcDbEntity
  8
A-DIMS
100
AcDbLine
 10
-290.0
 20
-8400.0
 30
0.0
 11
-945.0
 21
-8400.0
 31
0.0
  0
LINE
  5
193
330
17
100
AcDbEntity
  8
A-DIMS
100
AcDbLine
 10
-900.0
 20
-3150.0
 30
0.0
 11
-900.0
 21
-8400.0
 31
0.0
  0
TEXT
  5
194
330
17
100
AcDbEntity
  8
A-DIMS
100
AcDbText
 10
-900.0
 20
-5775.0
 30
0.0
 40
57.599999999999994
  1
5250
 50
90.0
 72
1
 11
-900.0
 21
-5775.0
 31
0.0
100
AcDbText
 73
1
  0
LINE
  5
195
330
17
100
AcDbEntity
  8
A-DIMS
100
AcDbLine
 10
-290.0
 20
0.0
 30
0.0
 11
-1195.0
 21
0.0
 31
0.0
  0
LINE
  5
196
330
17
100
AcDbEntity
  8
A-DIMS
100
AcDbLine
 10
-290.0
 20
-8400.0
 30
0.0
 11
-1195.0
 21
-8400.0
 31
0.0
  0
LINE
  5
197
330
17
100
AcDbEntity
  8
A-DIMS
100
AcDbLine
 10
-1150.0
 20
0.0
 30
0.0
 11
-1150.0
 21
-8400.0
 31
0.0
  0
TEXT
  5
198
330
17
100
AcDbEntity
  8
A-DIMS
100
AcDbText
 10
-1150.0
 20
-4200.0
 30
0.0
 40
57.599999999999994
  1
8400
 50
90.0
 72
1
 11
-1150.0
 21
-4200.0
 31
0.0
100
AcDbText
 73
1
  0
LINE
  5
199
330
17
100
AcDbEntity
  8
A-DIMS
100
AcDbLine
 10
7540.0
 20
0.0
 30
0.0
 11
8095.0
 21
0.0
 31
0.0
  0
LINE
  5
19A
330
17
100
AcDbEntity
  8
A-DIMS
100
AcDbLine
 10
7540.0
 20
-2200.0
 30
0.0
 11
8095.0
 21
-2200.0
 31
0.0
  0
LINE
  5
19B
330
17
100
AcDbEntity
  8
A-DIMS
100
AcDbLine
 10
8050.0
 20
0.0
 30
0.0
 11
8050.0
 21
-2200.0
 31
0.0
  0
TEXT
  5
19C
330
17
100
AcDbEntity
  8
A-DIMS
100
AcDbText
 10
8050.0
 20
-1100.0
 30
0.0
 40
57.599999999999994
  1
2200
 50
90.0
 72
1
 11
8050.0
 21
-1100.0
 31
0.0
100
AcDbText
 73
1
  0
LINE
  5
19D
330
17
100
AcDbEntity
  8
A-DIMS
100
AcDbLine
 10
7540.0
 20
-2200.0
 30
0.0
 11
8095.0
 21
-2200.0
 31
0.0
  0
LINE
  5
19E
330
17
100
AcDbEntity
  8
A-DIMS
100
AcDbLine
 10
7540.0
 20
-5400.0
 30
0.0
 11
8095.0
 21
-5400.0
 31
0.0
  0
LINE
  5
19F
330
17
100
AcDbEntity
  8
A-DIMS
100
AcDbLine
 10
8050.0
 20
-2200.0
 30
0.0
 11
8050.0
 21
-5400.0
 31
0.0
  0
TEXT
  5
1A0
330
17
100
AcDbEntity
  8
A-DIMS
100
AcDbText
 10
8050.0
 20
-3800.0
 30
0.0
 40
57.599999999999994
  1
3200
 50
90.0
 72
1
 11
8050.0
 21
-3800.0
 31
0.0
100
AcDbText
 73
1
  0
LINE
  5
1A1
330
17
100
AcDbEntity
  8
A-DIMS
100
AcDbLine
 10
7540.0
 20
-5400.0
 30
0.0
 11
8095.0
 21
-5400.0
 31
0.0
  0
LINE
  5
1A2
330
17
100
AcDbEntity
  8
A-DIMS
100
AcDbLine
 10
7540.0
 20
-6500.0
 30
0.0
 11
8095.0
 21
-6500.0
 31
0.0
  0
LINE
  5
1A3
330
17
100
AcDbEntity
  8
A-DIMS
100
AcDbLine
 10
8050.0
 20
-5400.0
 30
0.0
 11
8050.0
 21
-6500.0
 31
0.0
  0
TEXT
  5
1A4
330
17
100
AcDbEntity
  8
A-DIMS
100
AcDbText
 10
8050.0
 20
-5950.0
 30
0.0
 40
57.599999999999994
  1
1100
 50
90.0
 72
1
 11
8050.0
 21
-5950.0
 31
0.0
100
AcDbText
 73
1
  0
LINE
  5
1A5
330
17
100
AcDbEntity
  8
A-DIMS
100
AcDbLine
 10
7540.0
 20
-6500.0
 30
0.0
 11
8095.0
 21
-6500.0
 31
0.0
  0
LINE
  5
1A6
330
17
100
AcDbEntity
  8
A-DIMS
100
AcDbLine
 10
7540.0
 20
-7500.0
 30
0.0
 11
8095.0
 21
-7500.0
 31
0.0
  0
LINE
  5
1A7
330
17
100
AcDbEntity
  8
A-DIMS
100
AcDbLine
 10
8050.0
 20
-6500.0
 30
0.0
 11
8050.0
 21
-7500.0
 31
0.0
  0
TEXT
  5
1A8
330
17
100
AcDbEntity
  8
A-DIMS
100
AcDbText
 10
8050.0
 20
-7000.0
 30
0.0
 40
57.599999999999994
  1
1000
 50
90.0
 72
1
 11
8050.0
 21
-7000.0
 31
0.0
100
AcDbText
 73
1
  0
LINE
  5
1A9
330
17
100
AcDbEntity
  8
A-DIMS
100
AcDbLine
 10
7540.0
 20
-7500.0
 30
0.0
 11
8095.0
 21
-7500.0
 31
0.0
  0
LINE
  5
1AA
330
17
100
AcDbEntity
  8
A-DIMS
100
AcDbLine
 10
7540.0
 20
-8400.0
 30
0.0
 11
8095.0
 21
-8400.0
 31
0.0
  0
LINE
  5
1AB
330
17
100
AcDbEntity
  8
A-DIMS
100
AcDbLine
 10
8050.0
 20
-7500.0
 30
0.0
 11
8050.0
 21
-8400.0
 31
0.0
  0
TEXT
  5
1AC
330
17
100
AcDbEntity
  8
A-DIMS
100
AcDbText
 10
8050.0
 20
-7950.0
 30
0.0
 40
57.599999999999994
  1
900
 50
90.0
 72
1
 11
8050.0
 21
-7950.0
 31
0.0
100
AcDbText
 73
1
  0
LINE
  5
1AD
330
17
100
AcDbEntity
  8
A-DIMS
100
AcDbLine
 10
7540.0
 20
0.0
 30
0.0
 11
8345.0
 21
0.0
 31
0.0
  0
LINE
  5
1AE
330
17
100
AcDbEntity
  8
A-DIMS
100
AcDbLine
 10
7540.0
 20
-8400.0
 30
0.0
 11
8345.0
 21
-8400.0
 31
0.0
  0
LINE
  5
1AF
330
17
100
AcDbEntity
  8
A-DIMS
100
AcDbLine
 10
8300.0
 20
0.0
 30
0.0
 11
8300.0
 21
-8400.0
 31
0.0
  0
TEXT
  5
1B0
330
17
100
AcDbEntity
  8
A-DIMS
100
AcDbText
 10
8300.0
 20
-4200.0
 30
0.0
 40
57.599999999999994
  1
8400
 50
90.0
 72
1
 11
8300.0
 21
-4200.0
 31
0.0
100
AcDbText
 73
1
  0
LWPOLYLINE
  5
1B1
330
17
100
AcDbEntity
  8
A-PAVING
100
AcDbPolyline
 90
4
 70
1
 10
21000.0
 20
-200.0
 10
21200.0
 20
-200.0
 10
21200.0
 20
0.0
 10
21000.0
 20
0.0
  0
LWPOLYLINE
  5
1B2
330
17
100
AcDbEntity
  8
A-PAVING
100
AcDbPolyline
 90
4
 70
1
 10
21200.0
 20
-200.0
 10
21400.0
 20
-200.0
 10
21400.0
 20
0.0
 10
21200.0
 20
0.0
  0
LWPOLYLINE
  5
1B3
330
17
100
AcDbEntity
  8
A-PAVING
100
AcDbPolyline
 90
4
 70
1
 10
21400.0
 20
-200.0
 10
21600.0
 20
-200.0
 10
21600.0
 20
0.0
 10
21400.0
 20
0.0
  0
LWPOLYLINE
  5
1B4
330
17
100
AcDbEntity
  8
A-PAVING
100
AcDbPolyline
 90
4
 70
1
 10
21600.0
 20
-200.0
 10
21800.0
 20
-200.0
 10
21800.0
 20
0.0
 10
21600.0
 20
0.0
  0
LWPOLYLINE
  5
1B5
330
17
100
AcDbEntity
  8
A-PAVING
100
AcDbPolyline
 90
4
 70
1
 10
21800.0
 20
-200.0
 10
22000.0
 20
-200.0
 10
22000.0
 20
0.0
 10
21800.0
 20
0.0
  0
LWPOLYLINE
  5
1B6
330
17
100
AcDbEntity
  8
A-PAVING
100
AcDbPolyline
 90
4
 70
1
 10
22000.0
 20
-200.0
 10
22200.0
 20
-200.0
 10
22200.0
 20
0.0
 10
22000.0
 20
0.0
  0
LWPOLYLINE
  5
1B7
330
17
100
AcDbEntity
  8
A-PAVING
100
AcDbPolyline
 90
4
 70
1
 10
22200.0
 20
-200.0
 10
22400.0
 20
-200.0
 10
22400.0
 20
0.0
 10
22200.0
 20
0.0
  0
LWPOLYLINE
  5
1B8
330
17
100
AcDbEntity
  8
A-PAVING
100
AcDbPolyline
 90
4
 70
1
 10
22400.0
 20
-200.0
 10
22600.0
 20
-200.0
 10
22600.0
 20
0.0
 10
22400.0
 20
0.0
  0
LWPOLYLINE
  5
1B9
330
17
100
AcDbEntity
  8
A-PAVING
100
AcDbPolyline
 90
4
 70
1
 10
22600.0
 20
-200.0
 10
22800.0
 20
-200.0
 10
22800.0
 20
0.0
 10
22600.0
 20
0.0
  0
LWPOLYLINE
  5
1BA
330
17
100
AcDbEntity
  8
A-PAVING
100
AcDbPolyline
 90
4
 70
1
 10
22800.0
 20
-200.0
 10
23000.0
 20
-200.0
 10
23000.0
 20
0.0
 10
22800.0
 20
0.0
  0
LWPOLYLINE
  5
1BB
330
17
100
AcDbEntity
  8
A-PAVING
100
AcDbPolyline
 90
4
 70
1
 10
23000.0
 20
-200.0
 10
23200.0
 20
-200.0
 10
23200.0
 20
0.0
 10
23000.0
 20
0.0
  0
LWPOLYLINE
  5
1BC
330
17
100
AcDbEntity
  8
A-PAVING
100
AcDbPolyline
 90
4
 70
1
 10
23200.0
 20
-200.0
 10
23400.0
 20
-200.0
 10
23400.0
 20
0.0
 10
23200.0
 20
0.0
  0
LWPOLYLINE
  5
1BD
330
17
100
AcDbEntity
  8
A-PAVING
100
AcDbPolyline
 90
4
 70
1
 10
23400.0
 20
-200.0
 10
23600.0
 20
-200.0
 10
23600.0
 20
0.0
 10
23400.0
 20
0.0
  0
LWPOLYLINE
  5
1BE
330
17
100
AcDbEntity
  8
A-PAVING
100
AcDbPolyline
 90
4
 70
1
 10
23600.0
 20
-200.0
 10
23800.0
 20
-200.0
 10
23800.0
 20
0.0
 10
23600.0
 20
0.0
  0
LWPOLYLINE
  5
1BF
330
17
100
AcDbEntity
  8
A-PAVING
100
AcDbPolyline
 90
4
 70
1
 10
23800.0
 20
-200.0
 10
24000.0
 20
-200.0
 10
24000.0
 20
0.0
 10
23800.0
 20
0.0
  0
LWPOLYLINE
  5
1C0
330
17
100
AcDbEntity
  8
A-PAVING
100
AcDbPolyline
 90
4
 70
1
 10
24000.0
 20
-200.0
 10
24200.0
 20
-200.0
 10
24200.0
 20
0.0
 10
24000.0
 20
0.0
  0
LWPOLYLINE
  5
1C1
330
17
100
AcDbEntity
  8
A-PAVING
100
AcDbPolyline
 90
4
 70
1
 10
24200.0
 20
-200.0
 10
24400.0
 20
-200.0
 10
24400.0
 20
0.0
 10
24200.0
 20
0.0
  0
LWPOLYLINE
  5
1C2
330
17
100
AcDbEntity
  8
A-PAVING
100
AcDbPolyline
 90
4
 70
1
 10
24400.0
 20
-200.0
 10
24600.0
 20
-200.0
 10
24600.0
 20
0.0
 10
24400.0
 20
0.0
  0
LWPOLYLINE
  5
1C3
330
17
100
AcDbEntity
  8
A-PAVING
100
AcDbPolyline
 90
4
 70
1
 10
24600.0
 20
-200.0
 10
24800.0
 20
-200.0
 10
24800.0
 20
0.0
 10
24600.0
 20
0.0
  0
LWPOLYLINE
  5
1C4
330
17
100
AcDbEntity
  8
A-PAVING
100
AcDbPolyline
 90
4
 70
1
 10
24800.0
 20
-200.0
 10
25000.0
 20
-200.0
 10
25000.0
 20
0.0
 10
24800.0
 20
0.0
  0
LWPOLYLINE
  5
1C5
330
17
100
AcDbEntity
  8
A-PAVING
100
AcDbPolyline
 90
4
 70
1
 10
25000.0
 20
-200.0
 10
25200.0
 20
-200.0
 10
25200.0
 20
0.0
 10
25000.0
 20
0.0
  0
LWPOLYLINE
  5
1C6
330
17
100
AcDbEntity
  8
A-PAVING
100
AcDbPolyline
 90
4
 70
1
 10
25200.0
 20
-200.0
 10
25400.0
 20
-200.0
 10
25400.0
 20
0.0
 10
25200.0
 20
0.0
  0
LWPOLYLINE
  5
1C7
330
17
100
AcDbEntity
  8
A-PAVING
100
AcDbPolyline
 90
4
 70
1
 10
25400.0
 20
-200.0
 10
25600.0
 20
-200.0
 10
25600.0
 20
0.0
 10
25400.0
 20
0.0
  0
LWPOLYLINE
  5
1C8
330
17
100
AcDbEntity
  8
A-PAVING
100
AcDbPolyline
 90
4
 70
1
 10
25600.0
 20
-200.0
 10
25800.0
 20
-200.0
 10
25800.0
 20
0.0
 10
25600.0
 20
0.0
  0
LWPOLYLINE
  5
1C9
330
17
100
AcDbEntity
  8
A-PAVING
100
AcDbPolyline
 90
4
 70
1
 10
25800.0
 20
-200.0
 10
26000.0
 20
-200.0
 10
26000.0
 20
0.0
 10
25800.0
 20
0.0
  0
LWPOLYLINE
  5
1CA
330
17
100
AcDbEntity
  8
A-PAVING
100
AcDbPolyline
 90
4
 70
1
 10
26000.0
 20
-200.0
 10
26200.0
 20
-200.0
 10
26200.0
 20
0.0
 10
26000.0
 20
0.0
  0
LWPOLYLINE
  5
1CB
330
17
100
AcDbEntity
  8
A-PAVING
100
AcDbPolyline
 90
4
 70
1
 10
26200.0
 20
-200.0
 10
26400.0
 20
-200.0
 10
26400.0
 20
0.0
 10
26200.0
 20
0.0
  0
LWPOLYLINE
  5
1CC
330
17
100
AcDbEntity
  8
A-PAVING
100
AcDbPolyline
 90
4
 70
1
 10
26400.0
 20
-200.0
 10
26600.0
 20
-200.0
 10
26600.0
 20
0.0
 10
26400.0
 20
0.0
  0
LWPOLYLINE
  5
1CD
330
17
100
AcDbEntity
  8
A-PAVING
100
AcDbPolyline
 90
4
 70
1
 10
26600.0
 20
-200.0
 10
26800.0
 20
-200.0
 10
26800.0
 20
0.0
 10
26600.0
 20
0.0
  0
LWPOLYLINE
  5
1CE
330
17
100
AcDbEntity
  8
A-PAVING
100
AcDbPolyline
 90
4
 70
1
 10
26800.0
 20
-200.0
 10
27000.0
 20
-200.0
 10
27000.0
 20
0.0
 10
26800.0
 20
0.0
  0
LWPOLYLINE
  5
1CF
330
17
100
AcDbEntity
  8
A-PAVING
100
AcDbPolyline
 90
4
 70
1
 10
27000.0
 20
-200.0
 10
27200.0
 20
-200.0
 10
27200.0
 20
0.0
 10
27000.0
 20
0.0
  0
LWPOLYLINE
  5
1D0
330
17
100
AcDbEntity
  8
A-PAVING
100
AcDbPolyline
 90
4
 70
1
 10
21000.0
 20
-400.0
 10
21200.0
 20
-400.0
 10
21200.0
 20
-200.0
 10
21000.0
 20
-200.0
  0
LWPOLYLINE
  5
1D1
330
17
100
AcDbEntity
  8
A-PAVING
100
AcDbPolyline
 90
4
 70
1
 10
21200.0
 20
-400.0
 10
21400.0
 20
-400.0
 10
21400.0
 20
-200.0
 10
21200.0
 20
-200.0
  0
LWPOLYLINE
  5
1D2
330
17
100
AcDbEntity
  8
A-PAVING
100
AcDbPolyline
 90
4
 70
1
 10
21400.0
 20
-400.0
 10
21600.0
 20
-400.0
 10
21600.0
 20
-200.0
 10
21400.0
 20
-200.0
  0
LWPOLYLINE
  5
1D3
330
17
100
AcDbEntity
  8
A-PAVING
100
AcDbPolyline
 90
4
 70
1
 10
21600.0
 20
-400.0
 10
21800.0
 20
-400.0
 10
21800.0
 20
-200.0
 10
21600.0
 20
-200.0
  0
LWPOLYLINE
  5
1D4
330
17
100
AcDbEntity
  8
A-PAVING
100
AcDbPolyline
 90
4
 70
1
 10
21800.0
 20
-400.0
 10
22000.0
 20
-400.0
 10
22000.0
 20
-200.0
 10
21800.0
 20
-200.0
  0
LWPOLYLINE
  5
1D5
330
17
100
AcDbEntity
  8
A-PAVING
100
AcDbPolyline
 90
4
 70
1
 10
22000.0
 20
-400.0
 10
22200.0
 20
-400.0
 10
22200.0
 20
-200.0
 10
22000.0
 20
-200.0
  0
LWPOLYLINE
  5
1D6
330
17
100
AcDbEntity
  8
A-PAVING
100
AcDbPolyline
 90
4
 70
1
 10
22200.0
 20
-400.0
 10
22400.0
 20
-400.0
 10
22400.0
 20
-200.0
 10
22200.0
 20
-200.0
  0
LWPOLYLINE
  5
1D7
330
17
100
AcDbEntity
  8
A-PAVING
100
AcDbPolyline
 90
4
 70
1
 10
22400.0
 20
-400.0
 10
22600.0
 20
-400.0
 10
22600.0
 20
-200.0
 10
22400.0
 20
-200.0
  0
LWPOLYLINE
  5
1D8
330
17
100
AcDbEntity
  8
A-PAVING
100
AcDbPolyline
 90
4
 70
1
 10
22600.0
 20
-400.0
 10
22800.0
 20
-400.0
 10
22800.0
 20
-200.0
 10
22600.0
 20
-200.0
  0
LWPOLYLINE
  5
1D9
330
17
100
AcDbEntity
  8
A-PAVING
100
AcDbPolyline
 90
4
 70
1
 10
22800.0
 20
-400.0
 10
23000.0
 20
-400.0
 10
23000.0
 20
-200.0
 10
22800.0
 20
-200.0
  0
LWPOLYLINE
  5
1DA
330
17
100
AcDbEntity
  8
A-PAVING
100
AcDbPolyline
 90
4
 70
1
 10
23000.0
 20
-400.0
 10
23200.0
 20
-400.0
 10
23200.0
 20
-200.0
 10
23000.0
 20
-200.0
  0
LWPOLYLINE
  5
1DB
330
17
100
AcDbEntity
  8
A-PAVING
100
AcDbPolyline
 90
4
 70
1
 10
23200.0
 20
-400.0
 10
23400.0
 20
-400.0
 10
23400.0
 20
-200.0
 10
23200.0
 20
-200.0
  0
LWPOLYLINE
  5
1DC
330
17
100
AcDbEntity
  8
A-PAVING
100
AcDbPolyline
 90
4
 70
1
 10
23400.0
 20
-400.0
 10
23600.0
 20
-400.0
 10
23600.0
 20
-200.0
 10
23400.0
 20
-200.0
  0
LWPOLYLINE
  5
1DD
330
17
100
AcDbEntity
  8
A-PAVING
100
AcDbPolyline
 90
4
 70
1
 10
23600.0
 20
-400.0
 10
23800.0
 20
-400.0
 10
23800.0
 20
-200.0
 10
23600.0
 20
-200.0
  0
LWPOLYLINE
  5
1DE
330
17
100
AcDbEntity
  8
A-PAVING
100
AcDbPolyline
 90
4
 70
1
 10
23800.0
 20
-400.0
 10
24000.0
 20
-400.0
 10
24000.0
 20
-200.0
 10
23800.0
 20
-200.0
  0
LWPOLYLINE
  5
1DF
330
17
100
AcDbEntity
  8
A-PAVING
100
AcDbPolyline
 90
4
 70
1
 10
24000.0
 20
-400.0
 10
24200.0
 20
-400.0
 10
24200.0
 20
-200.0
 10
24000.0
 20
-200.0
  0
LWPOLYLINE
  5
1E0
330
17
100
AcDbEntity
  8
A-PAVING
100
AcDbPolyline
 90
4
 70
1
 10
24200.0
 20
-400.0
 10
24400.0
 20
-400.0
 10
24400.0
 20
-200.0
 10
24200.0
 20
-200.0
  0
LWPOLYLINE
  5
1E1
330
17
100
AcDbEntity
  8
A-PAVING
100
AcDbPolyline
 90
4
 70
1
 10
24400.0
 20
-400.0
 10
24600.0
 20
-400.0
 10
24600.0
 20
-200.0
 10
24400.0
 20
-200.0
  0
LWPOLYLINE
  5
1E2
330
17
100
AcDbEntity
  8
A-PAVING
100
AcDbPolyline
 90
4
 70
1
 10
24600.0
 20
-400.0
 10
24800.0
 20
-400.0
 10
24800.0
 20
-200.0
 10
24600.0
 20
-200.0
  0
LWPOLYLINE
  5
1E3
330
17
100
AcDbEntity
  8
A-PAVING
100
AcDbPolyline
 90
4
 70
1
 10
24800.0
 20
-400.0
 10
25000.0
 20
-400.0
 10
25000.0
 20
-200.0
 10
24800.0
 20
-200.0
  0
LWPOLYLINE
  5
1E4
330
17
100
AcDbEntity
  8
A-PAVING
100
AcDbPolyline
 90
4
 70
1
 10
25000.0
 20
-400.0
 10
25200.0
 20
-400.0
 10
25200.0
 20
-200.0
 10
25000.0
 20
-200.0
  0
LWPOLYLINE
  5
1E5
330
17
100
AcDbEntity
  8
A-PAVING
100
AcDbPolyline
 90
4
 70
1
 10
25200.0
 20
-400.0
 10
25400.0
 20
-400.0
 10
25400.0
 20
-200.0
 10
25200.0
 20
-200.0
  0
LWPOLYLINE
  5
1E6
330
17
100
AcDbEntity
  8
A-PAVING
100
AcDbPolyline
 90
4
 70
1
 10
25400.0
 20
-400.0
 10
25600.0
 20
-400.0
 10
25600.0
 20
-200.0
 10
25400.0
 20
-200.0
  0
LWPOLYLINE
  5
1E7
330
17
100
AcDbEntity
  8
A-PAVING
100
AcDbPolyline
 90
4
 70
1
 10
25600.0
 20
-400.0
 10
25800.0
 20
-400.0
 10
25800.0
 20
-200.0
 10
25600.0
 20
-200.0
  0
LWPOLYLINE
  5
1E8
330
17
100
AcDbEntity
  8
A-PAVING
100
AcDbPolyline
 90
4
 70
1
 10
25800.0
 20
-400.0
 10
26000.0
 20
-400.0
 10
26000.0
 20
-200.0
 10
25800.0
 20
-200.0
  0
LWPOLYLINE
  5
1E9
330
17
100
AcDbEntity
  8
A-PAVING
100
AcDbPolyline
 90
4
 70
1
 10
26000.0
 20
-400.0
 10
26200.0
 20
-400.0
 10
26200.0
 20
-200.0
 10
26000.0
 20
-200.0
  0
LWPOLYLINE
  5
1EA
330
17
100
AcDbEntity
  8
A-PAVING
100
AcDbPolyline
 90
4
 70
1
 10
26200.0
 20
-400.0
 10
26400.0
 20
-400.0
 10
26400.0
 20
-200.0
 10
26200.0
 20
-200.0
  0
LWPOLYLINE
  5
1EB
330
17
100
AcDbEntity
  8
A-PAVING
100
AcDbPolyline
 90
4
 70
1
 10
26400.0
 20
-400.0
 10
26600.0
 20
-400.0
 10
26600.0
 20
-200.0
 10
26400.0
 20
-200.0
  0
LWPOLYLINE
  5
1EC
330
17
100
AcDbEntity
  8
A-PAVING
100
AcDbPolyline
 90
4
 70
1
 10
26600.0
 20
-400.0
 10
26800.0
 20
-400.0
 10
26800.0
 20
-200.0
 10
26600.0
 20
-200.0
  0
LWPOLYLINE
  5
1ED
330
17
100
AcDbEntity
  8
A-PAVING
100
AcDbPolyline
 90
4
 70
1
 10
26800.0
 20
-400.0
 10
27000.0
 20
-400.0
 10
27000.0
 20
-200.0
 10
26800.0
 20
-200.0
  0
LWPOLYLINE
  5
1EE
330
17
100
AcDbEntity
  8
A-PAVING
100
AcDbPolyline
 90
4
 70
1
 10
27000.0
 20
-400.0
 10
27200.0
 20
-400.0
 10
27200.0
 20
-200.0
 10
27000.0
 20
-200.0
  0
LWPOLYLINE
  5
1EF
330
17
100
AcDbEntity
  8
A-PAVING
100
AcDbPolyline
 90
4
 70
1
 10
21000.0
 20
-600.0
 10
21200.0
 20
-600.0
 10
21200.0
 20
-400.0
 10
21000.0
 20
-400.0
  0
LWPOLYLINE
  5
1F0
330
17
100
AcDbEntity
  8
A-PAVING
100
AcDbPolyline
 90
4
 70
1
 10
21200.0
 20
-600.0
 10
21400.0
 20
-600.0
 10
21400.0
 20
-400.0
 10
21200.0
 20
-400.0
  0
LWPOLYLINE
  5
1F1
330
17
100
AcDbEntity
  8
A-PAVING
100
AcDbPolyline
 90
4
 70
1
 10
21400.0
 20
-600.0
 10
21600.0
 20
-600.0
 10
21600.0
 20
-400.0
 10
21400.0
 20
-400.0
  0
LWPOLYLINE
  5
1F2
330
17
100
AcDbEntity
  8
A-PAVING
100
AcDbPolyline
 90
4
 70
1
 10
21600.0
 20
-600.0
 10
21800.0
 20
-600.0
 10
21800.0
 20
-400.0
 10
21600.0
 20
-400.0
  0
LWPOLYLINE
  5
1F3
330
17
100
AcDbEntity
  8
A-PAVING
100
AcDbPolyline
 90
4
 70
1
 10
21800.0
 20
-600.0
 10
22000.0
 20
-600.0
 10
22000.0
 20
-400.0
 10
21800.0
 20
-400.0
  0
LWPOLYLINE
  5
1F4
330
17
100
AcDbEntity
  8
A-PAVING
100
AcDbPolyline
 90
4
 70
1
 10
22000.0
 20
-600.0
 10
22200.0
 20
-600.0
 10
22200.0
 20
-400.0
 10
22000.0
 20
-400.0
  0
LWPOLYLINE
  5
1F5
330
17
100
AcDbEntity
  8
A-PAVING
100
AcDbPolyline
 90
4
 70
1
 10
22200.0
 20
-600.0
 10
22400.0
 20
-600.0
 10
22400.0
 20
-400.0
 10
22200.0
 20
-400.0
  0
LWPOLYLINE
  5
1F6
330
17
100
AcDbEntity
  8
A-PAVING
100
AcDbPolyline
 90
4
 70
1
 10
22400.0
 20
-600.0
 10
22600.0
 20
-600.0
 10
22600.0
 20
-400.0
 10
22400.0
 20
-400.0
  0
LWPOLYLINE
  5
1F7
330
17
100
AcDbEntity
  8
A-PAVING
100
AcDbPolyline
 90
4
 70
1
 10
22600.0
 20
-600.0
 10
22800.0
 20
-600.0
 10
22800.0
 20
-400.0
 10
22600.0
 20
-400.0
  0
LWPOLYLINE
  5
1F8
330
17
100
AcDbEntity
  8
A-PAVING
100
AcDbPolyline
 90
4
 70
1
 10
22800.0
 20
-600.0
 10
23000.0
 20
-600.0
 10
23000.0
 20
-400.0
 10
22800.0
 20
-400.0
  0
LWPOLYLINE
  5
1F9
330
17
100
AcDbEntity
  8
A-PAVING
100
AcDbPolyline
 90
4
 70
1
 10
23000.0
 20
-600.0
 10
23200.0
 20
-600.0
 10
23200.0
 20
-400.0
 10
23000.0
 20
-400.0
  0
LWPOLYLINE
  5
1FA
330
17
100
AcDbEntity
  8
A-PAVING
100
AcDbPolyline
 90
4
 70
1
 10
23200.0
 20
-600.0
 10
23400.0
 20
-600.0
 10
23400.0
 20
-400.0
 10
23200.0
 20
-400.0
  0
LWPOLYLINE
  5
1FB
330
17
100
AcDbEntity
  8
A-PAVING
100
AcDbPolyline
 90
4
 70
1
 10
23400.0
 20
-600.0
 10
23600.0
 20
-600.0
 10
23600.0
 20
-400.0
 10
23400.0
 20
-400.0
  0
LWPOLYLINE
  5
1FC
330
17
100
AcDbEntity
  8
A-PAVING
100
AcDbPolyline
 90
4
 70
1
 10
23600.0
 20
-600.0
 10
23800.0
 20
-600.0
 10
23800.0
 20
-400.0
 10
23600.0
 20
-400.0
  0
LWPOLYLINE
  5
1FD
330
17
100
AcDbEntity
  8
A-PAVING
100
AcDbPolyline
 90
4
 70
1
 10
23800.0
 20
-600.0
 10
24000.0
 20
-600.0
 10
24000.0
 20
-400.0
 10
23800.0
 20
-400.0
  0
LWPOLYLINE
  5
1FE
330
17
100
AcDbEntity
  8
A-PAVING
100
AcDbPolyline
 90
4
 70
1
 10
24000.0
 20
-600.0
 10
24200.0
 20
-600.0
 10
24200.0
 20
-400.0
 10
24000.0
 20
-400.0
  0
LWPOLYLINE
  5
1FF
330
17
100
AcDbEntity
  8
A-PAVING
100
AcDbPolyline
 90
4
 70
1
 10
24200.0
 20
-600.0
 10
24400.0
 20
-600.0
 10
24400.0
 20
-400.0
 10
24200.0
 20
-400.0
  0
LWPOLYLINE
  5
200
330
17
100
AcDbEntity
  8
A-PAVING
100
AcDbPolyline
 90
4
 70
1
 10
24400.0
 20
-600.0
 10
24600.0
 20
-600.0
 10
24600.0
 20
-400.0
 10
24400.0
 20
-400.0
  0
LWPOLYLINE
  5
201
330
17
100
AcDbEntity
  8
A-PAVING
100
AcDbPolyline
 90
4
 70
1
 10
24600.0
 20
-600.0
 10
24800.0
 20
-600.0
 10
24800.0
 20
-400.0
 10
24600.0
 20
-400.0
  0
LWPOLYLINE
  5
202
330
17
100
AcDbEntity
  8
A-PAVING
100
AcDbPolyline
 90
4
 70
1
 10
24800.0
 20
-600.0
 10
25000.0
 20
-600.0
 10
25000.0
 20
-400.0
 10
24800.0
 20
-400.0
  0
LWPOLYLINE
  5
203
330
17
100
AcDbEntity
  8
A-PAVING
100
AcDbPolyline
 90
4
 70
1
 10
25000.0
 20
-600.0
 10
25200.0
 20
-600.0
 10
25200.0
 20
-400.0
 10
25000.0
 20
-400.0
  0
LWPOLYLINE
  5
204
330
17
100
AcDbEntity
  8
A-PAVING
100
AcDbPolyline
 90
4
 70
1
 10
25200.0
 20
-600.0
 10
25400.0
 20
-600.0
 10
25400.0
 20
-400.0
 10
25200.0
 20
-400.0
  0
LWPOLYLINE
  5
205
330
17
100
AcDbEntity
  8
A-PAVING
100
AcDbPolyline
 90
4
 70
1
 10
25400.0
 20
-600.0
 10
25600.0
 20
-600.0
 10
25600.0
 20
-400.0
 10
25400.0
 20
-400.0
  0
LWPOLYLINE
  5
206
330
17
100
AcDbEntity
  8
A-PAVING
100
AcDbPolyline
 90
4
 70
1
 10
25600.0
 20
-600.0
 10
25800.0
 20
-600.0
 10
25800.0
 20
-400.0
 10
25600.0
 20
-400.0
  0
LWPOLYLINE
  5
207
330
17
100
AcDbEntity
  8
A-PAVING
100
AcDbPolyline
 90
4
 70
1
 10
25800.0
 20
-600.0
 10
26000.0
 20
-600.0
 10
26000.0
 20
-400.0
 10
25800.0
 20
-400.0
  0
LWPOLYLINE
  5
208
330
17
100
AcDbEntity
  8
A-PAVING
100
AcDbPolyline
 90
4
 70
1
 10
26000.0
 20
-600.0
 10
26200.0
 20
-600.0
 10
26200.0
 20
-400.0
 10
26000.0
 20
-400.0
  0
LWPOLYLINE
  5
209
330
17
100
AcDbEntity
  8
A-PAVING
100
AcDbPolyline
 90
4
 70
1
 10
26200.0
 20
-600.0
 10
26400.0
 20
-600.0
 10
26400.0
 20
-400.0
 10
26200.0
 20
-400.0
  0
LWPOLYLINE
  5
20A
330
17
100
AcDbEntity
  8
A-PAVING
100
AcDbPolyline
 90
4
 70
1
 10
26400.0
 20
-600.0
 10
26600.0
 20
-600.0
 10
26600.0
 20
-400.0
 10
26400.0
 20
-400.0
  0
LWPOLYLINE
  5
20B
330
17
100
AcDbEntity
  8
A-PAVING
100
AcDbPolyline
 90
4
 70
1
 10
26600.0
 20
-600.0
 10
26800.0
 20
-600.0
 10
26800.0
 20
-400.0
 10
26600.0
 20
-400.0
  0
LWPOLYLINE
  5
20C
330
17
100
AcDbEntity
  8
A-PAVING
100
AcDbPolyline
 90
4
 70
1
 10
26800.0
 20
-600.0
 10
27000.0
 20
-600.0
 10
27000.0
 20
-400.0
 10
26800.0
 20
-400.0
  0
LWPOLYLINE
  5
20D
330
17
100
AcDbEntity
  8
A-PAVING
100
AcDbPolyline
 90
4
 70
1
 10
27000.0
 20
-600.0
 10
27200.0
 20
-600.0
 10
27200.0
 20
-400.0
 10
27000.0
 20
-400.0
  0
LWPOLYLINE
  5
20E
330
17
100
AcDbEntity
  8
A-PAVING
100
AcDbPolyline
 90
4
 70
1
 10
21000.0
 20
-800.0
 10
21200.0
 20
-800.0
 10
21200.0
 20
-600.0
 10
21000.0
 20
-600.0
  0
LWPOLYLINE
  5
20F
330
17
100
AcDbEntity
  8
A-PAVING
100
AcDbPolyline
 90
4
 70
1
 10
21200.0
 20
-800.0
 10
21400.0
 20
-800.0
 10
21400.0
 20
-600.0
 10
21200.0
 20
-600.0
  0
LWPOLYLINE
  5
210
330
17
100
AcDbEntity
  8
A-PAVING
100
AcDbPolyline
 90
4
 70
1
 10
21400.0
 20
-800.0
 10
21600.0
 20
-800.0
 10
21600.0
 20
-600.0
 10
21400.0
 20
-600.0
  0
LWPOLYLINE
  5
211
330
17
100
AcDbEntity
  8
A-PAVING
100
AcDbPolyline
 90
4
 70
1
 10
21600.0
 20
-800.0
 10
21800.0
 20
-800.0
 10
21800.0
 20
-600.0
 10
21600.0
 20
-600.0
  0
LWPOLYLINE
  5
212
330
17
100
AcDbEntity
  8
A-PAVING
100
AcDbPolyline
 90
4
 70
1
 10
21800.0
 20
-800.0
 10
22000.0
 20
-800.0
 10
22000.0
 20
-600.0
 10
21800.0
 20
-600.0
  0
LWPOLYLINE
  5
213
330
17
100
AcDbEntity
  8
A-PAVING
100
AcDbPolyline
 90
4
 70
1
 10
22000.0
 20
-800.0
 10
22200.0
 20
-800.0
 10
22200.0
 20
-600.0
 10
22000.0
 20
-600.0
  0
LWPOLYLINE
  5
214
330
17
100
AcDbEntity
  8
A-PAVING
100
AcDbPolyline
 90
4
 70
1
 10
22200.0
 20
-800.0
 10
22400.0
 20
-800.0
 10
22400.0
 20
-600.0
 10
22200.0
 20
-600.0
  0
LWPOLYLINE
  5
215
330
17
100
AcDbEntity
  8
A-PAVING
100
AcDbPolyline
 90
4
 70
1
 10
22400.0
 20
-800.0
 10
22600.0
 20
-800.0
 10
22600.0
 20
-600.0
 10
22400.0
 20
-600.0
  0
LWPOLYLINE
  5
216
330
17
100
AcDbEntity
  8
A-PAVING
100
AcDbPolyline
 90
4
 70
1
 10
22600.0
 20
-800.0
 10
22800.0
 20
-800.0
 10
22800.0
 20
-600.0
 10
22600.0
 20
-600.0
  0
LWPOLYLINE
  5
217
330
17
100
AcDbEntity
  8
A-PAVING
100
AcDbPolyline
 90
4
 70
1
 10
22800.0
 20
-800.0
 10
23000.0
 20
-800.0
 10
23000.0
 20
-600.0
 10
22800.0
 20
-600.0
  0
LWPOLYLINE
  5
218
330
17
100
AcDbEntity
  8
A-PAVING
100
AcDbPolyline
 90
4
 70
1
 10
23000.0
 20
-800.0
 10
23200.0
 20
-800.0
 10
23200.0
 20
-600.0
 10
23000.0
 20
-600.0
  0
LWPOLYLINE
  5
219
330
17
100
AcDbEntity
  8
A-PAVING
100
AcDbPolyline
 90
4
 70
1
 10
23200.0
 20
-800.0
 10
23400.0
 20
-800.0
 10
23400.0
 20
-600.0
 10
23200.0
 20
-600.0
  0
LWPOLYLINE
  5
21A
330
17
100
AcDbEntity
  8
A-PAVING
100
AcDbPolyline
 90
4
 70
1
 10
23400.0
 20
-800.0
 10
23600.0
 20
-800.0
 10
23600.0
 20
-600.0
 10
23400.0
 20
-600.0
  0
LWPOLYLINE
  5
21B
330
17
100
AcDbEntity
  8
A-PAVING
100
AcDbPolyline
 90
4
 70
1
 10
23600.0
 20
-800.0
 10
23800.0
 20
-800.0
 10
23800.0
 20
-600.0
 10
23600.0
 20
-600.0
  0
LWPOLYLINE
  5
21C
330
17
100
AcDbEntity
  8
A-PAVING
100
AcDbPolyline
 90
4
 70
1
 10
23800.0
 20
-800.0
 10
24000.0
 20
-800.0
 10
24000.0
 20
-600.0
 10
23800.0
 20
-600.0
  0
LWPOLYLINE
  5
21D
330
17
100
AcDbEntity
  8
A-PAVING
100
AcDbPolyline
 90
4
 70
1
 10
24000.0
 20
-800.0
 10
24200.0
 20
-800.0
 10
24200.0
 20
-600.0
 10
24000.0
 20
-600.0
  0
LWPOLYLINE
  5
21E
330
17
100
AcDbEntity
  8
A-PAVING
100
AcDbPolyline
 90
4
 70
1
 10
24200.0
 20
-800.0
 10
24400.0
 20
-800.0
 10
24400.0
 20
-600.0
 10
24200.0
 20
-600.0
  0
LWPOLYLINE
  5
21F
330
17
100
AcDbEntity
  8
A-PAVING
100
AcDbPolyline
 90
4
 70
1
 10
24400.0
 20
-800.0
 10
24600.0
 20
-800.0
 10
24600.0
 20
-600.0
 10
24400.0
 20
-600.0
  0
LWPOLYLINE
  5
220
330
17
100
AcDbEntity
  8
A-PAVING
100
AcDbPolyline
 90
4
 70
1
 10
24600.0
 20
-800.0
 10
24800.0
 20
-800.0
 10
24800.0
 20
-600.0
 10
24600.0
 20
-600.0
  0
LWPOLYLINE
  5
221
330
17
100
AcDbEntity
  8
A-PAVING
100
AcDbPolyline
 90
4
 70
1
 10
24800.0
 20
-800.0
 10
25000.0
 20
-800.0
 10
25000.0
 20
-600.0
 10
24800.0
 20
-600.0
  0
LWPOLYLINE
  5
222
330
17
100
AcDbEntity
  8
A-PAVING
100
AcDbPolyline
 90
4
 70
1
 10
25000.0
 20
-800.0
 10
25200.0
 20
-800.0
 10
25200.0
 20
-600.0
 10
25000.0
 20
-600.0
  0
LWPOLYLINE
  5
223
330
17
100
AcDbEntity
  8
A-PAVING
100
AcDbPolyline
 90
4
 70
1
 10
25200.0
 20
-800.0
 10
25400.0
 20
-800.0
 10
25400.0
 20
-600.0
 10
25200.0
 20
-600.0
  0
LWPOLYLINE
  5
224
330
17
100
AcDbEntity
  8
A-PAVING
100
AcDbPolyline
 90
4
 70
1
 10
25400.0
 20
-800.0
 10
25600.0
 20
-800.0
 10
25600.0
 20
-600.0
 10
25400.0
 20
-600.0
  0
LWPOLYLINE
  5
225
330
17
100
AcDbEntity
  8
A-PAVING
100
AcDbPolyline
 90
4
 70
1
 10
25600.0
 20
-800.0
 10
25800.0
 20
-800.0
 10
25800.0
 20
-600.0
 10
25600.0
 20
-600.0
  0
LWPOLYLINE
  5
226
330
17
100
AcDbEntity
  8
A-PAVING
100
AcDbPolyline
 90
4
 70
1
 10
25800.0
 20
-800.0
 10
26000.0
 20
-800.0
 10
26000.0
 20
-600.0
 10
25800.0
 20
-600.0
  0
LWPOLYLINE
  5
227
330
17
100
AcDbEntity
  8
A-PAVING
100
AcDbPolyline
 90
4
 70
1
 10
26000.0
 20
-800.0
 10
26200.0
 20
-800.0
 10
26200.0
 20
-600.0
 10
26000.0
 20
-600.0
  0
LWPOLYLINE
  5
228
330
17
100
AcDbEntity
  8
A-PAVING
100
AcDbPolyline
 90
4
 70
1
 10
26200.0
 20
-800.0
 10
26400.0
 20
-800.0
 10
26400.0
 20
-600.0
 10
26200.0
 20
-600.0
  0
LWPOLYLINE
  5
229
330
17
100
AcDbEntity
  8
A-PAVING
100
AcDbPolyline
 90
4
 70
1
 10
26400.0
 20
-800.0
 10
26600.0
 20
-800.0
 10
26600.0
 20
-600.0
 10
26400.0
 20
-600.0
  0
LWPOLYLINE
  5
22A
330
17
100
AcDbEntity
  8
A-PAVING
100
AcDbPolyline
 90
4
 70
1
 10
26600.0
 20
-800.0
 10
26800.0
 20
-800.0
 10
26800.0
 20
-600.0
 10
26600.0
 20
-600.0
  0
LWPOLYLINE
  5
22B
330
17
100
AcDbEntity
  8
A-PAVING
100
AcDbPolyline
 90
4
 70
1
 10
26800.0
 20
-800.0
 10
27000.0
 20
-800.0
 10
27000.0
 20
-600.0
 10
26800.0
 20
-600.0
  0
LWPOLYLINE
  5
22C
330
17
100
AcDbEntity
  8
A-PAVING
100
AcDbPolyline
 90
4
 70
1
 10
27000.0
 20
-800.0
 10
27200.0
 20
-800.0
 10
27200.0
 20
-600.0
 10
27000.0
 20
-600.0
  0
LWPOLYLINE
  5
22D
330
17
100
AcDbEntity
  8
A-PAVING
100
AcDbPolyline
 90
4
 70
1
 10
21000.0
 20
-1000.0
 10
21200.0
 20
-1000.0
 10
21200.0
 20
-800.0
 10
21000.0
 20
-800.0
  0
LWPOLYLINE
  5
22E
330
17
100
AcDbEntity
  8
A-PAVING
100
AcDbPolyline
 90
4
 70
1
 10
21200.0
 20
-1000.0
 10
21400.0
 20
-1000.0
 10
21400.0
 20
-800.0
 10
21200.0
 20
-800.0
  0
LWPOLYLINE
  5
22F
330
17
100
AcDbEntity
  8
A-PAVING
100
AcDbPolyline
 90
4
 70
1
 10
21400.0
 20
-1000.0
 10
21600.0
 20
-1000.0
 10
21600.0
 20
-800.0
 10
21400.0
 20
-800.0
  0
LWPOLYLINE
  5
230
330
17
100
AcDbEntity
  8
A-PAVING
100
AcDbPolyline
 90
4
 70
1
 10
21600.0
 20
-1000.0
 10
21800.0
 20
-1000.0
 10
21800.0
 20
-800.0
 10
21600.0
 20
-800.0
  0
LWPOLYLINE
  5
231
330
17
100
AcDbEntity
  8
A-PAVING
100
AcDbPolyline
 90
4
 70
1
 10
21800.0
 20
-1000.0
 10
22000.0
 20
-1000.0
 10
22000.0
 20
-800.0
 10
21800.0
 20
-800.0
  0
LWPOLYLINE
  5
232
330
17
100
AcDbEntity
  8
A-PAVING
100
AcDbPolyline
 90
4
 70
1
 10
22000.0
 20
-1000.0
 10
22200.0
 20
-1000.0
 10
22200.0
 20
-800.0
 10
22000.0
 20
-800.0
  0
LWPOLYLINE
  5
233
330
17
100
AcDbEntity
  8
A-PAVING
100
AcDbPolyline
 90
4
 70
1
 10
22200.0
 20
-1000.0
 10
22400.0
 20
-1000.0
 10
22400.0
 20
-800.0
 10
22200.0
 20
-800.0
  0
LWPOLYLINE
  5
234
330
17
100
AcDbEntity
  8
A-PAVING
100
AcDbPolyline
 90
4
 70
1
 10
22400.0
 20
-1000.0
 10
22600.0
 20
-1000.0
 10
22600.0
 20
-800.0
 10
22400.0
 20
-800.0
  0
LWPOLYLINE
  5
235
330
17
100
AcDbEntity
  8
A-PAVING
100
AcDbPolyline
 90
4
 70
1
 10
22600.0
 20
-1000.0
 10
22800.0
 20
-1000.0
 10
22800.0
 20
-800.0
 10
22600.0
 20
-800.0
  0
LWPOLYLINE
  5
236
330
17
100
AcDbEntity
  8
A-PAVING
100
AcDbPolyline
 90
4
 70
1
 10
22800.0
 20
-1000.0
 10
23000.0
 20
-1000.0
 10
23000.0
 20
-800.0
 10
22800.0
 20
-800.0
  0
LWPOLYLINE
  5
237
330
17
100
AcDbEntity
  8
A-PAVING
100
AcDbPolyline
 90
4
 70
1
 10
23000.0
 20
-1000.0
 10
23200.0
 20
-1000.0
 10
23200.0
 20
-800.0
 10
23000.0
 20
-800.0
  0
LWPOLYLINE
  5
238
330
17
100
AcDbEntity
  8
A-PAVING
100
AcDbPolyline
 90
4
 70
1
 10
23200.0
 20
-1000.0
 10
23400.0
 20
-1000.0
 10
23400.0
 20
-800.0
 10
23200.0
 20
-800.0
  0
LWPOLYLINE
  5
239
330
17
100
AcDbEntity
  8
A-PAVING
100
AcDbPolyline
 90
4
 70
1
 10
23400.0
 20
-1000.0
 10
23600.0
 20
-1000.0
 10
23600.0
 20
-800.0
 10
23400.0
 20
-800.0
  0
LWPOLYLINE
  5
23A
330
17
100
AcDbEntity
  8
A-PAVING
100
AcDbPolyline
 90
4
 70
1
 10
23600.0
 20
-1000.0
 10
23800.0
 20
-1000.0
 10
23800.0
 20
-800.0
 10
23600.0
 20
-800.0
  0
LWPOLYLINE
  5
23B
330
17
100
AcDbEntity
  8
A-PAVING
100
AcDbPolyline
 90
4
 70
1
 10
23800.0
 20
-1000.0
 10
24000.0
 20
-1000.0
 10
24000.0
 20
-800.0
 10
23800.0
 20
-800.0
  0
LWPOLYLINE
  5
23C
330
17
100
AcDbEntity
  8
A-PAVING
100
AcDbPolyline
 90
4
 70
1
 10
24000.0
 20
-1000.0
 10
24200.0
 20
-1000.0
 10
24200.0
 20
-800.0
 10
24000.0
 20
-800.0
  0
LWPOLYLINE
  5
23D
330
17
100
AcDbEntity
  8
A-PAVING
100
AcDbPolyline
 90
4
 70
1
 10
24200.0
 20
-1000.0
 10
24400.0
 20
-1000.0
 10
24400.0
 20
-800.0
 10
24200.0
 20
-800.0
  0
LWPOLYLINE
  5
23E
330
17
100
AcDbEntity
  8
A-PAVING
100
AcDbPolyline
 90
4
 70
1
 10
24400.0
 20
-1000.0
 10
24600.0
 20
-1000.0
 10
24600.0
 20
-800.0
 10
24400.0
 20
-800.0
  0
LWPOLYLINE
  5
23F
330
17
100
AcDbEntity
  8
A-PAVING
100
AcDbPolyline
 90
4
 70
1
 10
24600.0
 20
-1000.0
 10
24800.0
 20
-1000.0
 10
24800.0
 20
-800.0
 10
24600.0
 20
-800.0
  0
LWPOLYLINE
  5
240
330
17
100
AcDbEntity
  8
A-PAVING
100
AcDbPolyline
 90
4
 70
1
 10
24800.0
 20
-1000.0
 10
25000.0
 20
-1000.0
 10
25000.0
 20
-800.0
 10
24800.0
 20
-800.0
  0
LWPOLYLINE
  5
241
330
17
100
AcDbEntity
  8
A-PAVING
100
AcDbPolyline
 90
4
 70
1
 10
25000.0
 20
-1000.0
 10
25200.0
 20
-1000.0
 10
25200.0
 20
-800.0
 10
25000.0
 20
-800.0
  0
LWPOLYLINE
  5
242
330
17
100
AcDbEntity
  8
A-PAVING
100
AcDbPolyline
 90
4
 70
1
 10
25200.0
 20
-1000.0
 10
25400.0
 20
-1000.0
 10
25400.0
 20
-800.0
 10
25200.0
 20
-800.0
  0
LWPOLYLINE
  5
243
330
17
100
AcDbEntity
  8
A-PAVING
100
AcDbPolyline
 90
4
 70
1
 10
25400.0
 20
-1000.0
 10
25600.0
 20
-1000.0
 10
25600.0
 20
-800.0
 10
25400.0
 20
-800.0
  0
LWPOLYLINE
  5
244
330
17
100
AcDbEntity
  8
A-PAVING
100
AcDbPolyline
 90
4
 70
1
 10
25600.0
 20
-1000.0
 10
25800.0
 20
-1000.0
 10
25800.0
 20
-800.0
 10
25600.0
 20
-800.0
  0
LWPOLYLINE
  5
245
330
17
100
AcDbEntity
  8
A-PAVING
100
AcDbPolyline
 90
4
 70
1
 10
25800.0
 20
-1000.0
 10
26000.0
 20
-1000.0
 10
26000.0
 20
-800.0
 10
25800.0
 20
-800.0
  0
LWPOLYLINE
  5
246
330
17
100
AcDbEntity
  8
A-PAVING
100
AcDbPolyline
 90
4
 70
1
 10
26000.0
 20
-1000.0
 10
26200.0
 20
-1000.0
 10
26200.0
 20
-800.0
 10
26000.0
 20
-800.0
  0
LWPOLYLINE
  5
247
330
17
100
AcDbEntity
  8
A-PAVING
100
AcDbPolyline
 90
4
 70
1
 10
26200.0
 20
-1000.0
 10
26400.0
 20
-1000.0
 10
26400.0
 20
-800.0
 10
26200.0
 20
-800.0
  0
LWPOLYLINE
  5
248
330
17
100
AcDbEntity
  8
A-PAVING
100
AcDbPolyline
 90
4
 70
1
 10
26400.0
 20
-1000.0
 10
26600.0
 20
-1000.0
 10
26600.0
 20
-800.0
 10
26400.0
 20
-800.0
  0
LWPOLYLINE
  5
249
330
17
100
AcDbEntity
  8
A-PAVING
100
AcDbPolyline
 90
4
 70
1
 10
26600.0
 20
-1000.0
 10
26800.0
 20
-1000.0
 10
26800.0
 20
-800.0
 10
26600.0
 20
-800.0
  0
LWPOLYLINE
  5
24A
330
17
100
AcDbEntity
  8
A-PAVING
100
AcDbPolyline
 90
4
 70
1
 10
26800.0
 20
-1000.0
 10
27000.0
 20
-1000.0
 10
27000.0
 20
-800.0
 10
26800.0
 20
-800.0
  0
LWPOLYLINE
  5
24B
330
17
100
AcDbEntity
  8
A-PAVING
100
AcDbPolyline
 90
4
 70
1
 10
27000.0
 20
-1000.0
 10
27200.0
 20
-1000.0
 10
27200.0
 20
-800.0
 10
27000.0
 20
-800.0
  0
LWPOLYLINE
  5
24C
330
17
100
AcDbEntity
  8
A-PAVING
100
AcDbPolyline
 90
4
 70
1
 10
21000.0
 20
-1200.0
 10
21200.0
 20
-1200.0
 10
21200.0
 20
-1000.0
 10
21000.0
 20
-1000.0
  0
LWPOLYLINE
  5
24D
330
17
100
AcDbEntity
  8
A-PAVING
100
AcDbPolyline
 90
4
 70
1
 10
21200.0
 20
-1200.0
 10
21400.0
 20
-1200.0
 10
21400.0
 20
-1000.0
 10
21200.0
 20
-1000.0
  0
LWPOLYLINE
  5
24E
330
17
100
AcDbEntity
  8
A-PAVING
100
AcDbPolyline
 90
4
 70
1
 10
21400.0
 20
-1200.0
 10
21600.0
 20
-1200.0
 10
21600.0
 20
-1000.0
 10
21400.0
 20
-1000.0
  0
LWPOLYLINE
  5
24F
330
17
100
AcDbEntity
  8
A-PAVING
100
AcDbPolyline
 90
4
 70
1
 10
21600.0
 20
-1200.0
 10
21800.0
 20
-1200.0
 10
21800.0
 20
-1000.0
 10
21600.0
 20
-1000.0
  0
LWPOLYLINE
  5
250
330
17
100
AcDbEntity
  8
A-PAVING
100
AcDbPolyline
 90
4
 70
1
 10
21800.0
 20
-1200.0
 10
22000.0
 20
-1200.0
 10
22000.0
 20
-1000.0
 10
21800.0
 20
-1000.0
  0
LWPOLYLINE
  5
251
330
17
100
AcDbEntity
  8
A-PAVING
100
AcDbPolyline
 90
4
 70
1
 10
22000.0
 20
-1200.0
 10
22200.0
 20
-1200.0
 10
22200.0
 20
-1000.0
 10
22000.0
 20
-1000.0
  0
LWPOLYLINE
  5
252
330
17
100
AcDbEntity
  8
A-PAVING
100
AcDbPolyline
 90
4
 70
1
 10
22200.0
 20
-1200.0
 10
22400.0
 20
-1200.0
 10
22400.0
 20
-1000.0
 10
22200.0
 20
-1000.0
  0
LWPOLYLINE
  5
253
330
17
100
AcDbEntity
  8
A-PAVING
100
AcDbPolyline
 90
4
 70
1
 10
22400.0
 20
-1200.0
 10
22600.0
 20
-1200.0
 10
22600.0
 20
-1000.0
 10
22400.0
 20
-1000.0
  0
LWPOLYLINE
  5
254
330
17
100
AcDbEntity
  8
A-PAVING
100
AcDbPolyline
 90
4
 70
1
 10
22600.0
 20
-1200.0
 10
22800.0
 20
-1200.0
 10
22800.0
 20
-1000.0
 10
22600.0
 20
-1000.0
  0
LWPOLYLINE
  5
255
330
17
100
AcDbEntity
  8
A-PAVING
100
AcDbPolyline
 90
4
 70
1
 10
22800.0
 20
-1200.0
 10
23000.0
 20
-1200.0
 10
23000.0
 20
-1000.0
 10
22800.0
 20
-1000.0
  0
LWPOLYLINE
  5
256
330
17
100
AcDbEntity
  8
A-PAVING
100
AcDbPolyline
 90
4
 70
1
 10
23000.0
 20
-1200.0
 10
23200.0
 20
-1200.0
 10
23200.0
 20
-1000.0
 10
23000.0
 20
-1000.0
  0
LWPOLYLINE
  5
257
330
17
100
AcDbEntity
  8
A-PAVING
100
AcDbPolyline
 90
4
 70
1
 10
23200.0
 20
-1200.0
 10
23400.0
 20
-1200.0
 10
23400.0
 20
-1000.0
 10
23200.0
 20
-1000.0
  0
LWPOLYLINE
  5
258
330
17
100
AcDbEntity
  8
A-PAVING
100
AcDbPolyline
 90
4
 70
1
 10
23400.0
 20
-1200.0
 10
23600.0
 20
-1200.0
 10
23600.0
 20
-1000.0
 10
23400.0
 20
-1000.0
  0
LWPOLYLINE
  5
259
330
17
100
AcDbEntity
  8
A-PAVING
100
AcDbPolyline
 90
4
 70
1
 10
23600.0
 20
-1200.0
 10
23800.0
 20
-1200.0
 10
23800.0
 20
-1000.0
 10
23600.0
 20
-1000.0
  0
LWPOLYLINE
  5
25A
330
17
100
AcDbEntity
  8
A-PAVING
100
AcDbPolyline
 90
4
 70
1
 10
23800.0
 20
-1200.0
 10
24000.0
 20
-1200.0
 10
24000.0
 20
-1000.0
 10
23800.0
 20
-1000.0
  0
LWPOLYLINE
  5
25B
330
17
100
AcDbEntity
  8
A-PAVING
100
AcDbPolyline
 90
4
 70
1
 10
24000.0
 20
-1200.0
 10
24200.0
 20
-1200.0
 10
24200.0
 20
-1000.0
 10
24000.0
 20
-1000.0
  0
LWPOLYLINE
  5
25C
330
17
100
AcDbEntity
  8
A-PAVING
100
AcDbPolyline
 90
4
 70
1
 10
24200.0
 20
-1200.0
 10
24400.0
 20
-1200.0
 10
24400.0
 20
-1000.0
 10
24200.0
 20
-1000.0
  0
LWPOLYLINE
  5
25D
330
17
100
AcDbEntity
  8
A-PAVING
100
AcDbPolyline
 90
4
 70
1
 10
24400.0
 20
-1200.0
 10
24600.0
 20
-1200.0
 10
24600.0
 20
-1000.0
 10
24400.0
 20
-1000.0
  0
LWPOLYLINE
  5
25E
330
17
100
AcDbEntity
  8
A-PAVING
100
AcDbPolyline
 90
4
 70
1
 10
24600.0
 20
-1200.0
 10
24800.0
 20
-1200.0
 10
24800.0
 20
-1000.0
 10
24600.0
 20
-1000.0
  0
LWPOLYLINE
  5
25F
330
17
100
AcDbEntity
  8
A-PAVING
100
AcDbPolyline
 90
4
 70
1
 10
24800.0
 20
-1200.0
 10
25000.0
 20
-1200.0
 10
25000.0
 20
-1000.0
 10
24800.0
 20
-1000.0
  0
LWPOLYLINE
  5
260
330
17
100
AcDbEntity
  8
A-PAVING
100
AcDbPolyline
 90
4
 70
1
 10
25000.0
 20
-1200.0
 10
25200.0
 20
-1200.0
 10
25200.0
 20
-1000.0
 10
25000.0
 20
-1000.0
  0
LWPOLYLINE
  5
261
330
17
100
AcDbEntity
  8
A-PAVING
100
AcDbPolyline
 90
4
 70
1
 10
25200.0
 20
-1200.0
 10
25400.0
 20
-1200.0
 10
25400.0
 20
-1000.0
 10
25200.0
 20
-1000.0
  0
LWPOLYLINE
  5
262
330
17
100
AcDbEntity
  8
A-PAVING
100
AcDbPolyline
 90
4
 70
1
 10
25400.0
 20
-1200.0
 10
25600.0
 20
-1200.0
 10
25600.0
 20
-1000.0
 10
25400.0
 20
-1000.0
  0
LWPOLYLINE
  5
263
330
17
100
AcDbEntity
  8
A-PAVING
100
AcDbPolyline
 90
4
 70
1
 10
25600.0
 20
-1200.0
 10
25800.0
 20
-1200.0
 10
25800.0
 20
-1000.0
 10
25600.0
 20
-1000.0
  0
LWPOLYLINE
  5
264
330
17
100
AcDbEntity
  8
A-PAVING
100
AcDbPolyline
 90
4
 70
1
 10
25800.0
 20
-1200.0
 10
26000.0
 20
-1200.0
 10
26000.0
 20
-1000.0
 10
25800.0
 20
-1000.0
  0
LWPOLYLINE
  5
265
330
17
100
AcDbEntity
  8
A-PAVING
100
AcDbPolyline
 90
4
 70
1
 10
26000.0
 20
-1200.0
 10
26200.0
 20
-1200.0
 10
26200.0
 20
-1000.0
 10
26000.0
 20
-1000.0
  0
LWPOLYLINE
  5
266
330
17
100
AcDbEntity
  8
A-PAVING
100
AcDbPolyline
 90
4
 70
1
 10
26200.0
 20
-1200.0
 10
26400.0
 20
-1200.0
 10
26400.0
 20
-1000.0
 10
26200.0
 20
-1000.0
  0
LWPOLYLINE
  5
267
330
17
100
AcDbEntity
  8
A-PAVING
100
AcDbPolyline
 90
4
 70
1
 10
26400.0
 20
-1200.0
 10
26600.0
 20
-1200.0
 10
26600.0
 20
-1000.0
 10
26400.0
 20
-1000.0
  0
LWPOLYLINE
  5
268
330
17
100
AcDbEntity
  8
A-PAVING
100
AcDbPolyline
 90
4
 70
1
 10
26600.0
 20
-1200.0
 10
26800.0
 20
-1200.0
 10
26800.0
 20
-1000.0
 10
26600.0
 20
-1000.0
  0
LWPOLYLINE
  5
269
330
17
100
AcDbEntity
  8
A-PAVING
100
AcDbPolyline
 90
4
 70
1
 10
26800.0
 20
-1200.0
 10
27000.0
 20
-1200.0
 10
27000.0
 20
-1000.0
 10
26800.0
 20
-1000.0
  0
LWPOLYLINE
  5
26A
330
17
100
AcDbEntity
  8
A-PAVING
100
AcDbPolyline
 90
4
 70
1
 10
27000.0
 20
-1200.0
 10
27200.0
 20
-1200.0
 10
27200.0
 20
-1000.0
 10
27000.0
 20
-1000.0
  0
LWPOLYLINE
  5
26B
330
17
100
AcDbEntity
  8
A-PAVING
100
AcDbPolyline
 90
4
 70
1
 10
21000.0
 20
-1400.0
 10
21200.0
 20
-1400.0
 10
21200.0
 20
-1200.0
 10
21000.0
 20
-1200.0
  0
LWPOLYLINE
  5
26C
330
17
100
AcDbEntity
  8
A-PAVING
100
AcDbPolyline
 90
4
 70
1
 10
21200.0
 20
-1400.0
 10
21400.0
 20
-1400.0
 10
21400.0
 20
-1200.0
 10
21200.0
 20
-1200.0
  0
LWPOLYLINE
  5
26D
330
17
100
AcDbEntity
  8
A-PAVING
100
AcDbPolyline
 90
4
 70
1
 10
21400.0
 20
-1400.0
 10
21600.0
 20
-1400.0
 10
21600.0
 20
-1200.0
 10
21400.0
 20
-1200.0
  0
LWPOLYLINE
  5
26E
330
17
100
AcDbEntity
  8
A-PAVING
100
AcDbPolyline
 90
4
 70
1
 10
21600.0
 20
-1400.0
 10
21800.0
 20
-1400.0
 10
21800.0
 20
-1200.0
 10
21600.0
 20
-1200.0
  0
LWPOLYLINE
  5
26F
330
17
100
AcDbEntity
  8
A-PAVING
100
AcDbPolyline
 90
4
 70
1
 10
21800.0
 20
-1400.0
 10
22000.0
 20
-1400.0
 10
22000.0
 20
-1200.0
 10
21800.0
 20
-1200.0
  0
LWPOLYLINE
  5
270
330
17
100
AcDbEntity
  8
A-PAVING
100
AcDbPolyline
 90
4
 70
1
 10
22000.0
 20
-1400.0
 10
22200.0
 20
-1400.0
 10
22200.0
 20
-1200.0
 10
22000.0
 20
-1200.0
  0
LWPOLYLINE
  5
271
330
17
100
AcDbEntity
  8
A-PAVING
100
AcDbPolyline
 90
4
 70
1
 10
22200.0
 20
-1400.0
 10
22400.0
 20
-1400.0
 10
22400.0
 20
-1200.0
 10
22200.0
 20
-1200.0
  0
LWPOLYLINE
  5
272
330
17
100
AcDbEntity
  8
A-PAVING
100
AcDbPolyline
 90
4
 70
1
 10
22400.0
 20
-1400.0
 10
22600.0
 20
-1400.0
 10
22600.0
 20
-1200.0
 10
22400.0
 20
-1200.0
  0
LWPOLYLINE
  5
273
330
17
100
AcDbEntity
  8
A-PAVING
100
AcDbPolyline
 90
4
 70
1
 10
22600.0
 20
-1400.0
 10
22800.0
 20
-1400.0
 10
22800.0
 20
-1200.0
 10
22600.0
 20
-1200.0
  0
LWPOLYLINE
  5
274
330
17
100
AcDbEntity
  8
A-PAVING
100
AcDbPolyline
 90
4
 70
1
 10
22800.0
 20
-1400.0
 10
23000.0
 20
-1400.0
 10
23000.0
 20
-1200.0
 10
22800.0
 20
-1200.0
  0
LWPOLYLINE
  5
275
330
17
100
AcDbEntity
  8
A-PAVING
100
AcDbPolyline
 90
4
 70
1
 10
23000.0
 20
-1400.0
 10
23200.0
 20
-1400.0
 10
23200.0
 20
-1200.0
 10
23000.0
 20
-1200.0
  0
LWPOLYLINE
  5
276
330
17
100
AcDbEntity
  8
A-PAVING
100
AcDbPolyline
 90
4
 70
1
 10
23200.0
 20
-1400.0
 10
23400.0
 20
-1400.0
 10
23400.0
 20
-1200.0
 10
23200.0
 20
-1200.0
  0
LWPOLYLINE
  5
277
330
17
100
AcDbEntity
  8
A-PAVING
100
AcDbPolyline
 90
4
 70
1
 10
23400.0
 20
-1400.0
 10
23600.0
 20
-1400.0
 10
23600.0
 20
-1200.0
 10
23400.0
 20
-1200.0
  0
LWPOLYLINE
  5
278
330
17
100
AcDbEntity
  8
A-PAVING
100
AcDbPolyline
 90
4
 70
1
 10
23600.0
 20
-1400.0
 10
23800.0
 20
-1400.0
 10
23800.0
 20
-1200.0
 10
23600.0
 20
-1200.0
  0
LWPOLYLINE
  5
279
330
17
100
AcDbEntity
  8
A-PAVING
100
AcDbPolyline
 90
4
 70
1
 10
23800.0
 20
-1400.0
 10
24000.0
 20
-1400.0
 10
24000.0
 20
-1200.0
 10
23800.0
 20
-1200.0
  0
LWPOLYLINE
  5
27A
330
17
100
AcDbEntity
  8
A-PAVING
100
AcDbPolyline
 90
4
 70
1
 10
24000.0
 20
-1400.0
 10
24200.0
 20
-1400.0
 10
24200.0
 20
-1200.0
 10
24000.0
 20
-1200.0
  0
LWPOLYLINE
  5
27B
330
17
100
AcDbEntity
  8
A-PAVING
100
AcDbPolyline
 90
4
 70
1
 10
24200.0
 20
-1400.0
 10
24400.0
 20
-1400.0
 10
24400.0
 20
-1200.0
 10
24200.0
 20
-1200.0
  0
LWPOLYLINE
  5
27C
330
17
100
AcDbEntity
  8
A-PAVING
100
AcDbPolyline
 90
4
 70
1
 10
24400.0
 20
-1400.0
 10
24600.0
 20
-1400.0
 10
24600.0
 20
-1200.0
 10
24400.0
 20
-1200.0
  0
LWPOLYLINE
  5
27D
330
17
100
AcDbEntity
  8
A-PAVING
100
AcDbPolyline
 90
4
 70
1
 10
24600.0
 20
-1400.0
 10
24800.0
 20
-1400.0
 10
24800.0
 20
-1200.0
 10
24600.0
 20
-1200.0
  0
LWPOLYLINE
  5
27E
330
17
100
AcDbEntity
  8
A-PAVING
100
AcDbPolyline
 90
4
 70
1
 10
24800.0
 20
-1400.0
 10
25000.0
 20
-1400.0
 10
25000.0
 20
-1200.0
 10
24800.0
 20
-1200.0
  0
LWPOLYLINE
  5
27F
330
17
100
AcDbEntity
  8
A-PAVING
100
AcDbPolyline
 90
4
 70
1
 10
25000.0
 20
-1400.0
 10
25200.0
 20
-1400.0
 10
25200.0
 20
-1200.0
 10
25000.0
 20
-1200.0
  0
LWPOLYLINE
  5
280
330
17
100
AcDbEntity
  8
A-PAVING
100
AcDbPolyline
 90
4
 70
1
 10
25200.0
 20
-1400.0
 10
25400.0
 20
-1400.0
 10
25400.0
 20
-1200.0
 10
25200.0
 20
-1200.0
  0
LWPOLYLINE
  5
281
330
17
100
AcDbEntity
  8
A-PAVING
100
AcDbPolyline
 90
4
 70
1
 10
25400.0
 20
-1400.0
 10
25600.0
 20
-1400.0
 10
25600.0
 20
-1200.0
 10
25400.0
 20
-1200.0
  0
LWPOLYLINE
  5
282
330
17
100
AcDbEntity
  8
A-PAVING
100
AcDbPolyline
 90
4
 70
1
 10
25600.0
 20
-1400.0
 10
25800.0
 20
-1400.0
 10
25800.0
 20
-1200.0
 10
25600.0
 20
-1200.0
  0
LWPOLYLINE
  5
283
330
17
100
AcDbEntity
  8
A-PAVING
100
AcDbPolyline
 90
4
 70
1
 10
25800.0
 20
-1400.0
 10
26000.0
 20
-1400.0
 10
26000.0
 20
-1200.0
 10
25800.0
 20
-1200.0
  0
LWPOLYLINE
  5
284
330
17
100
AcDbEntity
  8
A-PAVING
100
AcDbPolyline
 90
4
 70
1
 10
26000.0
 20
-1400.0
 10
26200.0
 20
-1400.0
 10
26200.0
 20
-1200.0
 10
26000.0
 20
-1200.0
  0
LWPOLYLINE
  5
285
330
17
100
AcDbEntity
  8
A-PAVING
100
AcDbPolyline
 90
4
 70
1
 10
26200.0
 20
-1400.0
 10
26400.0
 20
-1400.0
 10
26400.0
 20
-1200.0
 10
26200.0
 20
-1200.0
  0
LWPOLYLINE
  5
286
330
17
100
AcDbEntity
  8
A-PAVING
100
AcDbPolyline
 90
4
 70
1
 10
26400.0
 20
-1400.0
 10
26600.0
 20
-1400.0
 10
26600.0
 20
-1200.0
 10
26400.0
 20
-1200.0
  0
LWPOLYLINE
  5
287
330
17
100
AcDbEntity
  8
A-PAVING
100
AcDbPolyline
 90
4
 70
1
 10
26600.0
 20
-1400.0
 10
26800.0
 20
-1400.0
 10
26800.0
 20
-1200.0
 10
26600.0
 20
-1200.0
  0
LWPOLYLINE
  5
288
330
17
100
AcDbEntity
  8
A-PAVING
100
AcDbPolyline
 90
4
 70
1
 10
26800.0
 20
-1400.0
 10
27000.0
 20
-1400.0
 10
27000.0
 20
-1200.0
 10
26800.0
 20
-1200.0
  0
LWPOLYLINE
  5
289
330
17
100
AcDbEntity
  8
A-PAVING
100
AcDbPolyline
 90
4
 70
1
 10
27000.0
 20
-1400.0
 10
27200.0
 20
-1400.0
 10
27200.0
 20
-1200.0
 10
27000.0
 20
-1200.0
  0
LWPOLYLINE
  5
28A
330
17
100
AcDbEntity
  8
A-PAVING
100
AcDbPolyline
 90
4
 70
1
 10
21000.0
 20
-1600.0
 10
21200.0
 20
-1600.0
 10
21200.0
 20
-1400.0
 10
21000.0
 20
-1400.0
  0
LWPOLYLINE
  5
28B
330
17
100
AcDbEntity
  8
A-PAVING
100
AcDbPolyline
 90
4
 70
1
 10
21200.0
 20
-1600.0
 10
21400.0
 20
-1600.0
 10
21400.0
 20
-1400.0
 10
21200.0
 20
-1400.0
  0
LWPOLYLINE
  5
28C
330
17
100
AcDbEntity
  8
A-PAVING
100
AcDbPolyline
 90
4
 70
1
 10
21400.0
 20
-1600.0
 10
21600.0
 20
-1600.0
 10
21600.0
 20
-1400.0
 10
21400.0
 20
-1400.0
  0
LWPOLYLINE
  5
28D
330
17
100
AcDbEntity
  8
A-PAVING
100
AcDbPolyline
 90
4
 70
1
 10
21600.0
 20
-1600.0
 10
21800.0
 20
-1600.0
 10
21800.0
 20
-1400.0
 10
21600.0
 20
-1400.0
  0
LWPOLYLINE
  5
28E
330
17
100
AcDbEntity
  8
A-PAVING
100
AcDbPolyline
 90
4
 70
1
 10
21800.0
 20
-1600.0
 10
22000.0
 20
-1600.0
 10
22000.0
 20
-1400.0
 10
21800.0
 20
-1400.0
  0
LWPOLYLINE
  5
28F
330
17
100
AcDbEntity
  8
A-PAVING
100
AcDbPolyline
 90
4
 70
1
 10
22000.0
 20
-1600.0
 10
22200.0
 20
-1600.0
 10
22200.0
 20
-1400.0
 10
22000.0
 20
-1400.0
  0
LWPOLYLINE
  5
290
330
17
100
AcDbEntity
  8
A-PAVING
100
AcDbPolyline
 90
4
 70
1
 10
22200.0
 20
-1600.0
 10
22400.0
 20
-1600.0
 10
22400.0
 20
-1400.0
 10
22200.0
 20
-1400.0
  0
LWPOLYLINE
  5
291
330
17
100
AcDbEntity
  8
A-PAVING
100
AcDbPolyline
 90
4
 70
1
 10
22400.0
 20
-1600.0
 10
22600.0
 20
-1600.0
 10
22600.0
 20
-1400.0
 10
22400.0
 20
-1400.0
  0
LWPOLYLINE
  5
292
330
17
100
AcDbEntity
  8
A-PAVING
100
AcDbPolyline
 90
4
 70
1
 10
22600.0
 20
-1600.0
 10
22800.0
 20
-1600.0
 10
22800.0
 20
-1400.0
 10
22600.0
 20
-1400.0
  0
LWPOLYLINE
  5
293
330
17
100
AcDbEntity
  8
A-PAVING
100
AcDbPolyline
 90
4
 70
1
 10
22800.0
 20
-1600.0
 10
23000.0
 20
-1600.0
 10
23000.0
 20
-1400.0
 10
22800.0
 20
-1400.0
  0
LWPOLYLINE
  5
294
330
17
100
AcDbEntity
  8
A-PAVING
100
AcDbPolyline
 90
4
 70
1
 10
23000.0
 20
-1600.0
 10
23200.0
 20
-1600.0
 10
23200.0
 20
-1400.0
 10
23000.0
 20
-1400.0
  0
LWPOLYLINE
  5
295
330
17
100
AcDbEntity
  8
A-PAVING
100
AcDbPolyline
 90
4
 70
1
 10
23200.0
 20
-1600.0
 10
23400.0
 20
-1600.0
 10
23400.0
 20
-1400.0
 10
23200.0
 20
-1400.0
  0
LWPOLYLINE
  5
296
330
17
100
AcDbEntity
  8
A-PAVING
100
AcDbPolyline
 90
4
 70
1
 10
23400.0
 20
-1600.0
 10
23600.0
 20
-1600.0
 10
23600.0
 20
-1400.0
 10
23400.0
 20
-1400.0
  0
LWPOLYLINE
  5
297
330
17
100
AcDbEntity
  8
A-PAVING
100
AcDbPolyline
 90
4
 70
1
 10
23600.0
 20
-1600.0
 10
23800.0
 20
-1600.0
 10
23800.0
 20
-1400.0
 10
23600.0
 20
-1400.0
  0
LWPOLYLINE
  5
298
330
17
100
AcDbEntity
  8
A-PAVING
100
AcDbPolyline
 90
4
 70
1
 10
23800.0
 20
-1600.0
 10
24000.0
 20
-1600.0
 10
24000.0
 20
-1400.0
 10
23800.0
 20
-1400.0
  0
LWPOLYLINE
  5
299
330
17
100
AcDbEntity
  8
A-PAVING
100
AcDbPolyline
 90
4
 70
1
 10
24000.0
 20
-1600.0
 10
24200.0
 20
-1600.0
 10
24200.0
 20
-1400.0
 10
24000.0
 20
-1400.0
  0
LWPOLYLINE
  5
29A
330
17
100
AcDbEntity
  8
A-PAVING
100
AcDbPolyline
 90
4
 70
1
 10
24200.0
 20
-1600.0
 10
24400.0
 20
-1600.0
 10
24400.0
 20
-1400.0
 10
24200.0
 20
-1400.0
  0
LWPOLYLINE
  5
29B
330
17
100
AcDbEntity
  8
A-PAVING
100
AcDbPolyline
 90
4
 70
1
 10
24400.0
 20
-1600.0
 10
24600.0
 20
-1600.0
 10
24600.0
 20
-1400.0
 10
24400.0
 20
-1400.0
  0
LWPOLYLINE
  5
29C
330
17
100
AcDbEntity
  8
A-PAVING
100
AcDbPolyline
 90
4
 70
1
 10
24600.0
 20
-1600.0
 10
24800.0
 20
-1600.0
 10
24800.0
 20
-1400.0
 10
24600.0
 20
-1400.0
  0
LWPOLYLINE
  5
29D
330
17
100
AcDbEntity
  8
A-PAVING
100
AcDbPolyline
 90
4
 70
1
 10
24800.0
 20
-1600.0
 10
25000.0
 20
-1600.0
 10
25000.0
 20
-1400.0
 10
24800.0
 20
-1400.0
  0
LWPOLYLINE
  5
29E
330
17
100
AcDbEntity
  8
A-PAVING
100
AcDbPolyline
 90
4
 70
1
 10
25000.0
 20
-1600.0
 10
25200.0
 20
-1600.0
 10
25200.0
 20
-1400.0
 10
25000.0
 20
-1400.0
  0
LWPOLYLINE
  5
29F
330
17
100
AcDbEntity
  8
A-PAVING
100
AcDbPolyline
 90
4
 70
1
 10
25200.0
 20
-1600.0
 10
25400.0
 20
-1600.0
 10
25400.0
 20
-1400.0
 10
25200.0
 20
-1400.0
  0
LWPOLYLINE
  5
2A0
330
17
100
AcDbEntity
  8
A-PAVING
100
AcDbPolyline
 90
4
 70
1
 10
25400.0
 20
-1600.0
 10
25600.0
 20
-1600.0
 10
25600.0
 20
-1400.0
 10
25400.0
 20
-1400.0
  0
LWPOLYLINE
  5
2A1
330
17
100
AcDbEntity
  8
A-PAVING
100
AcDbPolyline
 90
4
 70
1
 10
25600.0
 20
-1600.0
 10
25800.0
 20
-1600.0
 10
25800.0
 20
-1400.0
 10
25600.0
 20
-1400.0
  0
LWPOLYLINE
  5
2A2
330
17
100
AcDbEntity
  8
A-PAVING
100
AcDbPolyline
 90
4
 70
1
 10
25800.0
 20
-1600.0
 10
26000.0
 20
-1600.0
 10
26000.0
 20
-1400.0
 10
25800.0
 20
-1400.0
  0
LWPOLYLINE
  5
2A3
330
17
100
AcDbEntity
  8
A-PAVING
100
AcDbPolyline
 90
4
 70
1
 10
26000.0
 20
-1600.0
 10
26200.0
 20
-1600.0
 10
26200.0
 20
-1400.0
 10
26000.0
 20
-1400.0
  0
LWPOLYLINE
  5
2A4
330
17
100
AcDbEntity
  8
A-PAVING
100
AcDbPolyline
 90
4
 70
1
 10
26200.0
 20
-1600.0
 10
26400.0
 20
-1600.0
 10
26400.0
 20
-1400.0
 10
26200.0
 20
-1400.0
  0
LWPOLYLINE
  5
2A5
330
17
100
AcDbEntity
  8
A-PAVING
100
AcDbPolyline
 90
4
 70
1
 10
26400.0
 20
-1600.0
 10
26600.0
 20
-1600.0
 10
26600.0
 20
-1400.0
 10
26400.0
 20
-1400.0
  0
LWPOLYLINE
  5
2A6
330
17
100
AcDbEntity
  8
A-PAVING
100
AcDbPolyline
 90
4
 70
1
 10
26600.0
 20
-1600.0
 10
26800.0
 20
-1600.0
 10
26800.0
 20
-1400.0
 10
26600.0
 20
-1400.0
  0
LWPOLYLINE
  5
2A7
330
17
100
AcDbEntity
  8
A-PAVING
100
AcDbPolyline
 90
4
 70
1
 10
26800.0
 20
-1600.0
 10
27000.0
 20
-1600.0
 10
27000.0
 20
-1400.0
 10
26800.0
 20
-1400.0
  0
LWPOLYLINE
  5
2A8
330
17
100
AcDbEntity
  8
A-PAVING
100
AcDbPolyline
 90
4
 70
1
 10
27000.0
 20
-1600.0
 10
27200.0
 20
-1600.0
 10
27200.0
 20
-1400.0
 10
27000.0
 20
-1400.0
  0
LWPOLYLINE
  5
2A9
330
17
100
AcDbEntity
  8
A-PAVING
100
AcDbPolyline
 90
4
 70
1
 10
21000.0
 20
-1800.0
 10
21200.0
 20
-1800.0
 10
21200.0
 20
-1600.0
 10
21000.0
 20
-1600.0
  0
LWPOLYLINE
  5
2AA
330
17
100
AcDbEntity
  8
A-PAVING
100
AcDbPolyline
 90
4
 70
1
 10
21200.0
 20
-1800.0
 10
21400.0
 20
-1800.0
 10
21400.0
 20
-1600.0
 10
21200.0
 20
-1600.0
  0
LWPOLYLINE
  5
2AB
330
17
100
AcDbEntity
  8
A-PAVING
100
AcDbPolyline
 90
4
 70
1
 10
21400.0
 20
-1800.0
 10
21600.0
 20
-1800.0
 10
21600.0
 20
-1600.0
 10
21400.0
 20
-1600.0
  0
LWPOLYLINE
  5
2AC
330
17
100
AcDbEntity
  8
A-PAVING
100
AcDbPolyline
 90
4
 70
1
 10
21600.0
 20
-1800.0
 10
21800.0
 20
-1800.0
 10
21800.0
 20
-1600.0
 10
21600.0
 20
-1600.0
  0
LWPOLYLINE
  5
2AD
330
17
100
AcDbEntity
  8
A-PAVING
100
AcDbPolyline
 90
4
 70
1
 10
21800.0
 20
-1800.0
 10
22000.0
 20
-1800.0
 10
22000.0
 20
-1600.0
 10
21800.0
 20
-1600.0
  0
LWPOLYLINE
  5
2AE
330
17
100
AcDbEntity
  8
A-PAVING
100
AcDbPolyline
 90
4
 70
1
 10
22000.0
 20
-1800.0
 10
22200.0
 20
-1800.0
 10
22200.0
 20
-1600.0
 10
22000.0
 20
-1600.0
  0
LWPOLYLINE
  5
2AF
330
17
100
AcDbEntity
  8
A-PAVING
100
AcDbPolyline
 90
4
 70
1
 10
22200.0
 20
-1800.0
 10
22400.0
 20
-1800.0
 10
22400.0
 20
-1600.0
 10
22200.0
 20
-1600.0
  0
LWPOLYLINE
  5
2B0
330
17
100
AcDbEntity
  8
A-PAVING
100
AcDbPolyline
 90
4
 70
1
 10
22400.0
 20
-1800.0
 10
22600.0
 20
-1800.0
 10
22600.0
 20
-1600.0
 10
22400.0
 20
-1600.0
  0
LWPOLYLINE
  5
2B1
330
17
100
AcDbEntity
  8
A-PAVING
100
AcDbPolyline
 90
4
 70
1
 10
22600.0
 20
-1800.0
 10
22800.0
 20
-1800.0
 10
22800.0
 20
-1600.0
 10
22600.0
 20
-1600.0
  0
LWPOLYLINE
  5
2B2
330
17
100
AcDbEntity
  8
A-PAVING
100
AcDbPolyline
 90
4
 70
1
 10
22800.0
 20
-1800.0
 10
23000.0
 20
-1800.0
 10
23000.0
 20
-1600.0
 10
22800.0
 20
-1600.0
  0
LWPOLYLINE
  5
2B3
330
17
100
AcDbEntity
  8
A-PAVING
100
AcDbPolyline
 90
4
 70
1
 10
23000.0
 20
-1800.0
 10
23200.0
 20
-1800.0
 10
23200.0
 20
-1600.0
 10
23000.0
 20
-1600.0
  0
LWPOLYLINE
  5
2B4
330
17
100
AcDbEntity
  8
A-PAVING
100
AcDbPolyline
 90
4
 70
1
 10
23200.0
 20
-1800.0
 10
23400.0
 20
-1800.0
 10
23400.0
 20
-1600.0
 10
23200.0
 20
-1600.0
  0
LWPOLYLINE
  5
2B5
330
17
100
AcDbEntity
  8
A-PAVING
100
AcDbPolyline
 90
4
 70
1
 10
23400.0
 20
-1800.0
 10
23600.0
 20
-1800.0
 10
23600.0
 20
-1600.0
 10
23400.0
 20
-1600.0
  0
LWPOLYLINE
  5
2B6
330
17
100
AcDbEntity
  8
A-PAVING
100
AcDbPolyline
 90
4
 70
1
 10
23600.0
 20
-1800.0
 10
23800.0
 20
-1800.0
 10
23800.0
 20
-1600.0
 10
23600.0
 20
-1600.0
  0
LWPOLYLINE
  5
2B7
330
17
100
AcDbEntity
  8
A-PAVING
100
AcDbPolyline
 90
4
 70
1
 10
23800.0
 20
-1800.0
 10
24000.0
 20
-1800.0
 10
24000.0
 20
-1600.0
 10
23800.0
 20
-1600.0
  0
LWPOLYLINE
  5
2B8
330
17
100
AcDbEntity
  8
A-PAVING
100
AcDbPolyline
 90
4
 70
1
 10
24000.0
 20
-1800.0
 10
24200.0
 20
-1800.0
 10
24200.0
 20
-1600.0
 10
24000.0
 20
-1600.0
  0
LWPOLYLINE
  5
2B9
330
17
100
AcDbEntity
  8
A-PAVING
100
AcDbPolyline
 90
4
 70
1
 10
24200.0
 20
-1800.0
 10
24400.0
 20
-1800.0
 10
24400.0
 20
-1600.0
 10
24200.0
 20
-1600.0
  0
LWPOLYLINE
  5
2BA
330
17
100
AcDbEntity
  8
A-PAVING
100
AcDbPolyline
 90
4
 70
1
 10
24400.0
 20
-1800.0
 10
24600.0
 20
-1800.0
 10
24600.0
 20
-1600.0
 10
24400.0
 20
-1600.0
  0
LWPOLYLINE
  5
2BB
330
17
100
AcDbEntity
  8
A-PAVING
100
AcDbPolyline
 90
4
 70
1
 10
24600.0
 20
-1800.0
 10
24800.0
 20
-1800.0
 10
24800.0
 20
-1600.0
 10
24600.0
 20
-1600.0
  0
LWPOLYLINE
  5
2BC
330
17
100
AcDbEntity
  8
A-PAVING
100
AcDbPolyline
 90
4
 70
1
 10
24800.0
 20
-1800.0
 10
25000.0
 20
-1800.0
 10
25000.0
 20
-1600.0
 10
24800.0
 20
-1600.0
  0
LWPOLYLINE
  5
2BD
330
17
100
AcDbEntity
  8
A-PAVING
100
AcDbPolyline
 90
4
 70
1
 10
25000.0
 20
-1800.0
 10
25200.0
 20
-1800.0
 10
25200.0
 20
-1600.0
 10
25000.0
 20
-1600.0
  0
LWPOLYLINE
  5
2BE
330
17
100
AcDbEntity
  8
A-PAVING
100
AcDbPolyline
 90
4
 70
1
 10
25200.0
 20
-1800.0
 10
25400.0
 20
-1800.0
 10
25400.0
 20
-1600.0
 10
25200.0
 20
-1600.0
  0
LWPOLYLINE
  5
2BF
330
17
100
AcDbEntity
  8
A-PAVING
100
AcDbPolyline
 90
4
 70
1
 10
25400.0
 20
-1800.0
 10
25600.0
 20
-1800.0
 10
25600.0
 20
-1600.0
 10
25400.0
 20
-1600.0
  0
LWPOLYLINE
  5
2C0
330
17
100
AcDbEntity
  8
A-PAVING
100
AcDbPolyline
 90
4
 70
1
 10
25600.0
 20
-1800.0
 10
25800.0
 20
-1800.0
 10
25800.0
 20
-1600.0
 10
25600.0
 20
-1600.0
  0
LWPOLYLINE
  5
2C1
330
17
100
AcDbEntity
  8
A-PAVING
100
AcDbPolyline
 90
4
 70
1
 10
25800.0
 20
-1800.0
 10
26000.0
 20
-1800.0
 10
26000.0
 20
-1600.0
 10
25800.0
 20
-1600.0
  0
LWPOLYLINE
  5
2C2
330
17
100
AcDbEntity
  8
A-PAVING
100
AcDbPolyline
 90
4
 70
1
 10
26000.0
 20
-1800.0
 10
26200.0
 20
-1800.0
 10
26200.0
 20
-1600.0
 10
26000.0
 20
-1600.0
  0
LWPOLYLINE
  5
2C3
330
17
100
AcDbEntity
  8
A-PAVING
100
AcDbPolyline
 90
4
 70
1
 10
26200.0
 20
-1800.0
 10
26400.0
 20
-1800.0
 10
26400.0
 20
-1600.0
 10
26200.0
 20
-1600.0
  0
LWPOLYLINE
  5
2C4
330
17
100
AcDbEntity
  8
A-PAVING
100
AcDbPolyline
 90
4
 70
1
 10
26400.0
 20
-1800.0
 10
26600.0
 20
-1800.0
 10
26600.0
 20
-1600.0
 10
26400.0
 20
-1600.0
  0
LWPOLYLINE
  5
2C5
330
17
100
AcDbEntity
  8
A-PAVING
100
AcDbPolyline
 90
4
 70
1
 10
26600.0
 20
-1800.0
 10
26800.0
 20
-1800.0
 10
26800.0
 20
-1600.0
 10
26600.0
 20
-1600.0
  0
LWPOLYLINE
  5
2C6
330
17
100
AcDbEntity
  8
A-PAVING
100
AcDbPolyline
 90
4
 70
1
 10
26800.0
 20
-1800.0
 10
27000.0
 20
-1800.0
 10
27000.0
 20
-1600.0
 10
26800.0
 20
-1600.0
  0
LWPOLYLINE
  5
2C7
330
17
100
AcDbEntity
  8
A-PAVING
100
AcDbPolyline
 90
4
 70
1
 10
27000.0
 20
-1800.0
 10
27200.0
 20
-1800.0
 10
27200.0
 20
-1600.0
 10
27000.0
 20
-1600.0
  0
LWPOLYLINE
  5
2C8
330
17
100
AcDbEntity
  8
A-PAVING
100
AcDbPolyline
 90
4
 70
1
 10
21000.0
 20
-2000.0
 10
21200.0
 20
-2000.0
 10
21200.0
 20
-1800.0
 10
21000.0
 20
-1800.0
  0
LWPOLYLINE
  5
2C9
330
17
100
AcDbEntity
  8
A-PAVING
100
AcDbPolyline
 90
4
 70
1
 10
21200.0
 20
-2000.0
 10
21400.0
 20
-2000.0
 10
21400.0
 20
-1800.0
 10
21200.0
 20
-1800.0
  0
LWPOLYLINE
  5
2CA
330
17
100
AcDbEntity
  8
A-PAVING
100
AcDbPolyline
 90
4
 70
1
 10
21400.0
 20
-2000.0
 10
21600.0
 20
-2000.0
 10
21600.0
 20
-1800.0
 10
21400.0
 20
-1800.0
  0
LWPOLYLINE
  5
2CB
330
17
100
AcDbEntity
  8
A-PAVING
100
AcDbPolyline
 90
4
 70
1
 10
21600.0
 20
-2000.0
 10
21800.0
 20
-2000.0
 10
21800.0
 20
-1800.0
 10
21600.0
 20
-1800.0
  0
LWPOLYLINE
  5
2CC
330
17
100
AcDbEntity
  8
A-PAVING
100
AcDbPolyline
 90
4
 70
1
 10
21800.0
 20
-2000.0
 10
22000.0
 20
-2000.0
 10
22000.0
 20
-1800.0
 10
21800.0
 20
-1800.0
  0
LWPOLYLINE
  5
2CD
330
17
100
AcDbEntity
  8
A-PAVING
100
AcDbPolyline
 90
4
 70
1
 10
22000.0
 20
-2000.0
 10
22200.0
 20
-2000.0
 10
22200.0
 20
-1800.0
 10
22000.0
 20
-1800.0
  0
LWPOLYLINE
  5
2CE
330
17
100
AcDbEntity
  8
A-PAVING
100
AcDbPolyline
 90
4
 70
1
 10
22200.0
 20
-2000.0
 10
22400.0
 20
-2000.0
 10
22400.0
 20
-1800.0
 10
22200.0
 20
-1800.0
  0
LWPOLYLINE
  5
2CF
330
17
100
AcDbEntity
  8
A-PAVING
100
AcDbPolyline
 90
4
 70
1
 10
22400.0
 20
-2000.0
 10
22600.0
 20
-2000.0
 10
22600.0
 20
-1800.0
 10
22400.0
 20
-1800.0
  0
LWPOLYLINE
  5
2D0
330
17
100
AcDbEntity
  8
A-PAVING
100
AcDbPolyline
 90
4
 70
1
 10
22600.0
 20
-2000.0
 10
22800.0
 20
-2000.0
 10
22800.0
 20
-1800.0
 10
22600.0
 20
-1800.0
  0
LWPOLYLINE
  5
2D1
330
17
100
AcDbEntity
  8
A-PAVING
100
AcDbPolyline
 90
4
 70
1
 10
22800.0
 20
-2000.0
 10
23000.0
 20
-2000.0
 10
23000.0
 20
-1800.0
 10
22800.0
 20
-1800.0
  0
LWPOLYLINE
  5
2D2
330
17
100
AcDbEntity
  8
A-PAVING
100
AcDbPolyline
 90
4
 70
1
 10
23000.0
 20
-2000.0
 10
23200.0
 20
-2000.0
 10
23200.0
 20
-1800.0
 10
23000.0
 20
-1800.0
  0
LWPOLYLINE
  5
2D3
330
17
100
AcDbEntity
  8
A-PAVING
100
AcDbPolyline
 90
4
 70
1
 10
23200.0
 20
-2000.0
 10
23400.0
 20
-2000.0
 10
23400.0
 20
-1800.0
 10
23200.0
 20
-1800.0
  0
LWPOLYLINE
  5
2D4
330
17
100
AcDbEntity
  8
A-PAVING
100
AcDbPolyline
 90
4
 70
1
 10
23400.0
 20
-2000.0
 10
23600.0
 20
-2000.0
 10
23600.0
 20
-1800.0
 10
23400.0
 20
-1800.0
  0
LWPOLYLINE
  5
2D5
330
17
100
AcDbEntity
  8
A-PAVING
100
AcDbPolyline
 90
4
 70
1
 10
23600.0
 20
-2000.0
 10
23800.0
 20
-2000.0
 10
23800.0
 20
-1800.0
 10
23600.0
 20
-1800.0
  0
LWPOLYLINE
  5
2D6
330
17
100
AcDbEntity
  8
A-PAVING
100
AcDbPolyline
 90
4
 70
1
 10
23800.0
 20
-2000.0
 10
24000.0
 20
-2000.0
 10
24000.0
 20
-1800.0
 10
23800.0
 20
-1800.0
  0
LWPOLYLINE
  5
2D7
330
17
100
AcDbEntity
  8
A-PAVING
100
AcDbPolyline
 90
4
 70
1
 10
24000.0
 20
-2000.0
 10
24200.0
 20
-2000.0
 10
24200.0
 20
-1800.0
 10
24000.0
 20
-1800.0
  0
LWPOLYLINE
  5
2D8
330
17
100
AcDbEntity
  8
A-PAVING
100
AcDbPolyline
 90
4
 70
1
 10
24200.0
 20
-2000.0
 10
24400.0
 20
-2000.0
 10
24400.0
 20
-1800.0
 10
24200.0
 20
-1800.0
  0
LWPOLYLINE
  5
2D9
330
17
100
AcDbEntity
  8
A-PAVING
100
AcDbPolyline
 90
4
 70
1
 10
24400.0
 20
-2000.0
 10
24600.0
 20
-2000.0
 10
24600.0
 20
-1800.0
 10
24400.0
 20
-1800.0
  0
LWPOLYLINE
  5
2DA
330
17
100
AcDbEntity
  8
A-PAVING
100
AcDbPolyline
 90
4
 70
1
 10
24600.0
 20
-2000.0
 10
24800.0
 20
-2000.0
 10
24800.0
 20
-1800.0
 10
24600.0
 20
-1800.0
  0
LWPOLYLINE
  5
2DB
330
17
100
AcDbEntity
  8
A-PAVING
100
AcDbPolyline
 90
4
 70
1
 10
24800.0
 20
-2000.0
 10
25000.0
 20
-2000.0
 10
25000.0
 20
-1800.0
 10
24800.0
 20
-1800.0
  0
LWPOLYLINE
  5
2DC
330
17
100
AcDbEntity
  8
A-PAVING
100
AcDbPolyline
 90
4
 70
1
 10
25000.0
 20
-2000.0
 10
25200.0
 20
-2000.0
 10
25200.0
 20
-1800.0
 10
25000.0
 20
-1800.0
  0
LWPOLYLINE
  5
2DD
330
17
100
AcDbEntity
  8
A-PAVING
100
AcDbPolyline
 90
4
 70
1
 10
25200.0
 20
-2000.0
 10
25400.0
 20
-2000.0
 10
25400.0
 20
-1800.0
 10
25200.0
 20
-1800.0
  0
LWPOLYLINE
  5
2DE
330
17
100
AcDbEntity
  8
A-PAVING
100
AcDbPolyline
 90
4
 70
1
 10
25400.0
 20
-2000.0
 10
25600.0
 20
-2000.0
 10
25600.0
 20
-1800.0
 10
25400.0
 20
-1800.0
  0
LWPOLYLINE
  5
2DF
330
17
100
AcDbEntity
  8
A-PAVING
100
AcDbPolyline
 90
4
 70
1
 10
25600.0
 20
-2000.0
 10
25800.0
 20
-2000.0
 10
25800.0
 20
-1800.0
 10
25600.0
 20
-1800.0
  0
LWPOLYLINE
  5
2E0
330
17
100
AcDbEntity
  8
A-PAVING
100
AcDbPolyline
 90
4
 70
1
 10
25800.0
 20
-2000.0
 10
26000.0
 20
-2000.0
 10
26000.0
 20
-1800.0
 10
25800.0
 20
-1800.0
  0
LWPOLYLINE
  5
2E1
330
17
100
AcDbEntity
  8
A-PAVING
100
AcDbPolyline
 90
4
 70
1
 10
26000.0
 20
-2000.0
 10
26200.0
 20
-2000.0
 10
26200.0
 20
-1800.0
 10
26000.0
 20
-1800.0
  0
LWPOLYLINE
  5
2E2
330
17
100
AcDbEntity
  8
A-PAVING
100
AcDbPolyline
 90
4
 70
1
 10
26200.0
 20
-2000.0
 10
26400.0
 20
-2000.0
 10
26400.0
 20
-1800.0
 10
26200.0
 20
-1800.0
  0
LWPOLYLINE
  5
2E3
330
17
100
AcDbEntity
  8
A-PAVING
100
AcDbPolyline
 90
4
 70
1
 10
26400.0
 20
-2000.0
 10
26600.0
 20
-2000.0
 10
26600.0
 20
-1800.0
 10
26400.0
 20
-1800.0
  0
LWPOLYLINE
  5
2E4
330
17
100
AcDbEntity
  8
A-PAVING
100
AcDbPolyline
 90
4
 70
1
 10
26600.0
 20
-2000.0
 10
26800.0
 20
-2000.0
 10
26800.0
 20
-1800.0
 10
26600.0
 20
-1800.0
  0
LWPOLYLINE
  5
2E5
330
17
100
AcDbEntity
  8
A-PAVING
100
AcDbPolyline
 90
4
 70
1
 10
26800.0
 20
-2000.0
 10
27000.0
 20
-2000.0
 10
27000.0
 20
-1800.0
 10
26800.0
 20
-1800.0
  0
LWPOLYLINE
  5
2E6
330
17
100
AcDbEntity
  8
A-PAVING
100
AcDbPolyline
 90
4
 70
1
 10
27000.0
 20
-2000.0
 10
27200.0
 20
-2000.0
 10
27200.0
 20
-1800.0
 10
27000.0
 20
-1800.0
  0
LWPOLYLINE
  5
2E7
330
17
100
AcDbEntity
  8
A-PAVING
100
AcDbPolyline
 90
4
 70
1
 10
21000.0
 20
-2200.0
 10
21200.0
 20
-2200.0
 10
21200.0
 20
-2000.0
 10
21000.0
 20
-2000.0
  0
LWPOLYLINE
  5
2E8
330
17
100
AcDbEntity
  8
A-PAVING
100
AcDbPolyline
 90
4
 70
1
 10
21200.0
 20
-2200.0
 10
21400.0
 20
-2200.0
 10
21400.0
 20
-2000.0
 10
21200.0
 20
-2000.0
  0
LWPOLYLINE
  5
2E9
330
17
100
AcDbEntity
  8
A-PAVING
100
AcDbPolyline
 90
4
 70
1
 10
21400.0
 20
-2200.0
 10
21600.0
 20
-2200.0
 10
21600.0
 20
-2000.0
 10
21400.0
 20
-2000.0
  0
LWPOLYLINE
  5
2EA
330
17
100
AcDbEntity
  8
A-PAVING
100
AcDbPolyline
 90
4
 70
1
 10
21600.0
 20
-2200.0
 10
21800.0
 20
-2200.0
 10
21800.0
 20
-2000.0
 10
21600.0
 20
-2000.0
  0
LWPOLYLINE
  5
2EB
330
17
100
AcDbEntity
  8
A-PAVING
100
AcDbPolyline
 90
4
 70
1
 10
21800.0
 20
-2200.0
 10
22000.0
 20
-2200.0
 10
22000.0
 20
-2000.0
 10
21800.0
 20
-2000.0
  0
LWPOLYLINE
  5
2EC
330
17
100
AcDbEntity
  8
A-PAVING
100
AcDbPolyline
 90
4
 70
1
 10
22000.0
 20
-2200.0
 10
22200.0
 20
-2200.0
 10
22200.0
 20
-2000.0
 10
22000.0
 20
-2000.0
  0
LWPOLYLINE
  5
2ED
330
17
100
AcDbEntity
  8
A-PAVING
100
AcDbPolyline
 90
4
 70
1
 10
22200.0
 20
-2200.0
 10
22400.0
 20
-2200.0
 10
22400.0
 20
-2000.0
 10
22200.0
 20
-2000.0
  0
LWPOLYLINE
  5
2EE
330
17
100
AcDbEntity
  8
A-PAVING
100
AcDbPolyline
 90
4
 70
1
 10
22400.0
 20
-2200.0
 10
22600.0
 20
-2200.0
 10
22600.0
 20
-2000.0
 10
22400.0
 20
-2000.0
  0
LWPOLYLINE
  5
2EF
330
17
100
AcDbEntity
  8
A-PAVING
100
AcDbPolyline
 90
4
 70
1
 10
22600.0
 20
-2200.0
 10
22800.0
 20
-2200.0
 10
22800.0
 20
-2000.0
 10
22600.0
 20
-2000.0
  0
LWPOLYLINE
  5
2F0
330
17
100
AcDbEntity
  8
A-PAVING
100
AcDbPolyline
 90
4
 70
1
 10
22800.0
 20
-2200.0
 10
23000.0
 20
-2200.0
 10
23000.0
 20
-2000.0
 10
22800.0
 20
-2000.0
  0
LWPOLYLINE
  5
2F1
330
17
100
AcDbEntity
  8
A-PAVING
100
AcDbPolyline
 90
4
 70
1
 10
23000.0
 20
-2200.0
 10
23200.0
 20
-2200.0
 10
23200.0
 20
-2000.0
 10
23000.0
 20
-2000.0
  0
LWPOLYLINE
  5
2F2
330
17
100
AcDbEntity
  8
A-PAVING
100
AcDbPolyline
 90
4
 70
1
 10
23200.0
 20
-2200.0
 10
23400.0
 20
-2200.0
 10
23400.0
 20
-2000.0
 10
23200.0
 20
-2000.0
  0
LWPOLYLINE
  5
2F3
330
17
100
AcDbEntity
  8
A-PAVING
100
AcDbPolyline
 90
4
 70
1
 10
23400.0
 20
-2200.0
 10
23600.0
 20
-2200.0
 10
23600.0
 20
-2000.0
 10
23400.0
 20
-2000.0
  0
LWPOLYLINE
  5
2F4
330
17
100
AcDbEntity
  8
A-PAVING
100
AcDbPolyline
 90
4
 70
1
 10
23600.0
 20
-2200.0
 10
23800.0
 20
-2200.0
 10
23800.0
 20
-2000.0
 10
23600.0
 20
-2000.0
  0
LWPOLYLINE
  5
2F5
330
17
100
AcDbEntity
  8
A-PAVING
100
AcDbPolyline
 90
4
 70
1
 10
23800.0
 20
-2200.0
 10
24000.0
 20
-2200.0
 10
24000.0
 20
-2000.0
 10
23800.0
 20
-2000.0
  0
LWPOLYLINE
  5
2F6
330
17
100
AcDbEntity
  8
A-PAVING
100
AcDbPolyline
 90
4
 70
1
 10
24000.0
 20
-2200.0
 10
24200.0
 20
-2200.0
 10
24200.0
 20
-2000.0
 10
24000.0
 20
-2000.0
  0
LWPOLYLINE
  5
2F7
330
17
100
AcDbEntity
  8
A-PAVING
100
AcDbPolyline
 90
4
 70
1
 10
24200.0
 20
-2200.0
 10
24400.0
 20
-2200.0
 10
24400.0
 20
-2000.0
 10
24200.0
 20
-2000.0
  0
LWPOLYLINE
  5
2F8
330
17
100
AcDbEntity
  8
A-PAVING
100
AcDbPolyline
 90
4
 70
1
 10
24400.0
 20
-2200.0
 10
24600.0
 20
-2200.0
 10
24600.0
 20
-2000.0
 10
24400.0
 20
-2000.0
  0
LWPOLYLINE
  5
2F9
330
17
100
AcDbEntity
  8
A-PAVING
100
AcDbPolyline
 90
4
 70
1
 10
24600.0
 20
-2200.0
 10
24800.0
 20
-2200.0
 10
24800.0
 20
-2000.0
 10
24600.0
 20
-2000.0
  0
LWPOLYLINE
  5
2FA
330
17
100
AcDbEntity
  8
A-PAVING
100
AcDbPolyline
 90
4
 70
1
 10
24800.0
 20
-2200.0
 10
25000.0
 20
-2200.0
 10
25000.0
 20
-2000.0
 10
24800.0
 20
-2000.0
  0
LWPOLYLINE
  5
2FB
330
17
100
AcDbEntity
  8
A-PAVING
100
AcDbPolyline
 90
4
 70
1
 10
25000.0
 20
-2200.0
 10
25200.0
 20
-2200.0
 10
25200.0
 20
-2000.0
 10
25000.0
 20
-2000.0
  0
LWPOLYLINE
  5
2FC
330
17
100
AcDbEntity
  8
A-PAVING
100
AcDbPolyline
 90
4
 70
1
 10
25200.0
 20
-2200.0
 10
25400.0
 20
-2200.0
 10
25400.0
 20
-2000.0
 10
25200.0
 20
-2000.0
  0
LWPOLYLINE
  5
2FD
330
17
100
AcDbEntity
  8
A-PAVING
100
AcDbPolyline
 90
4
 70
1
 10
25400.0
 20
-2200.0
 10
25600.0
 20
-2200.0
 10
25600.0
 20
-2000.0
 10
25400.0
 20
-2000.0
  0
LWPOLYLINE
  5
2FE
330
17
100
AcDbEntity
  8
A-PAVING
100
AcDbPolyline
 90
4
 70
1
 10
25600.0
 20
-2200.0
 10
25800.0
 20
-2200.0
 10
25800.0
 20
-2000.0
 10
25600.0
 20
-2000.0
  0
LWPOLYLINE
  5
2FF
330
17
100
AcDbEntity
  8
A-PAVING
100
AcDbPolyline
 90
4
 70
1
 10
25800.0
 20
-2200.0
 10
26000.0
 20
-2200.0
 10
26000.0
 20
-2000.0
 10
25800.0
 20
-2000.0
  0
LWPOLYLINE
  5
300
330
17
100
AcDbEntity
  8
A-PAVING
100
AcDbPolyline
 90
4
 70
1
 10
26000.0
 20
-2200.0
 10
26200.0
 20
-2200.0
 10
26200.0
 20
-2000.0
 10
26000.0
 20
-2000.0
  0
LWPOLYLINE
  5
301
330
17
100
AcDbEntity
  8
A-PAVING
100
AcDbPolyline
 90
4
 70
1
 10
26200.0
 20
-2200.0
 10
26400.0
 20
-2200.0
 10
26400.0
 20
-2000.0
 10
26200.0
 20
-2000.0
  0
LWPOLYLINE
  5
302
330
17
100
AcDbEntity
  8
A-PAVING
100
AcDbPolyline
 90
4
 70
1
 10
26400.0
 20
-2200.0
 10
26600.0
 20
-2200.0
 10
26600.0
 20
-2000.0
 10
26400.0
 20
-2000.0
  0
LWPOLYLINE
  5
303
330
17
100
AcDbEntity
  8
A-PAVING
100
AcDbPolyline
 90
4
 70
1
 10
26600.0
 20
-2200.0
 10
26800.0
 20
-2200.0
 10
26800.0
 20
-2000.0
 10
26600.0
 20
-2000.0
  0
LWPOLYLINE
  5
304
330
17
100
AcDbEntity
  8
A-PAVING
100
AcDbPolyline
 90
4
 70
1
 10
26800.0
 20
-2200.0
 10
27000.0
 20
-2200.0
 10
27000.0
 20
-2000.0
 10
26800.0
 20
-2000.0
  0
LWPOLYLINE
  5
305
330
17
100
AcDbEntity
  8
A-PAVING
100
AcDbPolyline
 90
4
 70
1
 10
27000.0
 20
-2200.0
 10
27200.0
 20
-2200.0
 10
27200.0
 20
-2000.0
 10
27000.0
 20
-2000.0
  0
LWPOLYLINE
  5
306
330
17
100
AcDbEntity
  8
A-PAVING
100
AcDbPolyline
 90
4
 70
1
 10
21000.0
 20
-2400.0
 10
21200.0
 20
-2400.0
 10
21200.0
 20
-2200.0
 10
21000.0
 20
-2200.0
  0
LWPOLYLINE
  5
307
330
17
100
AcDbEntity
  8
A-PAVING
100
AcDbPolyline
 90
4
 70
1
 10
21200.0
 20
-2400.0
 10
21400.0
 20
-2400.0
 10
21400.0
 20
-2200.0
 10
21200.0
 20
-2200.0
  0
LWPOLYLINE
  5
308
330
17
100
AcDbEntity
  8
A-PAVING
100
AcDbPolyline
 90
4
 70
1
 10
21400.0
 20
-2400.0
 10
21600.0
 20
-2400.0
 10
21600.0
 20
-2200.0
 10
21400.0
 20
-2200.0
  0
LWPOLYLINE
  5
309
330
17
100
AcDbEntity
  8
A-PAVING
100
AcDbPolyline
 90
4
 70
1
 10
21600.0
 20
-2400.0
 10
21800.0
 20
-2400.0
 10
21800.0
 20
-2200.0
 10
21600.0
 20
-2200.0
  0
LWPOLYLINE
  5
30A
330
17
100
AcDbEntity
  8
A-PAVING
100
AcDbPolyline
 90
4
 70
1
 10
21800.0
 20
-2400.0
 10
22000.0
 20
-2400.0
 10
22000.0
 20
-2200.0
 10
21800.0
 20
-2200.0
  0
LWPOLYLINE
  5
30B
330
17
100
AcDbEntity
  8
A-PAVING
100
AcDbPolyline
 90
4
 70
1
 10
22000.0
 20
-2400.0
 10
22200.0
 20
-2400.0
 10
22200.0
 20
-2200.0
 10
22000.0
 20
-2200.0
  0
LWPOLYLINE
  5
30C
330
17
100
AcDbEntity
  8
A-PAVING
100
AcDbPolyline
 90
4
 70
1
 10
22200.0
 20
-2400.0
 10
22400.0
 20
-2400.0
 10
22400.0
 20
-2200.0
 10
22200.0
 20
-2200.0
  0
LWPOLYLINE
  5
30D
330
17
100
AcDbEntity
  8
A-PAVING
100
AcDbPolyline
 90
4
 70
1
 10
22400.0
 20
-2400.0
 10
22600.0
 20
-2400.0
 10
22600.0
 20
-2200.0
 10
22400.0
 20
-2200.0
  0
LWPOLYLINE
  5
30E
330
17
100
AcDbEntity
  8
A-PAVING
100
AcDbPolyline
 90
4
 70
1
 10
22600.0
 20
-2400.0
 10
22800.0
 20
-2400.0
 10
22800.0
 20
-2200.0
 10
22600.0
 20
-2200.0
  0
LWPOLYLINE
  5
30F
330
17
100
AcDbEntity
  8
A-PAVING
100
AcDbPolyline
 90
4
 70
1
 10
22800.0
 20
-2400.0
 10
23000.0
 20
-2400.0
 10
23000.0
 20
-2200.0
 10
22800.0
 20
-2200.0
  0
LWPOLYLINE
  5
310
330
17
100
AcDbEntity
  8
A-PAVING
100
AcDbPolyline
 90
4
 70
1
 10
23000.0
 20
-2400.0
 10
23200.0
 20
-2400.0
 10
23200.0
 20
-2200.0
 10
23000.0
 20
-2200.0
  0
LWPOLYLINE
  5
311
330
17
100
AcDbEntity
  8
A-PAVING
100
AcDbPolyline
 90
4
 70
1
 10
23200.0
 20
-2400.0
 10
23400.0
 20
-2400.0
 10
23400.0
 20
-2200.0
 10
23200.0
 20
-2200.0
  0
LWPOLYLINE
  5
312
330
17
100
AcDbEntity
  8
A-PAVING
100
AcDbPolyline
 90
4
 70
1
 10
23400.0
 20
-2400.0
 10
23600.0
 20
-2400.0
 10
23600.0
 20
-2200.0
 10
23400.0
 20
-2200.0
  0
LWPOLYLINE
  5
313
330
17
100
AcDbEntity
  8
A-PAVING
100
AcDbPolyline
 90
4
 70
1
 10
23600.0
 20
-2400.0
 10
23800.0
 20
-2400.0
 10
23800.0
 20
-2200.0
 10
23600.0
 20
-2200.0
  0
LWPOLYLINE
  5
314
330
17
100
AcDbEntity
  8
A-PAVING
100
AcDbPolyline
 90
4
 70
1
 10
23800.0
 20
-2400.0
 10
24000.0
 20
-2400.0
 10
24000.0
 20
-2200.0
 10
23800.0
 20
-2200.0
  0
LWPOLYLINE
  5
315
330
17
100
AcDbEntity
  8
A-PAVING
100
AcDbPolyline
 90
4
 70
1
 10
24000.0
 20
-2400.0
 10
24200.0
 20
-2400.0
 10
24200.0
 20
-2200.0
 10
24000.0
 20
-2200.0
  0
LWPOLYLINE
  5
316
330
17
100
AcDbEntity
  8
A-PAVING
100
AcDbPolyline
 90
4
 70
1
 10
24200.0
 20
-2400.0
 10
24400.0
 20
-2400.0
 10
24400.0
 20
-2200.0
 10
24200.0
 20
-2200.0
  0
LWPOLYLINE
  5
317
330
17
100
AcDbEntity
  8
A-PAVING
100
AcDbPolyline
 90
4
 70
1
 10
24400.0
 20
-2400.0
 10
24600.0
 20
-2400.0
 10
24600.0
 20
-2200.0
 10
24400.0
 20
-2200.0
  0
LWPOLYLINE
  5
318
330
17
100
AcDbEntity
  8
A-PAVING
100
AcDbPolyline
 90
4
 70
1
 10
24600.0
 20
-2400.0
 10
24800.0
 20
-2400.0
 10
24800.0
 20
-2200.0
 10
24600.0
 20
-2200.0
  0
LWPOLYLINE
  5
319
330
17
100
AcDbEntity
  8
A-PAVING
100
AcDbPolyline
 90
4
 70
1
 10
24800.0
 20
-2400.0
 10
25000.0
 20
-2400.0
 10
25000.0
 20
-2200.0
 10
24800.0
 20
-2200.0
  0
LWPOLYLINE
  5
31A
330
17
100
AcDbEntity
  8
A-PAVING
100
AcDbPolyline
 90
4
 70
1
 10
25000.0
 20
-2400.0
 10
25200.0
 20
-2400.0
 10
25200.0
 20
-2200.0
 10
25000.0
 20
-2200.0
  0
LWPOLYLINE
  5
31B
330
17
100
AcDbEntity
  8
A-PAVING
100
AcDbPolyline
 90
4
 70
1
 10
25200.0
 20
-2400.0
 10
25400.0
 20
-2400.0
 10
25400.0
 20
-2200.0
 10
25200.0
 20
-2200.0
  0
LWPOLYLINE
  5
31C
330
17
100
AcDbEntity
  8
A-PAVING
100
AcDbPolyline
 90
4
 70
1
 10
25400.0
 20
-2400.0
 10
25600.0
 20
-2400.0
 10
25600.0
 20
-2200.0
 10
25400.0
 20
-2200.0
  0
LWPOLYLINE
  5
31D
330
17
100
AcDbEntity
  8
A-PAVING
100
AcDbPolyline
 90
4
 70
1
 10
25600.0
 20
-2400.0
 10
25800.0
 20
-2400.0
 10
25800.0
 20
-2200.0
 10
25600.0
 20
-2200.0
  0
LWPOLYLINE
  5
31E
330
17
100
AcDbEntity
  8
A-PAVING
100
AcDbPolyline
 90
4
 70
1
 10
25800.0
 20
-2400.0
 10
26000.0
 20
-2400.0
 10
26000.0
 20
-2200.0
 10
25800.0
 20
-2200.0
  0
LWPOLYLINE
  5
31F
330
17
100
AcDbEntity
  8
A-PAVING
100
AcDbPolyline
 90
4
 70
1
 10
26000.0
 20
-2400.0
 10
26200.0
 20
-2400.0
 10
26200.0
 20
-2200.0
 10
26000.0
 20
-2200.0
  0
LWPOLYLINE
  5
320
330
17
100
AcDbEntity
  8
A-PAVING
100
AcDbPolyline
 90
4
 70
1
 10
26200.0
 20
-2400.0
 10
26400.0
 20
-2400.0
 10
26400.0
 20
-2200.0
 10
26200.0
 20
-2200.0
  0
LWPOLYLINE
  5
321
330
17
100
AcDbEntity
  8
A-PAVING
100
AcDbPolyline
 90
4
 70
1
 10
26400.0
 20
-2400.0
 10
26600.0
 20
-2400.0
 10
26600.0
 20
-2200.0
 10
26400.0
 20
-2200.0
  0
LWPOLYLINE
  5
322
330
17
100
AcDbEntity
  8
A-PAVING
100
AcDbPolyline
 90
4
 70
1
 10
26600.0
 20
-2400.0
 10
26800.0
 20
-2400.0
 10
26800.0
 20
-2200.0
 10
26600.0
 20
-2200.0
  0
LWPOLYLINE
  5
323
330
17
100
AcDbEntity
  8
A-PAVING
100
AcDbPolyline
 90
4
 70
1
 10
26800.0
 20
-2400.0
 10
27000.0
 20
-2400.0
 10
27000.0
 20
-2200.0
 10
26800.0
 20
-2200.0
  0
LWPOLYLINE
  5
324
330
17
100
AcDbEntity
  8
A-PAVING
100
AcDbPolyline
 90
4
 70
1
 10
27000.0
 20
-2400.0
 10
27200.0
 20
-2400.0
 10
27200.0
 20
-2200.0
 10
27000.0
 20
-2200.0
  0
LWPOLYLINE
  5
325
330
17
100
AcDbEntity
  8
A-PAVING
100
AcDbPolyline
 90
4
 70
1
 10
21000.0
 20
-2600.0
 10
21200.0
 20
-2600.0
 10
21200.0
 20
-2400.0
 10
21000.0
 20
-2400.0
  0
LWPOLYLINE
  5
326
330
17
100
AcDbEntity
  8
A-PAVING
100
AcDbPolyline
 90
4
 70
1
 10
21200.0
 20
-2600.0
 10
21400.0
 20
-2600.0
 10
21400.0
 20
-2400.0
 10
21200.0
 20
-2400.0
  0
LWPOLYLINE
  5
327
330
17
100
AcDbEntity
  8
A-PAVING
100
AcDbPolyline
 90
4
 70
1
 10
21400.0
 20
-2600.0
 10
21600.0
 20
-2600.0
 10
21600.0
 20
-2400.0
 10
21400.0
 20
-2400.0
  0
LWPOLYLINE
  5
328
330
17
100
AcDbEntity
  8
A-PAVING
100
AcDbPolyline
 90
4
 70
1
 10
21600.0
 20
-2600.0
 10
21800.0
 20
-2600.0
 10
21800.0
 20
-2400.0
 10
21600.0
 20
-2400.0
  0
LWPOLYLINE
  5
329
330
17
100
AcDbEntity
  8
A-PAVING
100
AcDbPolyline
 90
4
 70
1
 10
21800.0
 20
-2600.0
 10
22000.0
 20
-2600.0
 10
22000.0
 20
-2400.0
 10
21800.0
 20
-2400.0
  0
LWPOLYLINE
  5
32A
330
17
100
AcDbEntity
  8
A-PAVING
100
AcDbPolyline
 90
4
 70
1
 10
22000.0
 20
-2600.0
 10
22200.0
 20
-2600.0
 10
22200.0
 20
-2400.0
 10
22000.0
 20
-2400.0
  0
LWPOLYLINE
  5
32B
330
17
100
AcDbEntity
  8
A-PAVING
100
AcDbPolyline
 90
4
 70
1
 10
22200.0
 20
-2600.0
 10
22400.0
 20
-2600.0
 10
22400.0
 20
-2400.0
 10
22200.0
 20
-2400.0
  0
LWPOLYLINE
  5
32C
330
17
100
AcDbEntity
  8
A-PAVING
100
AcDbPolyline
 90
4
 70
1
 10
22400.0
 20
-2600.0
 10
22600.0
 20
-2600.0
 10
22600.0
 20
-2400.0
 10
22400.0
 20
-2400.0
  0
LWPOLYLINE
  5
32D
330
17
100
AcDbEntity
  8
A-PAVING
100
AcDbPolyline
 90
4
 70
1
 10
22600.0
 20
-2600.0
 10
22800.0
 20
-2600.0
 10
22800.0
 20
-2400.0
 10
22600.0
 20
-2400.0
  0
LWPOLYLINE
  5
32E
330
17
100
AcDbEntity
  8
A-PAVING
100
AcDbPolyline
 90
4
 70
1
 10
22800.0
 20
-2600.0
 10
23000.0
 20
-2600.0
 10
23000.0
 20
-2400.0
 10
22800.0
 20
-2400.0
  0
LWPOLYLINE
  5
32F
330
17
100
AcDbEntity
  8
A-PAVING
100
AcDbPolyline
 90
4
 70
1
 10
23000.0
 20
-2600.0
 10
23200.0
 20
-2600.0
 10
23200.0
 20
-2400.0
 10
23000.0
 20
-2400.0
  0
LWPOLYLINE
  5
330
330
17
100
AcDbEntity
  8
A-PAVING
100
AcDbPolyline
 90
4
 70
1
 10
23200.0
 20
-2600.0
 10
23400.0
 20
-2600.0
 10
23400.0
 20
-2400.0
 10
23200.0
 20
-2400.0
  0
LWPOLYLINE
  5
331
330
17
100
AcDbEntity
  8
A-PAVING
100
AcDbPolyline
 90
4
 70
1
 10
23400.0
 20
-2600.0
 10
23600.0
 20
-2600.0
 10
23600.0
 20
-2400.0
 10
23400.0
 20
-2400.0
  0
LWPOLYLINE
  5
332
330
17
100
AcDbEntity
  8
A-PAVING
100
AcDbPolyline
 90
4
 70
1
 10
23600.0
 20
-2600.0
 10
23800.0
 20
-2600.0
 10
23800.0
 20
-2400.0
 10
23600.0
 20
-2400.0
  0
LWPOLYLINE
  5
333
330
17
100
AcDbEntity
  8
A-PAVING
100
AcDbPolyline
 90
4
 70
1
 10
23800.0
 20
-2600.0
 10
24000.0
 20
-2600.0
 10
24000.0
 20
-2400.0
 10
23800.0
 20
-2400.0
  0
LWPOLYLINE
  5
334
330
17
100
AcDbEntity
  8
A-PAVING
100
AcDbPolyline
 90
4
 70
1
 10
24000.0
 20
-2600.0
 10
24200.0
 20
-2600.0
 10
24200.0
 20
-2400.0
 10
24000.0
 20
-2400.0
  0
LWPOLYLINE
  5
335
330
17
100
AcDbEntity
  8
A-PAVING
100
AcDbPolyline
 90
4
 70
1
 10
24200.0
 20
-2600.0
 10
24400.0
 20
-2600.0
 10
24400.0
 20
-2400.0
 10
24200.0
 20
-2400.0
  0
LWPOLYLINE
  5
336
330
17
100
AcDbEntity
  8
A-PAVING
100
AcDbPolyline
 90
4
 70
1
 10
24400.0
 20
-2600.0
 10
24600.0
 20
-2600.0
 10
24600.0
 20
-2400.0
 10
24400.0
 20
-2400.0
  0
LWPOLYLINE
  5
337
330
17
100
AcDbEntity
  8
A-PAVING
100
AcDbPolyline
 90
4
 70
1
 10
24600.0
 20
-2600.0
 10
24800.0
 20
-2600.0
 10
24800.0
 20
-2400.0
 10
24600.0
 20
-2400.0
  0
LWPOLYLINE
  5
338
330
17
100
AcDbEntity
  8
A-PAVING
100
AcDbPolyline
 90
4
 70
1
 10
24800.0
 20
-2600.0
 10
25000.0
 20
-2600.0
 10
25000.0
 20
-2400.0
 10
24800.0
 20
-2400.0
  0
LWPOLYLINE
  5
339
330
17
100
AcDbEntity
  8
A-PAVING
100
AcDbPolyline
 90
4
 70
1
 10
25000.0
 20
-2600.0
 10
25200.0
 20
-2600.0
 10
25200.0
 20
-2400.0
 10
25000.0
 20
-2400.0
  0
LWPOLYLINE
  5
33A
330
17
100
AcDbEntity
  8
A-PAVING
100
AcDbPolyline
 90
4
 70
1
 10
25200.0
 20
-2600.0
 10
25400.0
 20
-2600.0
 10
25400.0
 20
-2400.0
 10
25200.0
 20
-2400.0
  0
LWPOLYLINE
  5
33B
330
17
100
AcDbEntity
  8
A-PAVING
100
AcDbPolyline
 90
4
 70
1
 10
25400.0
 20
-2600.0
 10
25600.0
 20
-2600.0
 10
25600.0
 20
-2400.0
 10
25400.0
 20
-2400.0
  0
LWPOLYLINE
  5
33C
330
17
100
AcDbEntity
  8
A-PAVING
100
AcDbPolyline
 90
4
 70
1
 10
25600.0
 20
-2600.0
 10
25800.0
 20
-2600.0
 10
25800.0
 20
-2400.0
 10
25600.0
 20
-2400.0
  0
LWPOLYLINE
  5
33D
330
17
100
AcDbEntity
  8
A-PAVING
100
AcDbPolyline
 90
4
 70
1
 10
25800.0
 20
-2600.0
 10
26000.0
 20
-2600.0
 10
26000.0
 20
-2400.0
 10
25800.0
 20
-2400.0
  0
LWPOLYLINE
  5
33E
330
17
100
AcDbEntity
  8
A-PAVING
100
AcDbPolyline
 90
4
 70
1
 10
26000.0
 20
-2600.0
 10
26200.0
 20
-2600.0
 10
26200.0
 20
-2400.0
 10
26000.0
 20
-2400.0
  0
LWPOLYLINE
  5
33F
330
17
100
AcDbEntity
  8
A-PAVING
100
AcDbPolyline
 90
4
 70
1
 10
26200.0
 20
-2600.0
 10
26400.0
 20
-2600.0
 10
26400.0
 20
-2400.0
 10
26200.0
 20
-2400.0
  0
LWPOLYLINE
  5
340
330
17
100
AcDbEntity
  8
A-PAVING
100
AcDbPolyline
 90
4
 70
1
 10
26400.0
 20
-2600.0
 10
26600.0
 20
-2600.0
 10
26600.0
 20
-2400.0
 10
26400.0
 20
-2400.0
  0
LWPOLYLINE
  5
341
330
17
100
AcDbEntity
  8
A-PAVING
100
AcDbPolyline
 90
4
 70
1
 10
26600.0
 20
-2600.0
 10
26800.0
 20
-2600.0
 10
26800.0
 20
-2400.0
 10
26600.0
 20
-2400.0
  0
LWPOLYLINE
  5
342
330
17
100
AcDbEntity
  8
A-PAVING
100
AcDbPolyline
 90
4
 70
1
 10
26800.0
 20
-2600.0
 10
27000.0
 20
-2600.0
 10
27000.0
 20
-2400.0
 10
26800.0
 20
-2400.0
  0
LWPOLYLINE
  5
343
330
17
100
AcDbEntity
  8
A-PAVING
100
AcDbPolyline
 90
4
 70
1
 10
27000.0
 20
-2600.0
 10
27200.0
 20
-2600.0
 10
27200.0
 20
-2400.0
 10
27000.0
 20
-2400.0
  0
LWPOLYLINE
  5
344
330
17
100
AcDbEntity
  8
A-PAVING
100
AcDbPolyline
 90
4
 70
1
 10
21000.0
 20
-2800.0
 10
21200.0
 20
-2800.0
 10
21200.0
 20
-2600.0
 10
21000.0
 20
-2600.0
  0
LWPOLYLINE
  5
345
330
17
100
AcDbEntity
  8
A-PAVING
100
AcDbPolyline
 90
4
 70
1
 10
21200.0
 20
-2800.0
 10
21400.0
 20
-2800.0
 10
21400.0
 20
-2600.0
 10
21200.0
 20
-2600.0
  0
LWPOLYLINE
  5
346
330
17
100
AcDbEntity
  8
A-PAVING
100
AcDbPolyline
 90
4
 70
1
 10
21400.0
 20
-2800.0
 10
21600.0
 20
-2800.0
 10
21600.0
 20
-2600.0
 10
21400.0
 20
-2600.0
  0
LWPOLYLINE
  5
347
330
17
100
AcDbEntity
  8
A-PAVING
100
AcDbPolyline
 90
4
 70
1
 10
21600.0
 20
-2800.0
 10
21800.0
 20
-2800.0
 10
21800.0
 20
-2600.0
 10
21600.0
 20
-2600.0
  0
LWPOLYLINE
  5
348
330
17
100
AcDbEntity
  8
A-PAVING
100
AcDbPolyline
 90
4
 70
1
 10
21800.0
 20
-2800.0
 10
22000.0
 20
-2800.0
 10
22000.0
 20
-2600.0
 10
21800.0
 20
-2600.0
  0
LWPOLYLINE
  5
349
330
17
100
AcDbEntity
  8
A-PAVING
100
AcDbPolyline
 90
4
 70
1
 10
22000.0
 20
-2800.0
 10
22200.0
 20
-2800.0
 10
22200.0
 20
-2600.0
 10
22000.0
 20
-2600.0
  0
LWPOLYLINE
  5
34A
330
17
100
AcDbEntity
  8
A-PAVING
100
AcDbPolyline
 90
4
 70
1
 10
22200.0
 20
-2800.0
 10
22400.0
 20
-2800.0
 10
22400.0
 20
-2600.0
 10
22200.0
 20
-2600.0
  0
LWPOLYLINE
  5
34B
330
17
100
AcDbEntity
  8
A-PAVING
100
AcDbPolyline
 90
4
 70
1
 10
22400.0
 20
-2800.0
 10
22600.0
 20
-2800.0
 10
22600.0
 20
-2600.0
 10
22400.0
 20
-2600.0
  0
LWPOLYLINE
  5
34C
330
17
100
AcDbEntity
  8
A-PAVING
100
AcDbPolyline
 90
4
 70
1
 10
22600.0
 20
-2800.0
 10
22800.0
 20
-2800.0
 10
22800.0
 20
-2600.0
 10
22600.0
 20
-2600.0
  0
LWPOLYLINE
  5
34D
330
17
100
AcDbEntity
  8
A-PAVING
100
AcDbPolyline
 90
4
 70
1
 10
22800.0
 20
-2800.0
 10
23000.0
 20
-2800.0
 10
23000.0
 20
-2600.0
 10
22800.0
 20
-2600.0
  0
LWPOLYLINE
  5
34E
330
17
100
AcDbEntity
  8
A-PAVING
100
AcDbPolyline
 90
4
 70
1
 10
23000.0
 20
-2800.0
 10
23200.0
 20
-2800.0
 10
23200.0
 20
-2600.0
 10
23000.0
 20
-2600.0
  0
LWPOLYLINE
  5
34F
330
17
100
AcDbEntity
  8
A-PAVING
100
AcDbPolyline
 90
4
 70
1
 10
23200.0
 20
-2800.0
 10
23400.0
 20
-2800.0
 10
23400.0
 20
-2600.0
 10
23200.0
 20
-2600.0
  0
LWPOLYLINE
  5
350
330
17
100
AcDbEntity
  8
A-PAVING
100
AcDbPolyline
 90
4
 70
1
 10
23400.0
 20
-2800.0
 10
23600.0
 20
-2800.0
 10
23600.0
 20
-2600.0
 10
23400.0
 20
-2600.0
  0
LWPOLYLINE
  5
351
330
17
100
AcDbEntity
  8
A-PAVING
100
AcDbPolyline
 90
4
 70
1
 10
23600.0
 20
-2800.0
 10
23800.0
 20
-2800.0
 10
23800.0
 20
-2600.0
 10
23600.0
 20
-2600.0
  0
LWPOLYLINE
  5
352
330
17
100
AcDbEntity
  8
A-PAVING
100
AcDbPolyline
 90
4
 70
1
 10
23800.0
 20
-2800.0
 10
24000.0
 20
-2800.0
 10
24000.0
 20
-2600.0
 10
23800.0
 20
-2600.0
  0
LWPOLYLINE
  5
353
330
17
100
AcDbEntity
  8
A-PAVING
100
AcDbPolyline
 90
4
 70
1
 10
24000.0
 20
-2800.0
 10
24200.0
 20
-2800.0
 10
24200.0
 20
-2600.0
 10
24000.0
 20
-2600.0
  0
LWPOLYLINE
  5
354
330
17
100
AcDbEntity
  8
A-PAVING
100
AcDbPolyline
 90
4
 70
1
 10
24200.0
 20
-2800.0
 10
24400.0
 20
-2800.0
 10
24400.0
 20
-2600.0
 10
24200.0
 20
-2600.0
  0
LWPOLYLINE
  5
355
330
17
100
AcDbEntity
  8
A-PAVING
100
AcDbPolyline
 90
4
 70
1
 10
24400.0
 20
-2800.0
 10
24600.0
 20
-2800.0
 10
24600.0
 20
-2600.0
 10
24400.0
 20
-2600.0
  0
LWPOLYLINE
  5
356
330
17
100
AcDbEntity
  8
A-PAVING
100
AcDbPolyline
 90
4
 70
1
 10
24600.0
 20
-2800.0
 10
24800.0
 20
-2800.0
 10
24800.0
 20
-2600.0
 10
24600.0
 20
-2600.0
  0
LWPOLYLINE
  5
357
330
17
100
AcDbEntity
  8
A-PAVING
100
AcDbPolyline
 90
4
 70
1
 10
24800.0
 20
-2800.0
 10
25000.0
 20
-2800.0
 10
25000.0
 20
-2600.0
 10
24800.0
 20
-2600.0
  0
LWPOLYLINE
  5
358
330
17
100
AcDbEntity
  8
A-PAVING
100
AcDbPolyline
 90
4
 70
1
 10
25000.0
 20
-2800.0
 10
25200.0
 20
-2800.0
 10
25200.0
 20
-2600.0
 10
25000.0
 20
-2600.0
  0
LWPOLYLINE
  5
359
330
17
100
AcDbEntity
  8
A-PAVING
100
AcDbPolyline
 90
4
 70
1
 10
25200.0
 20
-2800.0
 10
25400.0
 20
-2800.0
 10
25400.0
 20
-2600.0
 10
25200.0
 20
-2600.0
  0
LWPOLYLINE
  5
35A
330
17
100
AcDbEntity
  8
A-PAVING
100
AcDbPolyline
 90
4
 70
1
 10
25400.0
 20
-2800.0
 10
25600.0
 20
-2800.0
 10
25600.0
 20
-2600.0
 10
25400.0
 20
-2600.0
  0
LWPOLYLINE
  5
35B
330
17
100
AcDbEntity
  8
A-PAVING
100
AcDbPolyline
 90
4
 70
1
 10
25600.0
 20
-2800.0
 10
25800.0
 20
-2800.0
 10
25800.0
 20
-2600.0
 10
25600.0
 20
-2600.0
  0
LWPOLYLINE
  5
35C
330
17
100
AcDbEntity
  8
A-PAVING
100
AcDbPolyline
 90
4
 70
1
 10
25800.0
 20
-2800.0
 10
26000.0
 20
-2800.0
 10
26000.0
 20
-2600.0
 10
25800.0
 20
-2600.0
  0
LWPOLYLINE
  5
35D
330
17
100
AcDbEntity
  8
A-PAVING
100
AcDbPolyline
 90
4
 70
1
 10
26000.0
 20
-2800.0
 10
26200.0
 20
-2800.0
 10
26200.0
 20
-2600.0
 10
26000.0
 20
-2600.0
  0
LWPOLYLINE
  5
35E
330
17
100
AcDbEntity
  8
A-PAVING
100
AcDbPolyline
 90
4
 70
1
 10
26200.0
 20
-2800.0
 10
26400.0
 20
-2800.0
 10
26400.0
 20
-2600.0
 10
26200.0
 20
-2600.0
  0
LWPOLYLINE
  5
35F
330
17
100
AcDbEntity
  8
A-PAVING
100
AcDbPolyline
 90
4
 70
1
 10
26400.0
 20
-2800.0
 10
26600.0
 20
-2800.0
 10
26600.0
 20
-2600.0
 10
26400.0
 20
-2600.0
  0
LWPOLYLINE
  5
360
330
17
100
AcDbEntity
  8
A-PAVING
100
AcDbPolyline
 90
4
 70
1
 10
26600.0
 20
-2800.0
 10
26800.0
 20
-2800.0
 10
26800.0
 20
-2600.0
 10
26600.0
 20
-2600.0
  0
LWPOLYLINE
  5
361
330
17
100
AcDbEntity
  8
A-PAVING
100
AcDbPolyline
 90
4
 70
1
 10
26800.0
 20
-2800.0
 10
27000.0
 20
-2800.0
 10
27000.0
 20
-2600.0
 10
26800.0
 20
-2600.0
  0
LWPOLYLINE
  5
362
330
17
100
AcDbEntity
  8
A-PAVING
100
AcDbPolyline
 90
4
 70
1
 10
27000.0
 20
-2800.0
 10
27200.0
 20
-2800.0
 10
27200.0
 20
-2600.0
 10
27000.0
 20
-2600.0
  0
LWPOLYLINE
  5
363
330
17
100
AcDbEntity
  8
A-PAVING
100
AcDbPolyline
 90
4
 70
1
 10
21000.0
 20
-3000.0
 10
21200.0
 20
-3000.0
 10
21200.0
 20
-2800.0
 10
21000.0
 20
-2800.0
  0
LWPOLYLINE
  5
364
330
17
100
AcDbEntity
  8
A-PAVING
100
AcDbPolyline
 90
4
 70
1
 10
21200.0
 20
-3000.0
 10
21400.0
 20
-3000.0
 10
21400.0
 20
-2800.0
 10
21200.0
 20
-2800.0
  0
LWPOLYLINE
  5
365
330
17
100
AcDbEntity
  8
A-PAVING
100
AcDbPolyline
 90
4
 70
1
 10
21400.0
 20
-3000.0
 10
21600.0
 20
-3000.0
 10
21600.0
 20
-2800.0
 10
21400.0
 20
-2800.0
  0
LWPOLYLINE
  5
366
330
17
100
AcDbEntity
  8
A-PAVING
100
AcDbPolyline
 90
4
 70
1
 10
21600.0
 20
-3000.0
 10
21800.0
 20
-3000.0
 10
21800.0
 20
-2800.0
 10
21600.0
 20
-2800.0
  0
LWPOLYLINE
  5
367
330
17
100
AcDbEntity
  8
A-PAVING
100
AcDbPolyline
 90
4
 70
1
 10
21800.0
 20
-3000.0
 10
22000.0
 20
-3000.0
 10
22000.0
 20
-2800.0
 10
21800.0
 20
-2800.0
  0
LWPOLYLINE
  5
368
330
17
100
AcDbEntity
  8
A-PAVING
100
AcDbPolyline
 90
4
 70
1
 10
22000.0
 20
-3000.0
 10
22200.0
 20
-3000.0
 10
22200.0
 20
-2800.0
 10
22000.0
 20
-2800.0
  0
LWPOLYLINE
  5
369
330
17
100
AcDbEntity
  8
A-PAVING
100
AcDbPolyline
 90
4
 70
1
 10
22200.0
 20
-3000.0
 10
22400.0
 20
-3000.0
 10
22400.0
 20
-2800.0
 10
22200.0
 20
-2800.0
  0
LWPOLYLINE
  5
36A
330
17
100
AcDbEntity
  8
A-PAVING
100
AcDbPolyline
 90
4
 70
1
 10
22400.0
 20
-3000.0
 10
22600.0
 20
-3000.0
 10
22600.0
 20
-2800.0
 10
22400.0
 20
-2800.0
  0
LWPOLYLINE
  5
36B
330
17
100
AcDbEntity
  8
A-PAVING
100
AcDbPolyline
 90
4
 70
1
 10
22600.0
 20
-3000.0
 10
22800.0
 20
-3000.0
 10
22800.0
 20
-2800.0
 10
22600.0
 20
-2800.0
  0
LWPOLYLINE
  5
36C
330
17
100
AcDbEntity
  8
A-PAVING
100
AcDbPolyline
 90
4
 70
1
 10
22800.0
 20
-3000.0
 10
23000.0
 20
-3000.0
 10
23000.0
 20
-2800.0
 10
22800.0
 20
-2800.0
  0
LWPOLYLINE
  5
36D
330
17
100
AcDbEntity
  8
A-PAVING
100
AcDbPolyline
 90
4
 70
1
 10
23000.0
 20
-3000.0
 10
23200.0
 20
-3000.0
 10
23200.0
 20
-2800.0
 10
23000.0
 20
-2800.0
  0
LWPOLYLINE
  5
36E
330
17
100
AcDbEntity
  8
A-PAVING
100
AcDbPolyline
 90
4
 70
1
 10
23200.0
 20
-3000.0
 10
23400.0
 20
-3000.0
 10
23400.0
 20
-2800.0
 10
23200.0
 20
-2800.0
  0
LWPOLYLINE
  5
36F
330
17
100
AcDbEntity
  8
A-PAVING
100
AcDbPolyline
 90
4
 70
1
 10
23400.0
 20
-3000.0
 10
23600.0
 20
-3000.0
 10
23600.0
 20
-2800.0
 10
23400.0
 20
-2800.0
  0
LWPOLYLINE
  5
370
330
17
100
AcDbEntity
  8
A-PAVING
100
AcDbPolyline
 90
4
 70
1
 10
23600.0
 20
-3000.0
 10
23800.0
 20
-3000.0
 10
23800.0
 20
-2800.0
 10
23600.0
 20
-2800.0
  0
LWPOLYLINE
  5
371
330
17
100
AcDbEntity
  8
A-PAVING
100
AcDbPolyline
 90
4
 70
1
 10
23800.0
 20
-3000.0
 10
24000.0
 20
-3000.0
 10
24000.0
 20
-2800.0
 10
23800.0
 20
-2800.0
  0
LWPOLYLINE
  5
372
330
17
100
AcDbEntity
  8
A-PAVING
100
AcDbPolyline
 90
4
 70
1
 10
24000.0
 20
-3000.0
 10
24200.0
 20
-3000.0
 10
24200.0
 20
-2800.0
 10
24000.0
 20
-2800.0
  0
LWPOLYLINE
  5
373
330
17
100
AcDbEntity
  8
A-PAVING
100
AcDbPolyline
 90
4
 70
1
 10
24200.0
 20
-3000.0
 10
24400.0
 20
-3000.0
 10
24400.0
 20
-2800.0
 10
24200.0
 20
-2800.0
  0
LWPOLYLINE
  5
374
330
17
100
AcDbEntity
  8
A-PAVING
100
AcDbPolyline
 90
4
 70
1
 10
24400.0
 20
-3000.0
 10
24600.0
 20
-3000.0
 10
24600.0
 20
-2800.0
 10
24400.0
 20
-2800.0
  0
LWPOLYLINE
  5
375
330
17
100
AcDbEntity
  8
A-PAVING
100
AcDbPolyline
 90
4
 70
1
 10
24600.0
 20
-3000.0
 10
24800.0
 20
-3000.0
 10
24800.0
 20
-2800.0
 10
24600.0
 20
-2800.0
  0
LWPOLYLINE
  5
376
330
17
100
AcDbEntity
  8
A-PAVING
100
AcDbPolyline
 90
4
 70
1
 10
24800.0
 20
-3000.0
 10
25000.0
 20
-3000.0
 10
25000.0
 20
-2800.0
 10
24800.0
 20
-2800.0
  0
LWPOLYLINE
  5
377
330
17
100
AcDbEntity
  8
A-PAVING
100
AcDbPolyline
 90
4
 70
1
 10
25000.0
 20
-3000.0
 10
25200.0
 20
-3000.0
 10
25200.0
 20
-2800.0
 10
25000.0
 20
-2800.0
  0
LWPOLYLINE
  5
378
330
17
100
AcDbEntity
  8
A-PAVING
100
AcDbPolyline
 90
4
 70
1
 10
25200.0
 20
-3000.0
 10
25400.0
 20
-3000.0
 10
25400.0
 20
-2800.0
 10
25200.0
 20
-2800.0
  0
LWPOLYLINE
  5
379
330
17
100
AcDbEntity
  8
A-PAVING
100
AcDbPolyline
 90
4
 70
1
 10
25400.0
 20
-3000.0
 10
25600.0
 20
-3000.0
 10
25600.0
 20
-2800.0
 10
25400.0
 20
-2800.0
  0
LWPOLYLINE
  5
37A
330
17
100
AcDbEntity
  8
A-PAVING
100
AcDbPolyline
 90
4
 70
1
 10
25600.0
 20
-3000.0
 10
25800.0
 20
-3000.0
 10
25800.0
 20
-2800.0
 10
25600.0
 20
-2800.0
  0
LWPOLYLINE
  5
37B
330
17
100
AcDbEntity
  8
A-PAVING
100
AcDbPolyline
 90
4
 70
1
 10
25800.0
 20
-3000.0
 10
26000.0
 20
-3000.0
 10
26000.0
 20
-2800.0
 10
25800.0
 20
-2800.0
  0
LWPOLYLINE
  5
37C
330
17
100
AcDbEntity
  8
A-PAVING
100
AcDbPolyline
 90
4
 70
1
 10
26000.0
 20
-3000.0
 10
26200.0
 20
-3000.0
 10
26200.0
 20
-2800.0
 10
26000.0
 20
-2800.0
  0
LWPOLYLINE
  5
37D
330
17
100
AcDbEntity
  8
A-PAVING
100
AcDbPolyline
 90
4
 70
1
 10
26200.0
 20
-3000.0
 10
26400.0
 20
-3000.0
 10
26400.0
 20
-2800.0
 10
26200.0
 20
-2800.0
  0
LWPOLYLINE
  5
37E
330
17
100
AcDbEntity
  8
A-PAVING
100
AcDbPolyline
 90
4
 70
1
 10
26400.0
 20
-3000.0
 10
26600.0
 20
-3000.0
 10
26600.0
 20
-2800.0
 10
26400.0
 20
-2800.0
  0
LWPOLYLINE
  5
37F
330
17
100
AcDbEntity
  8
A-PAVING
100
AcDbPolyline
 90
4
 70
1
 10
26600.0
 20
-3000.0
 10
26800.0
 20
-3000.0
 10
26800.0
 20
-2800.0
 10
26600.0
 20
-2800.0
  0
LWPOLYLINE
  5
380
330
17
100
AcDbEntity
  8
A-PAVING
100
AcDbPolyline
 90
4
 70
1
 10
26800.0
 20
-3000.0
 10
27000.0
 20
-3000.0
 10
27000.0
 20
-2800.0
 10
26800.0
 20
-2800.0
  0
LWPOLYLINE
  5
381
330
17
100
AcDbEntity
  8
A-PAVING
100
AcDbPolyline
 90
4
 70
1
 10
27000.0
 20
-3000.0
 10
27200.0
 20
-3000.0
 10
27200.0
 20
-2800.0
 10
27000.0
 20
-2800.0
  0
LWPOLYLINE
  5
382
330
17
100
AcDbEntity
  8
A-PAVING
100
AcDbPolyline
 90
4
 70
1
 10
21000.0
 20
-3200.0
 10
21200.0
 20
-3200.0
 10
21200.0
 20
-3000.0
 10
21000.0
 20
-3000.0
  0
LWPOLYLINE
  5
383
330
17
100
AcDbEntity
  8
A-PAVING
100
AcDbPolyline
 90
4
 70
1
 10
21200.0
 20
-3200.0
 10
21400.0
 20
-3200.0
 10
21400.0
 20
-3000.0
 10
21200.0
 20
-3000.0
  0
LWPOLYLINE
  5
384
330
17
100
AcDbEntity
  8
A-PAVING
100
AcDbPolyline
 90
4
 70
1
 10
21400.0
 20
-3200.0
 10
21600.0
 20
-3200.0
 10
21600.0
 20
-3000.0
 10
21400.0
 20
-3000.0
  0
LWPOLYLINE
  5
385
330
17
100
AcDbEntity
  8
A-PAVING
100
AcDbPolyline
 90
4
 70
1
 10
21600.0
 20
-3200.0
 10
21800.0
 20
-3200.0
 10
21800.0
 20
-3000.0
 10
21600.0
 20
-3000.0
  0
LWPOLYLINE
  5
386
330
17
100
AcDbEntity
  8
A-PAVING
100
AcDbPolyline
 90
4
 70
1
 10
21800.0
 20
-3200.0
 10
22000.0
 20
-3200.0
 10
22000.0
 20
-3000.0
 10
21800.0
 20
-3000.0
  0
LWPOLYLINE
  5
387
330
17
100
AcDbEntity
  8
A-PAVING
100
AcDbPolyline
 90
4
 70
1
 10
22000.0
 20
-3200.0
 10
22200.0
 20
-3200.0
 10
22200.0
 20
-3000.0
 10
22000.0
 20
-3000.0
  0
LWPOLYLINE
  5
388
330
17
100
AcDbEntity
  8
A-PAVING
100
AcDbPolyline
 90
4
 70
1
 10
22200.0
 20
-3200.0
 10
22400.0
 20
-3200.0
 10
22400.0
 20
-3000.0
 10
22200.0
 20
-3000.0
  0
LWPOLYLINE
  5
389
330
17
100
AcDbEntity
  8
A-PAVING
100
AcDbPolyline
 90
4
 70
1
 10
22400.0
 20
-3200.0
 10
22600.0
 20
-3200.0
 10
22600.0
 20
-3000.0
 10
22400.0
 20
-3000.0
  0
LWPOLYLINE
  5
38A
330
17
100
AcDbEntity
  8
A-PAVING
100
AcDbPolyline
 90
4
 70
1
 10
22600.0
 20
-3200.0
 10
22800.0
 20
-3200.0
 10
22800.0
 20
-3000.0
 10
22600.0
 20
-3000.0
  0
LWPOLYLINE
  5
38B
330
17
100
AcDbEntity
  8
A-PAVING
100
AcDbPolyline
 90
4
 70
1
 10
22800.0
 20
-3200.0
 10
23000.0
 20
-3200.0
 10
23000.0
 20
-3000.0
 10
22800.0
 20
-3000.0
  0
LWPOLYLINE
  5
38C
330
17
100
AcDbEntity
  8
A-PAVING
100
AcDbPolyline
 90
4
 70
1
 10
23000.0
 20
-3200.0
 10
23200.0
 20
-3200.0
 10
23200.0
 20
-3000.0
 10
23000.0
 20
-3000.0
  0
LWPOLYLINE
  5
38D
330
17
100
AcDbEntity
  8
A-PAVING
100
AcDbPolyline
 90
4
 70
1
 10
23200.0
 20
-3200.0
 10
23400.0
 20
-3200.0
 10
23400.0
 20
-3000.0
 10
23200.0
 20
-3000.0
  0
LWPOLYLINE
  5
38E
330
17
100
AcDbEntity
  8
A-PAVING
100
AcDbPolyline
 90
4
 70
1
 10
23400.0
 20
-3200.0
 10
23600.0
 20
-3200.0
 10
23600.0
 20
-3000.0
 10
23400.0
 20
-3000.0
  0
LWPOLYLINE
  5
38F
330
17
100
AcDbEntity
  8
A-PAVING
100
AcDbPolyline
 90
4
 70
1
 10
23600.0
 20
-3200.0
 10
23800.0
 20
-3200.0
 10
23800.0
 20
-3000.0
 10
23600.0
 20
-3000.0
  0
LWPOLYLINE
  5
390
330
17
100
AcDbEntity
  8
A-PAVING
100
AcDbPolyline
 90
4
 70
1
 10
23800.0
 20
-3200.0
 10
24000.0
 20
-3200.0
 10
24000.0
 20
-3000.0
 10
23800.0
 20
-3000.0
  0
LWPOLYLINE
  5
391
330
17
100
AcDbEntity
  8
A-PAVING
100
AcDbPolyline
 90
4
 70
1
 10
24000.0
 20
-3200.0
 10
24200.0
 20
-3200.0
 10
24200.0
 20
-3000.0
 10
24000.0
 20
-3000.0
  0
LWPOLYLINE
  5
392
330
17
100
AcDbEntity
  8
A-PAVING
100
AcDbPolyline
 90
4
 70
1
 10
24200.0
 20
-3200.0
 10
24400.0
 20
-3200.0
 10
24400.0
 20
-3000.0
 10
24200.0
 20
-3000.0
  0
LWPOLYLINE
  5
393
330
17
100
AcDbEntity
  8
A-PAVING
100
AcDbPolyline
 90
4
 70
1
 10
24400.0
 20
-3200.0
 10
24600.0
 20
-3200.0
 10
24600.0
 20
-3000.0
 10
24400.0
 20
-3000.0
  0
LWPOLYLINE
  5
394
330
17
100
AcDbEntity
  8
A-PAVING
100
AcDbPolyline
 90
4
 70
1
 10
24600.0
 20
-3200.0
 10
24800.0
 20
-3200.0
 10
24800.0
 20
-3000.0
 10
24600.0
 20
-3000.0
  0
LWPOLYLINE
  5
395
330
17
100
AcDbEntity
  8
A-PAVING
100
AcDbPolyline
 90
4
 70
1
 10
24800.0
 20
-3200.0
 10
25000.0
 20
-3200.0
 10
25000.0
 20
-3000.0
 10
24800.0
 20
-3000.0
  0
LWPOLYLINE
  5
396
330
17
100
AcDbEntity
  8
A-PAVING
100
AcDbPolyline
 90
4
 70
1
 10
25000.0
 20
-3200.0
 10
25200.0
 20
-3200.0
 10
25200.0
 20
-3000.0
 10
25000.0
 20
-3000.0
  0
LWPOLYLINE
  5
397
330
17
100
AcDbEntity
  8
A-PAVING
100
AcDbPolyline
 90
4
 70
1
 10
25200.0
 20
-3200.0
 10
25400.0
 20
-3200.0
 10
25400.0
 20
-3000.0
 10
25200.0
 20
-3000.0
  0
LWPOLYLINE
  5
398
330
17
100
AcDbEntity
  8
A-PAVING
100
AcDbPolyline
 90
4
 70
1
 10
25400.0
 20
-3200.0
 10
25600.0
 20
-3200.0
 10
25600.0
 20
-3000.0
 10
25400.0
 20
-3000.0
  0
LWPOLYLINE
  5
399
330
17
100
AcDbEntity
  8
A-PAVING
100
AcDbPolyline
 90
4
 70
1
 10
25600.0
 20
-3200.0
 10
25800.0
 20
-3200.0
 10
25800.0
 20
-3000.0
 10
25600.0
 20
-3000.0
  0
LWPOLYLINE
  5
39A
330
17
100
AcDbEntity
  8
A-PAVING
100
AcDbPolyline
 90
4
 70
1
 10
25800.0
 20
-3200.0
 10
26000.0
 20
-3200.0
 10
26000.0
 20
-3000.0
 10
25800.0
 20
-3000.0
  0
LWPOLYLINE
  5
39B
330
17
100
AcDbEntity
  8
A-PAVING
100
AcDbPolyline
 90
4
 70
1
 10
26000.0
 20
-3200.0
 10
26200.0
 20
-3200.0
 10
26200.0
 20
-3000.0
 10
26000.0
 20
-3000.0
  0
LWPOLYLINE
  5
39C
330
17
100
AcDbEntity
  8
A-PAVING
100
AcDbPolyline
 90
4
 70
1
 10
26200.0
 20
-3200.0
 10
26400.0
 20
-3200.0
 10
26400.0
 20
-3000.0
 10
26200.0
 20
-3000.0
  0
LWPOLYLINE
  5
39D
330
17
100
AcDbEntity
  8
A-PAVING
100
AcDbPolyline
 90
4
 70
1
 10
26400.0
 20
-3200.0
 10
26600.0
 20
-3200.0
 10
26600.0
 20
-3000.0
 10
26400.0
 20
-3000.0
  0
LWPOLYLINE
  5
39E
330
17
100
AcDbEntity
  8
A-PAVING
100
AcDbPolyline
 90
4
 70
1
 10
26600.0
 20
-3200.0
 10
26800.0
 20
-3200.0
 10
26800.0
 20
-3000.0
 10
26600.0
 20
-3000.0
  0
LWPOLYLINE
  5
39F
330
17
100
AcDbEntity
  8
A-PAVING
100
AcDbPolyline
 90
4
 70
1
 10
26800.0
 20
-3200.0
 10
27000.0
 20
-3200.0
 10
27000.0
 20
-3000.0
 10
26800.0
 20
-3000.0
  0
LWPOLYLINE
  5
3A0
330
17
100
AcDbEntity
  8
A-PAVING
100
AcDbPolyline
 90
4
 70
1
 10
27000.0
 20
-3200.0
 10
27200.0
 20
-3200.0
 10
27200.0
 20
-3000.0
 10
27000.0
 20
-3000.0
  0
LWPOLYLINE
  5
3A1
330
17
100
AcDbEntity
  8
A-PAVING
100
AcDbPolyline
 90
4
 70
1
 10
21000.0
 20
-3400.0
 10
21200.0
 20
-3400.0
 10
21200.0
 20
-3200.0
 10
21000.0
 20
-3200.0
  0
LWPOLYLINE
  5
3A2
330
17
100
AcDbEntity
  8
A-PAVING
100
AcDbPolyline
 90
4
 70
1
 10
21200.0
 20
-3400.0
 10
21400.0
 20
-3400.0
 10
21400.0
 20
-3200.0
 10
21200.0
 20
-3200.0
  0
LWPOLYLINE
  5
3A3
330
17
100
AcDbEntity
  8
A-PAVING
100
AcDbPolyline
 90
4
 70
1
 10
21400.0
 20
-3400.0
 10
21600.0
 20
-3400.0
 10
21600.0
 20
-3200.0
 10
21400.0
 20
-3200.0
  0
LWPOLYLINE
  5
3A4
330
17
100
AcDbEntity
  8
A-PAVING
100
AcDbPolyline
 90
4
 70
1
 10
21600.0
 20
-3400.0
 10
21800.0
 20
-3400.0
 10
21800.0
 20
-3200.0
 10
21600.0
 20
-3200.0
  0
LWPOLYLINE
  5
3A5
330
17
100
AcDbEntity
  8
A-PAVING
100
AcDbPolyline
 90
4
 70
1
 10
21800.0
 20
-3400.0
 10
22000.0
 20
-3400.0
 10
22000.0
 20
-3200.0
 10
21800.0
 20
-3200.0
  0
LWPOLYLINE
  5
3A6
330
17
100
AcDbEntity
  8
A-PAVING
100
AcDbPolyline
 90
4
 70
1
 10
22000.0
 20
-3400.0
 10
22200.0
 20
-3400.0
 10
22200.0
 20
-3200.0
 10
22000.0
 20
-3200.0
  0
LWPOLYLINE
  5
3A7
330
17
100
AcDbEntity
  8
A-PAVING
100
AcDbPolyline
 90
4
 70
1
 10
22200.0
 20
-3400.0
 10
22400.0
 20
-3400.0
 10
22400.0
 20
-3200.0
 10
22200.0
 20
-3200.0
  0
LWPOLYLINE
  5
3A8
330
17
100
AcDbEntity
  8
A-PAVING
100
AcDbPolyline
 90
4
 70
1
 10
22400.0
 20
-3400.0
 10
22600.0
 20
-3400.0
 10
22600.0
 20
-3200.0
 10
22400.0
 20
-3200.0
  0
LWPOLYLINE
  5
3A9
330
17
100
AcDbEntity
  8
A-PAVING
100
AcDbPolyline
 90
4
 70
1
 10
22600.0
 20
-3400.0
 10
22800.0
 20
-3400.0
 10
22800.0
 20
-3200.0
 10
22600.0
 20
-3200.0
  0
LWPOLYLINE
  5
3AA
330
17
100
AcDbEntity
  8
A-PAVING
100
AcDbPolyline
 90
4
 70
1
 10
22800.0
 20
-3400.0
 10
23000.0
 20
-3400.0
 10
23000.0
 20
-3200.0
 10
22800.0
 20
-3200.0
  0
LWPOLYLINE
  5
3AB
330
17
100
AcDbEntity
  8
A-PAVING
100
AcDbPolyline
 90
4
 70
1
 10
23000.0
 20
-3400.0
 10
23200.0
 20
-3400.0
 10
23200.0
 20
-3200.0
 10
23000.0
 20
-3200.0
  0
LWPOLYLINE
  5
3AC
330
17
100
AcDbEntity
  8
A-PAVING
100
AcDbPolyline
 90
4
 70
1
 10
23200.0
 20
-3400.0
 10
23400.0
 20
-3400.0
 10
23400.0
 20
-3200.0
 10
23200.0
 20
-3200.0
  0
LWPOLYLINE
  5
3AD
330
17
100
AcDbEntity
  8
A-PAVING
100
AcDbPolyline
 90
4
 70
1
 10
23400.0
 20
-3400.0
 10
23600.0
 20
-3400.0
 10
23600.0
 20
-3200.0
 10
23400.0
 20
-3200.0
  0
LWPOLYLINE
  5
3AE
330
17
100
AcDbEntity
  8
A-PAVING
100
AcDbPolyline
 90
4
 70
1
 10
23600.0
 20
-3400.0
 10
23800.0
 20
-3400.0
 10
23800.0
 20
-3200.0
 10
23600.0
 20
-3200.0
  0
LWPOLYLINE
  5
3AF
330
17
100
AcDbEntity
  8
A-PAVING
100
AcDbPolyline
 90
4
 70
1
 10
23800.0
 20
-3400.0
 10
24000.0
 20
-3400.0
 10
24000.0
 20
-3200.0
 10
23800.0
 20
-3200.0
  0
LWPOLYLINE
  5
3B0
330
17
100
AcDbEntity
  8
A-PAVING
100
AcDbPolyline
 90
4
 70
1
 10
24000.0
 20
-3400.0
 10
24200.0
 20
-3400.0
 10
24200.0
 20
-3200.0
 10
24000.0
 20
-3200.0
  0
LWPOLYLINE
  5
3B1
330
17
100
AcDbEntity
  8
A-PAVING
100
AcDbPolyline
 90
4
 70
1
 10
24200.0
 20
-3400.0
 10
24400.0
 20
-3400.0
 10
24400.0
 20
-3200.0
 10
24200.0
 20
-3200.0
  0
LWPOLYLINE
  5
3B2
330
17
100
AcDbEntity
  8
A-PAVING
100
AcDbPolyline
 90
4
 70
1
 10
24400.0
 20
-3400.0
 10
24600.0
 20
-3400.0
 10
24600.0
 20
-3200.0
 10
24400.0
 20
-3200.0
  0
LWPOLYLINE
  5
3B3
330
17
100
AcDbEntity
  8
A-PAVING
100
AcDbPolyline
 90
4
 70
1
 10
24600.0
 20
-3400.0
 10
24800.0
 20
-3400.0
 10
24800.0
 20
-3200.0
 10
24600.0
 20
-3200.0
  0
LWPOLYLINE
  5
3B4
330
17
100
AcDbEntity
  8
A-PAVING
100
AcDbPolyline
 90
4
 70
1
 10
24800.0
 20
-3400.0
 10
25000.0
 20
-3400.0
 10
25000.0
 20
-3200.0
 10
24800.0
 20
-3200.0
  0
LWPOLYLINE
  5
3B5
330
17
100
AcDbEntity
  8
A-PAVING
100
AcDbPolyline
 90
4
 70
1
 10
25000.0
 20
-3400.0
 10
25200.0
 20
-3400.0
 10
25200.0
 20
-3200.0
 10
25000.0
 20
-3200.0
  0
LWPOLYLINE
  5
3B6
330
17
100
AcDbEntity
  8
A-PAVING
100
AcDbPolyline
 90
4
 70
1
 10
25200.0
 20
-3400.0
 10
25400.0
 20
-3400.0
 10
25400.0
 20
-3200.0
 10
25200.0
 20
-3200.0
  0
LWPOLYLINE
  5
3B7
330
17
100
AcDbEntity
  8
A-PAVING
100
AcDbPolyline
 90
4
 70
1
 10
25400.0
 20
-3400.0
 10
25600.0
 20
-3400.0
 10
25600.0
 20
-3200.0
 10
25400.0
 20
-3200.0
  0
LWPOLYLINE
  5
3B8
330
17
100
AcDbEntity
  8
A-PAVING
100
AcDbPolyline
 90
4
 70
1
 10
25600.0
 20
-3400.0
 10
25800.0
 20
-3400.0
 10
25800.0
 20
-3200.0
 10
25600.0
 20
-3200.0
  0
LWPOLYLINE
  5
3B9
330
17
100
AcDbEntity
  8
A-PAVING
100
AcDbPolyline
 90
4
 70
1
 10
25800.0
 20
-3400.0
 10
26000.0
 20
-3400.0
 10
26000.0
 20
-3200.0
 10
25800.0
 20
-3200.0
  0
LWPOLYLINE
  5
3BA
330
17
100
AcDbEntity
  8
A-PAVING
100
AcDbPolyline
 90
4
 70
1
 10
26000.0
 20
-3400.0
 10
26200.0
 20
-3400.0
 10
26200.0
 20
-3200.0
 10
26000.0
 20
-3200.0
  0
LWPOLYLINE
  5
3BB
330
17
100
AcDbEntity
  8
A-PAVING
100
AcDbPolyline
 90
4
 70
1
 10
26200.0
 20
-3400.0
 10
26400.0
 20
-3400.0
 10
26400.0
 20
-3200.0
 10
26200.0
 20
-3200.0
  0
LWPOLYLINE
  5
3BC
330
17
100
AcDbEntity
  8
A-PAVING
100
AcDbPolyline
 90
4
 70
1
 10
26400.0
 20
-3400.0
 10
26600.0
 20
-3400.0
 10
26600.0
 20
-3200.0
 10
26400.0
 20
-3200.0
  0
LWPOLYLINE
  5
3BD
330
17
100
AcDbEntity
  8
A-PAVING
100
AcDbPolyline
 90
4
 70
1
 10
26600.0
 20
-3400.0
 10
26800.0
 20
-3400.0
 10
26800.0
 20
-3200.0
 10
26600.0
 20
-3200.0
  0
LWPOLYLINE
  5
3BE
330
17
100
AcDbEntity
  8
A-PAVING
100
AcDbPolyline
 90
4
 70
1
 10
26800.0
 20
-3400.0
 10
27000.0
 20
-3400.0
 10
27000.0
 20
-3200.0
 10
26800.0
 20
-3200.0
  0
LWPOLYLINE
  5
3BF
330
17
100
AcDbEntity
  8
A-PAVING
100
AcDbPolyline
 90
4
 70
1
 10
27000.0
 20
-3400.0
 10
27200.0
 20
-3400.0
 10
27200.0
 20
-3200.0
 10
27000.0
 20
-3200.0
  0
LWPOLYLINE
  5
3C0
330
17
100
AcDbEntity
  8
A-PAVING
100
AcDbPolyline
 90
4
 70
1
 10
21000.0
 20
-3600.0
 10
21200.0
 20
-3600.0
 10
21200.0
 20
-3400.0
 10
21000.0
 20
-3400.0
  0
LWPOLYLINE
  5
3C1
330
17
100
AcDbEntity
  8
A-PAVING
100
AcDbPolyline
 90
4
 70
1
 10
21200.0
 20
-3600.0
 10
21400.0
 20
-3600.0
 10
21400.0
 20
-3400.0
 10
21200.0
 20
-3400.0
  0
LWPOLYLINE
  5
3C2
330
17
100
AcDbEntity
  8
A-PAVING
100
AcDbPolyline
 90
4
 70
1
 10
21400.0
 20
-3600.0
 10
21600.0
 20
-3600.0
 10
21600.0
 20
-3400.0
 10
21400.0
 20
-3400.0
  0
LWPOLYLINE
  5
3C3
330
17
100
AcDbEntity
  8
A-PAVING
100
AcDbPolyline
 90
4
 70
1
 10
21600.0
 20
-3600.0
 10
21800.0
 20
-3600.0
 10
21800.0
 20
-3400.0
 10
21600.0
 20
-3400.0
  0
LWPOLYLINE
  5
3C4
330
17
100
AcDbEntity
  8
A-PAVING
100
AcDbPolyline
 90
4
 70
1
 10
21800.0
 20
-3600.0
 10
22000.0
 20
-3600.0
 10
22000.0
 20
-3400.0
 10
21800.0
 20
-3400.0
  0
LWPOLYLINE
  5
3C5
330
17
100
AcDbEntity
  8
A-PAVING
100
AcDbPolyline
 90
4
 70
1
 10
22000.0
 20
-3600.0
 10
22200.0
 20
-3600.0
 10
22200.0
 20
-3400.0
 10
22000.0
 20
-3400.0
  0
LWPOLYLINE
  5
3C6
330
17
100
AcDbEntity
  8
A-PAVING
100
AcDbPolyline
 90
4
 70
1
 10
22200.0
 20
-3600.0
 10
22400.0
 20
-3600.0
 10
22400.0
 20
-3400.0
 10
22200.0
 20
-3400.0
  0
LWPOLYLINE
  5
3C7
330
17
100
AcDbEntity
  8
A-PAVING
100
AcDbPolyline
 90
4
 70
1
 10
22400.0
 20
-3600.0
 10
22600.0
 20
-3600.0
 10
22600.0
 20
-3400.0
 10
22400.0
 20
-3400.0
  0
LWPOLYLINE
  5
3C8
330
17
100
AcDbEntity
  8
A-PAVING
100
AcDbPolyline
 90
4
 70
1
 10
22600.0
 20
-3600.0
 10
22800.0
 20
-3600.0
 10
22800.0
 20
-3400.0
 10
22600.0
 20
-3400.0
  0
LWPOLYLINE
  5
3C9
330
17
100
AcDbEntity
  8
A-PAVING
100
AcDbPolyline
 90
4
 70
1
 10
22800.0
 20
-3600.0
 10
23000.0
 20
-3600.0
 10
23000.0
 20
-3400.0
 10
22800.0
 20
-3400.0
  0
LWPOLYLINE
  5
3CA
330
17
100
AcDbEntity
  8
A-PAVING
100
AcDbPolyline
 90
4
 70
1
 10
23000.0
 20
-3600.0
 10
23200.0
 20
-3600.0
 10
23200.0
 20
-3400.0
 10
23000.0
 20
-3400.0
  0
LWPOLYLINE
  5
3CB
330
17
100
AcDbEntity
  8
A-PAVING
100
AcDbPolyline
 90
4
 70
1
 10
23200.0
 20
-3600.0
 10
23400.0
 20
-3600.0
 10
23400.0
 20
-3400.0
 10
23200.0
 20
-3400.0
  0
LWPOLYLINE
  5
3CC
330
17
100
AcDbEntity
  8
A-PAVING
100
AcDbPolyline
 90
4
 70
1
 10
23400.0
 20
-3600.0
 10
23600.0
 20
-3600.0
 10
23600.0
 20
-3400.0
 10
23400.0
 20
-3400.0
  0
LWPOLYLINE
  5
3CD
330
17
100
AcDbEntity
  8
A-PAVING
100
AcDbPolyline
 90
4
 70
1
 10
23600.0
 20
-3600.0
 10
23800.0
 20
-3600.0
 10
23800.0
 20
-3400.0
 10
23600.0
 20
-3400.0
  0
LWPOLYLINE
  5
3CE
330
17
100
AcDbEntity
  8
A-PAVING
100
AcDbPolyline
 90
4
 70
1
 10
23800.0
 20
-3600.0
 10
24000.0
 20
-3600.0
 10
24000.0
 20
-3400.0
 10
23800.0
 20
-3400.0
  0
LWPOLYLINE
  5
3CF
330
17
100
AcDbEntity
  8
A-PAVING
100
AcDbPolyline
 90
4
 70
1
 10
24000.0
 20
-3600.0
 10
24200.0
 20
-3600.0
 10
24200.0
 20
-3400.0
 10
24000.0
 20
-3400.0
  0
LWPOLYLINE
  5
3D0
330
17
100
AcDbEntity
  8
A-PAVING
100
AcDbPolyline
 90
4
 70
1
 10
24200.0
 20
-3600.0
 10
24400.0
 20
-3600.0
 10
24400.0
 20
-3400.0
 10
24200.0
 20
-3400.0
  0
LWPOLYLINE
  5
3D1
330
17
100
AcDbEntity
  8
A-PAVING
100
AcDbPolyline
 90
4
 70
1
 10
24400.0
 20
-3600.0
 10
24600.0
 20
-3600.0
 10
24600.0
 20
-3400.0
 10
24400.0
 20
-3400.0
  0
LWPOLYLINE
  5
3D2
330
17
100
AcDbEntity
  8
A-PAVING
100
AcDbPolyline
 90
4
 70
1
 10
24600.0
 20
-3600.0
 10
24800.0
 20
-3600.0
 10
24800.0
 20
-3400.0
 10
24600.0
 20
-3400.0
  0
LWPOLYLINE
  5
3D3
330
17
100
AcDbEntity
  8
A-PAVING
100
AcDbPolyline
 90
4
 70
1
 10
24800.0
 20
-3600.0
 10
25000.0
 20
-3600.0
 10
25000.0
 20
-3400.0
 10
24800.0
 20
-3400.0
  0
LWPOLYLINE
  5
3D4
330
17
100
AcDbEntity
  8
A-PAVING
100
AcDbPolyline
 90
4
 70
1
 10
25000.0
 20
-3600.0
 10
25200.0
 20
-3600.0
 10
25200.0
 20
-3400.0
 10
25000.0
 20
-3400.0
  0
LWPOLYLINE
  5
3D5
330
17
100
AcDbEntity
  8
A-PAVING
100
AcDbPolyline
 90
4
 70
1
 10
25200.0
 20
-3600.0
 10
25400.0
 20
-3600.0
 10
25400.0
 20
-3400.0
 10
25200.0
 20
-3400.0
  0
LWPOLYLINE
  5
3D6
330
17
100
AcDbEntity
  8
A-PAVING
100
AcDbPolyline
 90
4
 70
1
 10
25400.0
 20
-3600.0
 10
25600.0
 20
-3600.0
 10
25600.0
 20
-3400.0
 10
25400.0
 20
-3400.0
  0
LWPOLYLINE
  5
3D7
330
17
100
AcDbEntity
  8
A-PAVING
100
AcDbPolyline
 90
4
 70
1
 10
25600.0
 20
-3600.0
 10
25800.0
 20
-3600.0
 10
25800.0
 20
-3400.0
 10
25600.0
 20
-3400.0
  0
LWPOLYLINE
  5
3D8
330
17
100
AcDbEntity
  8
A-PAVING
100
AcDbPolyline
 90
4
 70
1
 10
25800.0
 20
-3600.0
 10
26000.0
 20
-3600.0
 10
26000.0
 20
-3400.0
 10
25800.0
 20
-3400.0
  0
LWPOLYLINE
  5
3D9
330
17
100
AcDbEntity
  8
A-PAVING
100
AcDbPolyline
 90
4
 70
1
 10
26000.0
 20
-3600.0
 10
26200.0
 20
-3600.0
 10
26200.0
 20
-3400.0
 10
26000.0
 20
-3400.0
  0
LWPOLYLINE
  5
3DA
330
17
100
AcDbEntity
  8
A-PAVING
100
AcDbPolyline
 90
4
 70
1
 10
26200.0
 20
-3600.0
 10
26400.0
 20
-3600.0
 10
26400.0
 20
-3400.0
 10
26200.0
 20
-3400.0
  0
LWPOLYLINE
  5
3DB
330
17
100
AcDbEntity
  8
A-PAVING
100
AcDbPolyline
 90
4
 70
1
 10
26400.0
 20
-3600.0
 10
26600.0
 20
-3600.0
 10
26600.0
 20
-3400.0
 10
26400.0
 20
-3400.0
  0
LWPOLYLINE
  5
3DC
330
17
100
AcDbEntity
  8
A-PAVING
100
AcDbPolyline
 90
4
 70
1
 10
26600.0
 20
-3600.0
 10
26800.0
 20
-3600.0
 10
26800.0
 20
-3400.0
 10
26600.0
 20
-3400.0
  0
LWPOLYLINE
  5
3DD
330
17
100
AcDbEntity
  8
A-PAVING
100
AcDbPolyline
 90
4
 70
1
 10
26800.0
 20
-3600.0
 10
27000.0
 20
-3600.0
 10
27000.0
 20
-3400.0
 10
26800.0
 20
-3400.0
  0
LWPOLYLINE
  5
3DE
330
17
100
AcDbEntity
  8
A-PAVING
100
AcDbPolyline
 90
4
 70
1
 10
27000.0
 20
-3600.0
 10
27200.0
 20
-3600.0
 10
27200.0
 20
-3400.0
 10
27000.0
 20
-3400.0
  0
LWPOLYLINE
  5
3DF
330
17
100
AcDbEntity
  8
A-PAVING
100
AcDbPolyline
 90
4
 70
1
 10
21000.0
 20
-3800.0
 10
21200.0
 20
-3800.0
 10
21200.0
 20
-3600.0
 10
21000.0
 20
-3600.0
  0
LWPOLYLINE
  5
3E0
330
17
100
AcDbEntity
  8
A-PAVING
100
AcDbPolyline
 90
4
 70
1
 10
21200.0
 20
-3800.0
 10
21400.0
 20
-3800.0
 10
21400.0
 20
-3600.0
 10
21200.0
 20
-3600.0
  0
LWPOLYLINE
  5
3E1
330
17
100
AcDbEntity
  8
A-PAVING
100
AcDbPolyline
 90
4
 70
1
 10
21400.0
 20
-3800.0
 10
21600.0
 20
-3800.0
 10
21600.0
 20
-3600.0
 10
21400.0
 20
-3600.0
  0
LWPOLYLINE
  5
3E2
330
17
100
AcDbEntity
  8
A-PAVING
100
AcDbPolyline
 90
4
 70
1
 10
21600.0
 20
-3800.0
 10
21800.0
 20
-3800.0
 10
21800.0
 20
-3600.0
 10
21600.0
 20
-3600.0
  0
LWPOLYLINE
  5
3E3
330
17
100
AcDbEntity
  8
A-PAVING
100
AcDbPolyline
 90
4
 70
1
 10
21800.0
 20
-3800.0
 10
22000.0
 20
-3800.0
 10
22000.0
 20
-3600.0
 10
21800.0
 20
-3600.0
  0
LWPOLYLINE
  5
3E4
330
17
100
AcDbEntity
  8
A-PAVING
100
AcDbPolyline
 90
4
 70
1
 10
22000.0
 20
-3800.0
 10
22200.0
 20
-3800.0
 10
22200.0
 20
-3600.0
 10
22000.0
 20
-3600.0
  0
LWPOLYLINE
  5
3E5
330
17
100
AcDbEntity
  8
A-PAVING
100
AcDbPolyline
 90
4
 70
1
 10
22200.0
 20
-3800.0
 10
22400.0
 20
-3800.0
 10
22400.0
 20
-3600.0
 10
22200.0
 20
-3600.0
  0
LWPOLYLINE
  5
3E6
330
17
100
AcDbEntity
  8
A-PAVING
100
AcDbPolyline
 90
4
 70
1
 10
22400.0
 20
-3800.0
 10
22600.0
 20
-3800.0
 10
22600.0
 20
-3600.0
 10
22400.0
 20
-3600.0
  0
LWPOLYLINE
  5
3E7
330
17
100
AcDbEntity
  8
A-PAVING
100
AcDbPolyline
 90
4
 70
1
 10
22600.0
 20
-3800.0
 10
22800.0
 20
-3800.0
 10
22800.0
 20
-3600.0
 10
22600.0
 20
-3600.0
  0
LWPOLYLINE
  5
3E8
330
17
100
AcDbEntity
  8
A-PAVING
100
AcDbPolyline
 90
4
 70
1
 10
22800.0
 20
-3800.0
 10
23000.0
 20
-3800.0
 10
23000.0
 20
-3600.0
 10
22800.0
 20
-3600.0
  0
LWPOLYLINE
  5
3E9
330
17
100
AcDbEntity
  8
A-PAVING
100
AcDbPolyline
 90
4
 70
1
 10
23000.0
 20
-3800.0
 10
23200.0
 20
-3800.0
 10
23200.0
 20
-3600.0
 10
23000.0
 20
-3600.0
  0
LWPOLYLINE
  5
3EA
330
17
100
AcDbEntity
  8
A-PAVING
100
AcDbPolyline
 90
4
 70
1
 10
23200.0
 20
-3800.0
 10
23400.0
 20
-3800.0
 10
23400.0
 20
-3600.0
 10
23200.0
 20
-3600.0
  0
LWPOLYLINE
  5
3EB
330
17
100
AcDbEntity
  8
A-PAVING
100
AcDbPolyline
 90
4
 70
1
 10
23400.0
 20
-3800.0
 10
23600.0
 20
-3800.0
 10
23600.0
 20
-3600.0
 10
23400.0
 20
-3600.0
  0
LWPOLYLINE
  5
3EC
330
17
100
AcDbEntity
  8
A-PAVING
100
AcDbPolyline
 90
4
 70
1
 10
23600.0
 20
-3800.0
 10
23800.0
 20
-3800.0
 10
23800.0
 20
-3600.0
 10
23600.0
 20
-3600.0
  0
LWPOLYLINE
  5
3ED
330
17
100
AcDbEntity
  8
A-PAVING
100
AcDbPolyline
 90
4
 70
1
 10
23800.0
 20
-3800.0
 10
24000.0
 20
-3800.0
 10
24000.0
 20
-3600.0
 10
23800.0
 20
-3600.0
  0
LWPOLYLINE
  5
3EE
330
17
100
AcDbEntity
  8
A-PAVING
100
AcDbPolyline
 90
4
 70
1
 10
24000.0
 20
-3800.0
 10
24200.0
 20
-3800.0
 10
24200.0
 20
-3600.0
 10
24000.0
 20
-3600.0
  0
LWPOLYLINE
  5
3EF
330
17
100
AcDbEntity
  8
A-PAVING
100
AcDbPolyline
 90
4
 70
1
 10
24200.0
 20
-3800.0
 10
24400.0
 20
-3800.0
 10
24400.0
 20
-3600.0
 10
24200.0
 20
-3600.0
  0
LWPOLYLINE
  5
3F0
330
17
100
AcDbEntity
  8
A-PAVING
100
AcDbPolyline
 90
4
 70
1
 10
24400.0
 20
-3800.0
 10
24600.0
 20
-3800.0
 10
24600.0
 20
-3600.0
 10
24400.0
 20
-3600.0
  0
LWPOLYLINE
  5
3F1
330
17
100
AcDbEntity
  8
A-PAVING
100
AcDbPolyline
 90
4
 70
1
 10
24600.0
 20
-3800.0
 10
24800.0
 20
-3800.0
 10
24800.0
 20
-3600.0
 10
24600.0
 20
-3600.0
  0
LWPOLYLINE
  5
3F2
330
17
100
AcDbEntity
  8
A-PAVING
100
AcDbPolyline
 90
4
 70
1
 10
24800.0
 20
-3800.0
 10
25000.0
 20
-3800.0
 10
25000.0
 20
-3600.0
 10
24800.0
 20
-3600.0
  0
LWPOLYLINE
  5
3F3
330
17
100
AcDbEntity
  8
A-PAVING
100
AcDbPolyline
 90
4
 70
1
 10
25000.0
 20
-3800.0
 10
25200.0
 20
-3800.0
 10
25200.0
 20
-3600.0
 10
25000.0
 20
-3600.0
  0
LWPOLYLINE
  5
3F4
330
17
100
AcDbEntity
  8
A-PAVING
100
AcDbPolyline
 90
4
 70
1
 10
25200.0
 20
-3800.0
 10
25400.0
 20
-3800.0
 10
25400.0
 20
-3600.0
 10
25200.0
 20
-3600.0
  0
LWPOLYLINE
  5
3F5
330
17
100
AcDbEntity
  8
A-PAVING
100
AcDbPolyline
 90
4
 70
1
 10
25400.0
 20
-3800.0
 10
25600.0
 20
-3800.0
 10
25600.0
 20
-3600.0
 10
25400.0
 20
-3600.0
  0
LWPOLYLINE
  5
3F6
330
17
100
AcDbEntity
  8
A-PAVING
100
AcDbPolyline
 90
4
 70
1
 10
25600.0
 20
-3800.0
 10
25800.0
 20
-3800.0
 10
25800.0
 20
-3600.0
 10
25600.0
 20
-3600.0
  0
LWPOLYLINE
  5
3F7
330
17
100
AcDbEntity
  8
A-PAVING
100
AcDbPolyline
 90
4
 70
1
 10
25800.0
 20
-3800.0
 10
26000.0
 20
-3800.0
 10
26000.0
 20
-3600.0
 10
25800.0
 20
-3600.0
  0
LWPOLYLINE
  5
3F8
330
17
100
AcDbEntity
  8
A-PAVING
100
AcDbPolyline
 90
4
 70
1
 10
26000.0
 20
-3800.0
 10
26200.0
 20
-3800.0
 10
26200.0
 20
-3600.0
 10
26000.0
 20
-3600.0
  0
LWPOLYLINE
  5
3F9
330
17
100
AcDbEntity
  8
A-PAVING
100
AcDbPolyline
 90
4
 70
1
 10
26200.0
 20
-3800.0
 10
26400.0
 20
-3800.0
 10
26400.0
 20
-3600.0
 10
26200.0
 20
-3600.0
  0
LWPOLYLINE
  5
3FA
330
17
100
AcDbEntity
  8
A-PAVING
100
AcDbPolyline
 90
4
 70
1
 10
26400.0
 20
-3800.0
 10
26600.0
 20
-3800.0
 10
26600.0
 20
-3600.0
 10
26400.0
 20
-3600.0
  0
LWPOLYLINE
  5
3FB
330
17
100
AcDbEntity
  8
A-PAVING
100
AcDbPolyline
 90
4
 70
1
 10
26600.0
 20
-3800.0
 10
26800.0
 20
-3800.0
 10
26800.0
 20
-3600.0
 10
26600.0
 20
-3600.0
  0
LWPOLYLINE
  5
3FC
330
17
100
AcDbEntity
  8
A-PAVING
100
AcDbPolyline
 90
4
 70
1
 10
26800.0
 20
-3800.0
 10
27000.0
 20
-3800.0
 10
27000.0
 20
-3600.0
 10
26800.0
 20
-3600.0
  0
LWPOLYLINE
  5
3FD
330
17
100
AcDbEntity
  8
A-PAVING
100
AcDbPolyline
 90
4
 70
1
 10
27000.0
 20
-3800.0
 10
27200.0
 20
-3800.0
 10
27200.0
 20
-3600.0
 10
27000.0
 20
-3600.0
  0
LWPOLYLINE
  5
3FE
330
17
100
AcDbEntity
  8
A-PAVING
100
AcDbPolyline
 90
4
 70
1
 10
21000.0
 20
-4000.0
 10
21200.0
 20
-4000.0
 10
21200.0
 20
-3800.0
 10
21000.0
 20
-3800.0
  0
LWPOLYLINE
  5
3FF
330
17
100
AcDbEntity
  8
A-PAVING
100
AcDbPolyline
 90
4
 70
1
 10
21200.0
 20
-4000.0
 10
21400.0
 20
-4000.0
 10
21400.0
 20
-3800.0
 10
21200.0
 20
-3800.0
  0
LWPOLYLINE
  5
400
330
17
100
AcDbEntity
  8
A-PAVING
100
AcDbPolyline
 90
4
 70
1
 10
21400.0
 20
-4000.0
 10
21600.0
 20
-4000.0
 10
21600.0
 20
-3800.0
 10
21400.0
 20
-3800.0
  0
LWPOLYLINE
  5
401
330
17
100
AcDbEntity
  8
A-PAVING
100
AcDbPolyline
 90
4
 70
1
 10
21600.0
 20
-4000.0
 10
21800.0
 20
-4000.0
 10
21800.0
 20
-3800.0
 10
21600.0
 20
-3800.0
  0
LWPOLYLINE
  5
402
330
17
100
AcDbEntity
  8
A-PAVING
100
AcDbPolyline
 90
4
 70
1
 10
21800.0
 20
-4000.0
 10
22000.0
 20
-4000.0
 10
22000.0
 20
-3800.0
 10
21800.0
 20
-3800.0
  0
LWPOLYLINE
  5
403
330
17
100
AcDbEntity
  8
A-PAVING
100
AcDbPolyline
 90
4
 70
1
 10
22000.0
 20
-4000.0
 10
22200.0
 20
-4000.0
 10
22200.0
 20
-3800.0
 10
22000.0
 20
-3800.0
  0
LWPOLYLINE
  5
404
330
17
100
AcDbEntity
  8
A-PAVING
100
AcDbPolyline
 90
4
 70
1
 10
22200.0
 20
-4000.0
 10
22400.0
 20
-4000.0
 10
22400.0
 20
-3800.0
 10
22200.0
 20
-3800.0
  0
LWPOLYLINE
  5
405
330
17
100
AcDbEntity
  8
A-PAVING
100
AcDbPolyline
 90
4
 70
1
 10
22400.0
 20
-4000.0
 10
22600.0
 20
-4000.0
 10
22600.0
 20
-3800.0
 10
22400.0
 20
-3800.0
  0
LWPOLYLINE
  5
406
330
17
100
AcDbEntity
  8
A-PAVING
100
AcDbPolyline
 90
4
 70
1
 10
22600.0
 20
-4000.0
 10
22800.0
 20
-4000.0
 10
22800.0
 20
-3800.0
 10
22600.0
 20
-3800.0
  0
LWPOLYLINE
  5
407
330
17
100
AcDbEntity
  8
A-PAVING
100
AcDbPolyline
 90
4
 70
1
 10
22800.0
 20
-4000.0
 10
23000.0
 20
-4000.0
 10
23000.0
 20
-3800.0
 10
22800.0
 20
-3800.0
  0
LWPOLYLINE
  5
408
330
17
100
AcDbEntity
  8
A-PAVING
100
AcDbPolyline
 90
4
 70
1
 10
23000.0
 20
-4000.0
 10
23200.0
 20
-4000.0
 10
23200.0
 20
-3800.0
 10
23000.0
 20
-3800.0
  0
LWPOLYLINE
  5
409
330
17
100
AcDbEntity
  8
A-PAVING
100
AcDbPolyline
 90
4
 70
1
 10
23200.0
 20
-4000.0
 10
23400.0
 20
-4000.0
 10
23400.0
 20
-3800.0
 10
23200.0
 20
-3800.0
  0
LWPOLYLINE
  5
40A
330
17
100
AcDbEntity
  8
A-PAVING
100
AcDbPolyline
 90
4
 70
1
 10
23400.0
 20
-4000.0
 10
23600.0
 20
-4000.0
 10
23600.0
 20
-3800.0
 10
23400.0
 20
-3800.0
  0
LWPOLYLINE
  5
40B
330
17
100
AcDbEntity
  8
A-PAVING
100
AcDbPolyline
 90
4
 70
1
 10
23600.0
 20
-4000.0
 10
23800.0
 20
-4000.0
 10
23800.0
 20
-3800.0
 10
23600.0
 20
-3800.0
  0
LWPOLYLINE
  5
40C
330
17
100
AcDbEntity
  8
A-PAVING
100
AcDbPolyline
 90
4
 70
1
 10
23800.0
 20
-4000.0
 10
24000.0
 20
-4000.0
 10
24000.0
 20
-3800.0
 10
23800.0
 20
-3800.0
  0
LWPOLYLINE
  5
40D
330
17
100
AcDbEntity
  8
A-PAVING
100
AcDbPolyline
 90
4
 70
1
 10
24000.0
 20
-4000.0
 10
24200.0
 20
-4000.0
 10
24200.0
 20
-3800.0
 10
24000.0
 20
-3800.0
  0
LWPOLYLINE
  5
40E
330
17
100
AcDbEntity
  8
A-PAVING
100
AcDbPolyline
 90
4
 70
1
 10
24200.0
 20
-4000.0
 10
24400.0
 20
-4000.0
 10
24400.0
 20
-3800.0
 10
24200.0
 20
-3800.0
  0
LWPOLYLINE
  5
40F
330
17
100
AcDbEntity
  8
A-PAVING
100
AcDbPolyline
 90
4
 70
1
 10
24400.0
 20
-4000.0
 10
24600.0
 20
-4000.0
 10
24600.0
 20
-3800.0
 10
24400.0
 20
-3800.0
  0
LWPOLYLINE
  5
410
330
17
100
AcDbEntity
  8
A-PAVING
100
AcDbPolyline
 90
4
 70
1
 10
24600.0
 20
-4000.0
 10
24800.0
 20
-4000.0
 10
24800.0
 20
-3800.0
 10
24600.0
 20
-3800.0
  0
LWPOLYLINE
  5
411
330
17
100
AcDbEntity
  8
A-PAVING
100
AcDbPolyline
 90
4
 70
1
 10
24800.0
 20
-4000.0
 10
25000.0
 20
-4000.0
 10
25000.0
 20
-3800.0
 10
24800.0
 20
-3800.0
  0
LWPOLYLINE
  5
412
330
17
100
AcDbEntity
  8
A-PAVING
100
AcDbPolyline
 90
4
 70
1
 10
25000.0
 20
-4000.0
 10
25200.0
 20
-4000.0
 10
25200.0
 20
-3800.0
 10
25000.0
 20
-3800.0
  0
LWPOLYLINE
  5
413
330
17
100
AcDbEntity
  8
A-PAVING
100
AcDbPolyline
 90
4
 70
1
 10
25200.0
 20
-4000.0
 10
25400.0
 20
-4000.0
 10
25400.0
 20
-3800.0
 10
25200.0
 20
-3800.0
  0
LWPOLYLINE
  5
414
330
17
100
AcDbEntity
  8
A-PAVING
100
AcDbPolyline
 90
4
 70
1
 10
25400.0
 20
-4000.0
 10
25600.0
 20
-4000.0
 10
25600.0
 20
-3800.0
 10
25400.0
 20
-3800.0
  0
LWPOLYLINE
  5
415
330
17
100
AcDbEntity
  8
A-PAVING
100
AcDbPolyline
 90
4
 70
1
 10
25600.0
 20
-4000.0
 10
25800.0
 20
-4000.0
 10
25800.0
 20
-3800.0
 10
25600.0
 20
-3800.0
  0
LWPOLYLINE
  5
416
330
17
100
AcDbEntity
  8
A-PAVING
100
AcDbPolyline
 90
4
 70
1
 10
25800.0
 20
-4000.0
 10
26000.0
 20
-4000.0
 10
26000.0
 20
-3800.0
 10
25800.0
 20
-3800.0
  0
LWPOLYLINE
  5
417
330
17
100
AcDbEntity
  8
A-PAVING
100
AcDbPolyline
 90
4
 70
1
 10
26000.0
 20
-4000.0
 10
26200.0
 20
-4000.0
 10
26200.0
 20
-3800.0
 10
26000.0
 20
-3800.0
  0
LWPOLYLINE
  5
418
330
17
100
AcDbEntity
  8
A-PAVING
100
AcDbPolyline
 90
4
 70
1
 10
26200.0
 20
-4000.0
 10
26400.0
 20
-4000.0
 10
26400.0
 20
-3800.0
 10
26200.0
 20
-3800.0
  0
LWPOLYLINE
  5
419
330
17
100
AcDbEntity
  8
A-PAVING
100
AcDbPolyline
 90
4
 70
1
 10
26400.0
 20
-4000.0
 10
26600.0
 20
-4000.0
 10
26600.0
 20
-3800.0
 10
26400.0
 20
-3800.0
  0
LWPOLYLINE
  5
41A
330
17
100
AcDbEntity
  8
A-PAVING
100
AcDbPolyline
 90
4
 70
1
 10
26600.0
 20
-4000.0
 10
26800.0
 20
-4000.0
 10
26800.0
 20
-3800.0
 10
26600.0
 20
-3800.0
  0
LWPOLYLINE
  5
41B
330
17
100
AcDbEntity
  8
A-PAVING
100
AcDbPolyline
 90
4
 70
1
 10
26800.0
 20
-4000.0
 10
27000.0
 20
-4000.0
 10
27000.0
 20
-3800.0
 10
26800.0
 20
-3800.0
  0
LWPOLYLINE
  5
41C
330
17
100
AcDbEntity
  8
A-PAVING
100
AcDbPolyline
 90
4
 70
1
 10
27000.0
 20
-4000.0
 10
27200.0
 20
-4000.0
 10
27200.0
 20
-3800.0
 10
27000.0
 20
-3800.0
  0
LWPOLYLINE
  5
41D
330
17
100
AcDbEntity
  8
A-PAVING
100
AcDbPolyline
 90
4
 70
1
 10
21000.0
 20
-4200.0
 10
21200.0
 20
-4200.0
 10
21200.0
 20
-4000.0
 10
21000.0
 20
-4000.0
  0
LWPOLYLINE
  5
41E
330
17
100
AcDbEntity
  8
A-PAVING
100
AcDbPolyline
 90
4
 70
1
 10
21200.0
 20
-4200.0
 10
21400.0
 20
-4200.0
 10
21400.0
 20
-4000.0
 10
21200.0
 20
-4000.0
  0
LWPOLYLINE
  5
41F
330
17
100
AcDbEntity
  8
A-PAVING
100
AcDbPolyline
 90
4
 70
1
 10
21400.0
 20
-4200.0
 10
21600.0
 20
-4200.0
 10
21600.0
 20
-4000.0
 10
21400.0
 20
-4000.0
  0
LWPOLYLINE
  5
420
330
17
100
AcDbEntity
  8
A-PAVING
100
AcDbPolyline
 90
4
 70
1
 10
21600.0
 20
-4200.0
 10
21800.0
 20
-4200.0
 10
21800.0
 20
-4000.0
 10
21600.0
 20
-4000.0
  0
LWPOLYLINE
  5
421
330
17
100
AcDbEntity
  8
A-PAVING
100
AcDbPolyline
 90
4
 70
1
 10
21800.0
 20
-4200.0
 10
22000.0
 20
-4200.0
 10
22000.0
 20
-4000.0
 10
21800.0
 20
-4000.0
  0
LWPOLYLINE
  5
422
330
17
100
AcDbEntity
  8
A-PAVING
100
AcDbPolyline
 90
4
 70
1
 10
22000.0
 20
-4200.0
 10
22200.0
 20
-4200.0
 10
22200.0
 20
-4000.0
 10
22000.0
 20
-4000.0
  0
LWPOLYLINE
  5
423
330
17
100
AcDbEntity
  8
A-PAVING
100
AcDbPolyline
 90
4
 70
1
 10
22200.0
 20
-4200.0
 10
22400.0
 20
-4200.0
 10
22400.0
 20
-4000.0
 10
22200.0
 20
-4000.0
  0
LWPOLYLINE
  5
424
330
17
100
AcDbEntity
  8
A-PAVING
100
AcDbPolyline
 90
4
 70
1
 10
22400.0
 20
-4200.0
 10
22600.0
 20
-4200.0
 10
22600.0
 20
-4000.0
 10
22400.0
 20
-4000.0
  0
LWPOLYLINE
  5
425
330
17
100
AcDbEntity
  8
A-PAVING
100
AcDbPolyline
 90
4
 70
1
 10
22600.0
 20
-4200.0
 10
22800.0
 20
-4200.0
 10
22800.0
 20
-4000.0
 10
22600.0
 20
-4000.0
  0
LWPOLYLINE
  5
426
330
17
100
AcDbEntity
  8
A-PAVING
100
AcDbPolyline
 90
4
 70
1
 10
22800.0
 20
-4200.0
 10
23000.0
 20
-4200.0
 10
23000.0
 20
-4000.0
 10
22800.0
 20
-4000.0
  0
LWPOLYLINE
  5
427
330
17
100
AcDbEntity
  8
A-PAVING
100
AcDbPolyline
 90
4
 70
1
 10
23000.0
 20
-4200.0
 10
23200.0
 20
-4200.0
 10
23200.0
 20
-4000.0
 10
23000.0
 20
-4000.0
  0
LWPOLYLINE
  5
428
330
17
100
AcDbEntity
  8
A-PAVING
100
AcDbPolyline
 90
4
 70
1
 10
23200.0
 20
-4200.0
 10
23400.0
 20
-4200.0
 10
23400.0
 20
-4000.0
 10
23200.0
 20
-4000.0
  0
LWPOLYLINE
  5
429
330
17
100
AcDbEntity
  8
A-PAVING
100
AcDbPolyline
 90
4
 70
1
 10
23400.0
 20
-4200.0
 10
23600.0
 20
-4200.0
 10
23600.0
 20
-4000.0
 10
23400.0
 20
-4000.0
  0
LWPOLYLINE
  5
42A
330
17
100
AcDbEntity
  8
A-PAVING
100
AcDbPolyline
 90
4
 70
1
 10
23600.0
 20
-4200.0
 10
23800.0
 20
-4200.0
 10
23800.0
 20
-4000.0
 10
23600.0
 20
-4000.0
  0
LWPOLYLINE
  5
42B
330
17
100
AcDbEntity
  8
A-PAVING
100
AcDbPolyline
 90
4
 70
1
 10
23800.0
 20
-4200.0
 10
24000.0
 20
-4200.0
 10
24000.0
 20
-4000.0
 10
23800.0
 20
-4000.0
  0
LWPOLYLINE
  5
42C
330
17
100
AcDbEntity
  8
A-PAVING
100
AcDbPolyline
 90
4
 70
1
 10
24000.0
 20
-4200.0
 10
24200.0
 20
-4200.0
 10
24200.0
 20
-4000.0
 10
24000.0
 20
-4000.0
  0
LWPOLYLINE
  5
42D
330
17
100
AcDbEntity
  8
A-PAVING
100
AcDbPolyline
 90
4
 70
1
 10
24200.0
 20
-4200.0
 10
24400.0
 20
-4200.0
 10
24400.0
 20
-4000.0
 10
24200.0
 20
-4000.0
  0
LWPOLYLINE
  5
42E
330
17
100
AcDbEntity
  8
A-PAVING
100
AcDbPolyline
 90
4
 70
1
 10
24400.0
 20
-4200.0
 10
24600.0
 20
-4200.0
 10
24600.0
 20
-4000.0
 10
24400.0
 20
-4000.0
  0
LWPOLYLINE
  5
42F
330
17
100
AcDbEntity
  8
A-PAVING
100
AcDbPolyline
 90
4
 70
1
 10
24600.0
 20
-4200.0
 10
24800.0
 20
-4200.0
 10
24800.0
 20
-4000.0
 10
24600.0
 20
-4000.0
  0
LWPOLYLINE
  5
430
330
17
100
AcDbEntity
  8
A-PAVING
100
AcDbPolyline
 90
4
 70
1
 10
24800.0
 20
-4200.0
 10
25000.0
 20
-4200.0
 10
25000.0
 20
-4000.0
 10
24800.0
 20
-4000.0
  0
LWPOLYLINE
  5
431
330
17
100
AcDbEntity
  8
A-PAVING
100
AcDbPolyline
 90
4
 70
1
 10
25000.0
 20
-4200.0
 10
25200.0
 20
-4200.0
 10
25200.0
 20
-4000.0
 10
25000.0
 20
-4000.0
  0
LWPOLYLINE
  5
432
330
17
100
AcDbEntity
  8
A-PAVING
100
AcDbPolyline
 90
4
 70
1
 10
25200.0
 20
-4200.0
 10
25400.0
 20
-4200.0
 10
25400.0
 20
-4000.0
 10
25200.0
 20
-4000.0
  0
LWPOLYLINE
  5
433
330
17
100
AcDbEntity
  8
A-PAVING
100
AcDbPolyline
 90
4
 70
1
 10
25400.0
 20
-4200.0
 10
25600.0
 20
-4200.0
 10
25600.0
 20
-4000.0
 10
25400.0
 20
-4000.0
  0
LWPOLYLINE
  5
434
330
17
100
AcDbEntity
  8
A-PAVING
100
AcDbPolyline
 90
4
 70
1
 10
25600.0
 20
-4200.0
 10
25800.0
 20
-4200.0
 10
25800.0
 20
-4000.0
 10
25600.0
 20
-4000.0
  0
LWPOLYLINE
  5
435
330
17
100
AcDbEntity
  8
A-PAVING
100
AcDbPolyline
 90
4
 70
1
 10
25800.0
 20
-4200.0
 10
26000.0
 20
-4200.0
 10
26000.0
 20
-4000.0
 10
25800.0
 20
-4000.0
  0
LWPOLYLINE
  5
436
330
17
100
AcDbEntity
  8
A-PAVING
100
AcDbPolyline
 90
4
 70
1
 10
26000.0
 20
-4200.0
 10
26200.0
 20
-4200.0
 10
26200.0
 20
-4000.0
 10
26000.0
 20
-4000.0
  0
LWPOLYLINE
  5
437
330
17
100
AcDbEntity
  8
A-PAVING
100
AcDbPolyline
 90
4
 70
1
 10
26200.0
 20
-4200.0
 10
26400.0
 20
-4200.0
 10
26400.0
 20
-4000.0
 10
26200.0
 20
-4000.0
  0
LWPOLYLINE
  5
438
330
17
100
AcDbEntity
  8
A-PAVING
100
AcDbPolyline
 90
4
 70
1
 10
26400.0
 20
-4200.0
 10
26600.0
 20
-4200.0
 10
26600.0
 20
-4000.0
 10
26400.0
 20
-4000.0
  0
LWPOLYLINE
  5
439
330
17
100
AcDbEntity
  8
A-PAVING
100
AcDbPolyline
 90
4
 70
1
 10
26600.0
 20
-4200.0
 10
26800.0
 20
-4200.0
 10
26800.0
 20
-4000.0
 10
26600.0
 20
-4000.0
  0
LWPOLYLINE
  5
43A
330
17
100
AcDbEntity
  8
A-PAVING
100
AcDbPolyline
 90
4
 70
1
 10
26800.0
 20
-4200.0
 10
27000.0
 20
-4200.0
 10
27000.0
 20
-4000.0
 10
26800.0
 20
-4000.0
  0
LWPOLYLINE
  5
43B
330
17
100
AcDbEntity
  8
A-PAVING
100
AcDbPolyline
 90
4
 70
1
 10
27000.0
 20
-4200.0
 10
27200.0
 20
-4200.0
 10
27200.0
 20
-4000.0
 10
27000.0
 20
-4000.0
  0
LWPOLYLINE
  5
43C
330
17
100
AcDbEntity
  8
A-PAVING
100
AcDbPolyline
 90
4
 70
1
 10
21000.0
 20
-4400.0
 10
21200.0
 20
-4400.0
 10
21200.0
 20
-4200.0
 10
21000.0
 20
-4200.0
  0
LWPOLYLINE
  5
43D
330
17
100
AcDbEntity
  8
A-PAVING
100
AcDbPolyline
 90
4
 70
1
 10
21200.0
 20
-4400.0
 10
21400.0
 20
-4400.0
 10
21400.0
 20
-4200.0
 10
21200.0
 20
-4200.0
  0
LWPOLYLINE
  5
43E
330
17
100
AcDbEntity
  8
A-PAVING
100
AcDbPolyline
 90
4
 70
1
 10
21400.0
 20
-4400.0
 10
21600.0
 20
-4400.0
 10
21600.0
 20
-4200.0
 10
21400.0
 20
-4200.0
  0
LWPOLYLINE
  5
43F
330
17
100
AcDbEntity
  8
A-PAVING
100
AcDbPolyline
 90
4
 70
1
 10
21600.0
 20
-4400.0
 10
21800.0
 20
-4400.0
 10
21800.0
 20
-4200.0
 10
21600.0
 20
-4200.0
  0
LWPOLYLINE
  5
440
330
17
100
AcDbEntity
  8
A-PAVING
100
AcDbPolyline
 90
4
 70
1
 10
21800.0
 20
-4400.0
 10
22000.0
 20
-4400.0
 10
22000.0
 20
-4200.0
 10
21800.0
 20
-4200.0
  0
LWPOLYLINE
  5
441
330
17
100
AcDbEntity
  8
A-PAVING
100
AcDbPolyline
 90
4
 70
1
 10
22000.0
 20
-4400.0
 10
22200.0
 20
-4400.0
 10
22200.0
 20
-4200.0
 10
22000.0
 20
-4200.0
  0
LWPOLYLINE
  5
442
330
17
100
AcDbEntity
  8
A-PAVING
100
AcDbPolyline
 90
4
 70
1
 10
22200.0
 20
-4400.0
 10
22400.0
 20
-4400.0
 10
22400.0
 20
-4200.0
 10
22200.0
 20
-4200.0
  0
LWPOLYLINE
  5
443
330
17
100
AcDbEntity
  8
A-PAVING
100
AcDbPolyline
 90
4
 70
1
 10
22400.0
 20
-4400.0
 10
22600.0
 20
-4400.0
 10
22600.0
 20
-4200.0
 10
22400.0
 20
-4200.0
  0
LWPOLYLINE
  5
444
330
17
100
AcDbEntity
  8
A-PAVING
100
AcDbPolyline
 90
4
 70
1
 10
22600.0
 20
-4400.0
 10
22800.0
 20
-4400.0
 10
22800.0
 20
-4200.0
 10
22600.0
 20
-4200.0
  0
LWPOLYLINE
  5
445
330
17
100
AcDbEntity
  8
A-PAVING
100
AcDbPolyline
 90
4
 70
1
 10
22800.0
 20
-4400.0
 10
23000.0
 20
-4400.0
 10
23000.0
 20
-4200.0
 10
22800.0
 20
-4200.0
  0
LWPOLYLINE
  5
446
330
17
100
AcDbEntity
  8
A-PAVING
100
AcDbPolyline
 90
4
 70
1
 10
23000.0
 20
-4400.0
 10
23200.0
 20
-4400.0
 10
23200.0
 20
-4200.0
 10
23000.0
 20
-4200.0
  0
LWPOLYLINE
  5
447
330
17
100
AcDbEntity
  8
A-PAVING
100
AcDbPolyline
 90
4
 70
1
 10
23200.0
 20
-4400.0
 10
23400.0
 20
-4400.0
 10
23400.0
 20
-4200.0
 10
23200.0
 20
-4200.0
  0
LWPOLYLINE
  5
448
330
17
100
AcDbEntity
  8
A-PAVING
100
AcDbPolyline
 90
4
 70
1
 10
23400.0
 20
-4400.0
 10
23600.0
 20
-4400.0
 10
23600.0
 20
-4200.0
 10
23400.0
 20
-4200.0
  0
LWPOLYLINE
  5
449
330
17
100
AcDbEntity
  8
A-PAVING
100
AcDbPolyline
 90
4
 70
1
 10
23600.0
 20
-4400.0
 10
23800.0
 20
-4400.0
 10
23800.0
 20
-4200.0
 10
23600.0
 20
-4200.0
  0
LWPOLYLINE
  5
44A
330
17
100
AcDbEntity
  8
A-PAVING
100
AcDbPolyline
 90
4
 70
1
 10
23800.0
 20
-4400.0
 10
24000.0
 20
-4400.0
 10
24000.0
 20
-4200.0
 10
23800.0
 20
-4200.0
  0
LWPOLYLINE
  5
44B
330
17
100
AcDbEntity
  8
A-PAVING
100
AcDbPolyline
 90
4
 70
1
 10
24000.0
 20
-4400.0
 10
24200.0
 20
-4400.0
 10
24200.0
 20
-4200.0
 10
24000.0
 20
-4200.0
  0
LWPOLYLINE
  5
44C
330
17
100
AcDbEntity
  8
A-PAVING
100
AcDbPolyline
 90
4
 70
1
 10
24200.0
 20
-4400.0
 10
24400.0
 20
-4400.0
 10
24400.0
 20
-4200.0
 10
24200.0
 20
-4200.0
  0
LWPOLYLINE
  5
44D
330
17
100
AcDbEntity
  8
A-PAVING
100
AcDbPolyline
 90
4
 70
1
 10
24400.0
 20
-4400.0
 10
24600.0
 20
-4400.0
 10
24600.0
 20
-4200.0
 10
24400.0
 20
-4200.0
  0
LWPOLYLINE
  5
44E
330
17
100
AcDbEntity
  8
A-PAVING
100
AcDbPolyline
 90
4
 70
1
 10
24600.0
 20
-4400.0
 10
24800.0
 20
-4400.0
 10
24800.0
 20
-4200.0
 10
24600.0
 20
-4200.0
  0
LWPOLYLINE
  5
44F
330
17
100
AcDbEntity
  8
A-PAVING
100
AcDbPolyline
 90
4
 70
1
 10
24800.0
 20
-4400.0
 10
25000.0
 20
-4400.0
 10
25000.0
 20
-4200.0
 10
24800.0
 20
-4200.0
  0
LWPOLYLINE
  5
450
330
17
100
AcDbEntity
  8
A-PAVING
100
AcDbPolyline
 90
4
 70
1
 10
25000.0
 20
-4400.0
 10
25200.0
 20
-4400.0
 10
25200.0
 20
-4200.0
 10
25000.0
 20
-4200.0
  0
LWPOLYLINE
  5
451
330
17
100
AcDbEntity
  8
A-PAVING
100
AcDbPolyline
 90
4
 70
1
 10
25200.0
 20
-4400.0
 10
25400.0
 20
-4400.0
 10
25400.0
 20
-4200.0
 10
25200.0
 20
-4200.0
  0
LWPOLYLINE
  5
452
330
17
100
AcDbEntity
  8
A-PAVING
100
AcDbPolyline
 90
4
 70
1
 10
25400.0
 20
-4400.0
 10
25600.0
 20
-4400.0
 10
25600.0
 20
-4200.0
 10
25400.0
 20
-4200.0
  0
LWPOLYLINE
  5
453
330
17
100
AcDbEntity
  8
A-PAVING
100
AcDbPolyline
 90
4
 70
1
 10
25600.0
 20
-4400.0
 10
25800.0
 20
-4400.0
 10
25800.0
 20
-4200.0
 10
25600.0
 20
-4200.0
  0
LWPOLYLINE
  5
454
330
17
100
AcDbEntity
  8
A-PAVING
100
AcDbPolyline
 90
4
 70
1
 10
25800.0
 20
-4400.0
 10
26000.0
 20
-4400.0
 10
26000.0
 20
-4200.0
 10
25800.0
 20
-4200.0
  0
LWPOLYLINE
  5
455
330
17
100
AcDbEntity
  8
A-PAVING
100
AcDbPolyline
 90
4
 70
1
 10
26000.0
 20
-4400.0
 10
26200.0
 20
-4400.0
 10
26200.0
 20
-4200.0
 10
26000.0
 20
-4200.0
  0
LWPOLYLINE
  5
456
330
17
100
AcDbEntity
  8
A-PAVING
100
AcDbPolyline
 90
4
 70
1
 10
26200.0
 20
-4400.0
 10
26400.0
 20
-4400.0
 10
26400.0
 20
-4200.0
 10
26200.0
 20
-4200.0
  0
LWPOLYLINE
  5
457
330
17
100
AcDbEntity
  8
A-PAVING
100
AcDbPolyline
 90
4
 70
1
 10
26400.0
 20
-4400.0
 10
26600.0
 20
-4400.0
 10
26600.0
 20
-4200.0
 10
26400.0
 20
-4200.0
  0
LWPOLYLINE
  5
458
330
17
100
AcDbEntity
  8
A-PAVING
100
AcDbPolyline
 90
4
 70
1
 10
26600.0
 20
-4400.0
 10
26800.0
 20
-4400.0
 10
26800.0
 20
-4200.0
 10
26600.0
 20
-4200.0
  0
LWPOLYLINE
  5
459
330
17
100
AcDbEntity
  8
A-PAVING
100
AcDbPolyline
 90
4
 70
1
 10
26800.0
 20
-4400.0
 10
27000.0
 20
-4400.0
 10
27000.0
 20
-4200.0
 10
26800.0
 20
-4200.0
  0
LWPOLYLINE
  5
45A
330
17
100
AcDbEntity
  8
A-PAVING
100
AcDbPolyline
 90
4
 70
1
 10
27000.0
 20
-4400.0
 10
27200.0
 20
-4400.0
 10
27200.0
 20
-4200.0
 10
27000.0
 20
-4200.0
  0
LWPOLYLINE
  5
45B
330
17
100
AcDbEntity
  8
A-PAVING
100
AcDbPolyline
 90
4
 70
1
 10
21000.0
 20
-4600.0
 10
21200.0
 20
-4600.0
 10
21200.0
 20
-4400.0
 10
21000.0
 20
-4400.0
  0
LWPOLYLINE
  5
45C
330
17
100
AcDbEntity
  8
A-PAVING
100
AcDbPolyline
 90
4
 70
1
 10
21200.0
 20
-4600.0
 10
21400.0
 20
-4600.0
 10
21400.0
 20
-4400.0
 10
21200.0
 20
-4400.0
  0
LWPOLYLINE
  5
45D
330
17
100
AcDbEntity
  8
A-PAVING
100
AcDbPolyline
 90
4
 70
1
 10
21400.0
 20
-4600.0
 10
21600.0
 20
-4600.0
 10
21600.0
 20
-4400.0
 10
21400.0
 20
-4400.0
  0
LWPOLYLINE
  5
45E
330
17
100
AcDbEntity
  8
A-PAVING
100
AcDbPolyline
 90
4
 70
1
 10
21600.0
 20
-4600.0
 10
21800.0
 20
-4600.0
 10
21800.0
 20
-4400.0
 10
21600.0
 20
-4400.0
  0
LWPOLYLINE
  5
45F
330
17
100
AcDbEntity
  8
A-PAVING
100
AcDbPolyline
 90
4
 70
1
 10
21800.0
 20
-4600.0
 10
22000.0
 20
-4600.0
 10
22000.0
 20
-4400.0
 10
21800.0
 20
-4400.0
  0
LWPOLYLINE
  5
460
330
17
100
AcDbEntity
  8
A-PAVING
100
AcDbPolyline
 90
4
 70
1
 10
22000.0
 20
-4600.0
 10
22200.0
 20
-4600.0
 10
22200.0
 20
-4400.0
 10
22000.0
 20
-4400.0
  0
LWPOLYLINE
  5
461
330
17
100
AcDbEntity
  8
A-PAVING
100
AcDbPolyline
 90
4
 70
1
 10
22200.0
 20
-4600.0
 10
22400.0
 20
-4600.0
 10
22400.0
 20
-4400.0
 10
22200.0
 20
-4400.0
  0
LWPOLYLINE
  5
462
330
17
100
AcDbEntity
  8
A-PAVING
100
AcDbPolyline
 90
4
 70
1
 10
22400.0
 20
-4600.0
 10
22600.0
 20
-4600.0
 10
22600.0
 20
-4400.0
 10
22400.0
 20
-4400.0
  0
LWPOLYLINE
  5
463
330
17
100
AcDbEntity
  8
A-PAVING
100
AcDbPolyline
 90
4
 70
1
 10
22600.0
 20
-4600.0
 10
22800.0
 20
-4600.0
 10
22800.0
 20
-4400.0
 10
22600.0
 20
-4400.0
  0
LWPOLYLINE
  5
464
330
17
100
AcDbEntity
  8
A-PAVING
100
AcDbPolyline
 90
4
 70
1
 10
22800.0
 20
-4600.0
 10
23000.0
 20
-4600.0
 10
23000.0
 20
-4400.0
 10
22800.0
 20
-4400.0
  0
LWPOLYLINE
  5
465
330
17
100
AcDbEntity
  8
A-PAVING
100
AcDbPolyline
 90
4
 70
1
 10
23000.0
 20
-4600.0
 10
23200.0
 20
-4600.0
 10
23200.0
 20
-4400.0
 10
23000.0
 20
-4400.0
  0
LWPOLYLINE
  5
466
330
17
100
AcDbEntity
  8
A-PAVING
100
AcDbPolyline
 90
4
 70
1
 10
23200.0
 20
-4600.0
 10
23400.0
 20
-4600.0
 10
23400.0
 20
-4400.0
 10
23200.0
 20
-4400.0
  0
LWPOLYLINE
  5
467
330
17
100
AcDbEntity
  8
A-PAVING
100
AcDbPolyline
 90
4
 70
1
 10
23400.0
 20
-4600.0
 10
23600.0
 20
-4600.0
 10
23600.0
 20
-4400.0
 10
23400.0
 20
-4400.0
  0
LWPOLYLINE
  5
468
330
17
100
AcDbEntity
  8
A-PAVING
100
AcDbPolyline
 90
4
 70
1
 10
23600.0
 20
-4600.0
 10
23800.0
 20
-4600.0
 10
23800.0
 20
-4400.0
 10
23600.0
 20
-4400.0
  0
LWPOLYLINE
  5
469
330
17
100
AcDbEntity
  8
A-PAVING
100
AcDbPolyline
 90
4
 70
1
 10
23800.0
 20
-4600.0
 10
24000.0
 20
-4600.0
 10
24000.0
 20
-4400.0
 10
23800.0
 20
-4400.0
  0
LWPOLYLINE
  5
46A
330
17
100
AcDbEntity
  8
A-PAVING
100
AcDbPolyline
 90
4
 70
1
 10
24000.0
 20
-4600.0
 10
24200.0
 20
-4600.0
 10
24200.0
 20
-4400.0
 10
24000.0
 20
-4400.0
  0
LWPOLYLINE
  5
46B
330
17
100
AcDbEntity
  8
A-PAVING
100
AcDbPolyline
 90
4
 70
1
 10
24200.0
 20
-4600.0
 10
24400.0
 20
-4600.0
 10
24400.0
 20
-4400.0
 10
24200.0
 20
-4400.0
  0
LWPOLYLINE
  5
46C
330
17
100
AcDbEntity
  8
A-PAVING
100
AcDbPolyline
 90
4
 70
1
 10
24400.0
 20
-4600.0
 10
24600.0
 20
-4600.0
 10
24600.0
 20
-4400.0
 10
24400.0
 20
-4400.0
  0
LWPOLYLINE
  5
46D
330
17
100
AcDbEntity
  8
A-PAVING
100
AcDbPolyline
 90
4
 70
1
 10
24600.0
 20
-4600.0
 10
24800.0
 20
-4600.0
 10
24800.0
 20
-4400.0
 10
24600.0
 20
-4400.0
  0
LWPOLYLINE
  5
46E
330
17
100
AcDbEntity
  8
A-PAVING
100
AcDbPolyline
 90
4
 70
1
 10
24800.0
 20
-4600.0
 10
25000.0
 20
-4600.0
 10
25000.0
 20
-4400.0
 10
24800.0
 20
-4400.0
  0
LWPOLYLINE
  5
46F
330
17
100
AcDbEntity
  8
A-PAVING
100
AcDbPolyline
 90
4
 70
1
 10
25000.0
 20
-4600.0
 10
25200.0
 20
-4600.0
 10
25200.0
 20
-4400.0
 10
25000.0
 20
-4400.0
  0
LWPOLYLINE
  5
470
330
17
100
AcDbEntity
  8
A-PAVING
100
AcDbPolyline
 90
4
 70
1
 10
25200.0
 20
-4600.0
 10
25400.0
 20
-4600.0
 10
25400.0
 20
-4400.0
 10
25200.0
 20
-4400.0
  0
LWPOLYLINE
  5
471
330
17
100
AcDbEntity
  8
A-PAVING
100
AcDbPolyline
 90
4
 70
1
 10
25400.0
 20
-4600.0
 10
25600.0
 20
-4600.0
 10
25600.0
 20
-4400.0
 10
25400.0
 20
-4400.0
  0
LWPOLYLINE
  5
472
330
17
100
AcDbEntity
  8
A-PAVING
100
AcDbPolyline
 90
4
 70
1
 10
25600.0
 20
-4600.0
 10
25800.0
 20
-4600.0
 10
25800.0
 20
-4400.0
 10
25600.0
 20
-4400.0
  0
LWPOLYLINE
  5
473
330
17
100
AcDbEntity
  8
A-PAVING
100
AcDbPolyline
 90
4
 70
1
 10
25800.0
 20
-4600.0
 10
26000.0
 20
-4600.0
 10
26000.0
 20
-4400.0
 10
25800.0
 20
-4400.0
  0
LWPOLYLINE
  5
474
330
17
100
AcDbEntity
  8
A-PAVING
100
AcDbPolyline
 90
4
 70
1
 10
26000.0
 20
-4600.0
 10
26200.0
 20
-4600.0
 10
26200.0
 20
-4400.0
 10
26000.0
 20
-4400.0
  0
LWPOLYLINE
  5
475
330
17
100
AcDbEntity
  8
A-PAVING
100
AcDbPolyline
 90
4
 70
1
 10
26200.0
 20
-4600.0
 10
26400.0
 20
-4600.0
 10
26400.0
 20
-4400.0
 10
26200.0
 20
-4400.0
  0
LWPOLYLINE
  5
476
330
17
100
AcDbEntity
  8
A-PAVING
100
AcDbPolyline
 90
4
 70
1
 10
26400.0
 20
-4600.0
 10
26600.0
 20
-4600.0
 10
26600.0
 20
-4400.0
 10
26400.0
 20
-4400.0
  0
LWPOLYLINE
  5
477
330
17
100
AcDbEntity
  8
A-PAVING
100
AcDbPolyline
 90
4
 70
1
 10
26600.0
 20
-4600.0
 10
26800.0
 20
-4600.0
 10
26800.0
 20
-4400.0
 10
26600.0
 20
-4400.0
  0
LWPOLYLINE
  5
478
330
17
100
AcDbEntity
  8
A-PAVING
100
AcDbPolyline
 90
4
 70
1
 10
26800.0
 20
-4600.0
 10
27000.0
 20
-4600.0
 10
27000.0
 20
-4400.0
 10
26800.0
 20
-4400.0
  0
LWPOLYLINE
  5
479
330
17
100
AcDbEntity
  8
A-PAVING
100
AcDbPolyline
 90
4
 70
1
 10
27000.0
 20
-4600.0
 10
27200.0
 20
-4600.0
 10
27200.0
 20
-4400.0
 10
27000.0
 20
-4400.0
  0
LWPOLYLINE
  5
47A
330
17
100
AcDbEntity
  8
A-PAVING
100
AcDbPolyline
 90
4
 70
1
 10
21000.0
 20
-4800.0
 10
21200.0
 20
-4800.0
 10
21200.0
 20
-4600.0
 10
21000.0
 20
-4600.0
  0
LWPOLYLINE
  5
47B
330
17
100
AcDbEntity
  8
A-PAVING
100
AcDbPolyline
 90
4
 70
1
 10
21200.0
 20
-4800.0
 10
21400.0
 20
-4800.0
 10
21400.0
 20
-4600.0
 10
21200.0
 20
-4600.0
  0
LWPOLYLINE
  5
47C
330
17
100
AcDbEntity
  8
A-PAVING
100
AcDbPolyline
 90
4
 70
1
 10
21400.0
 20
-4800.0
 10
21600.0
 20
-4800.0
 10
21600.0
 20
-4600.0
 10
21400.0
 20
-4600.0
  0
LWPOLYLINE
  5
47D
330
17
100
AcDbEntity
  8
A-PAVING
100
AcDbPolyline
 90
4
 70
1
 10
21600.0
 20
-4800.0
 10
21800.0
 20
-4800.0
 10
21800.0
 20
-4600.0
 10
21600.0
 20
-4600.0
  0
LWPOLYLINE
  5
47E
330
17
100
AcDbEntity
  8
A-PAVING
100
AcDbPolyline
 90
4
 70
1
 10
21800.0
 20
-4800.0
 10
22000.0
 20
-4800.0
 10
22000.0
 20
-4600.0
 10
21800.0
 20
-4600.0
  0
LWPOLYLINE
  5
47F
330
17
100
AcDbEntity
  8
A-PAVING
100
AcDbPolyline
 90
4
 70
1
 10
22000.0
 20
-4800.0
 10
22200.0
 20
-4800.0
 10
22200.0
 20
-4600.0
 10
22000.0
 20
-4600.0
  0
LWPOLYLINE
  5
480
330
17
100
AcDbEntity
  8
A-PAVING
100
AcDbPolyline
 90
4
 70
1
 10
22200.0
 20
-4800.0
 10
22400.0
 20
-4800.0
 10
22400.0
 20
-4600.0
 10
22200.0
 20
-4600.0
  0
LWPOLYLINE
  5
481
330
17
100
AcDbEntity
  8
A-PAVING
100
AcDbPolyline
 90
4
 70
1
 10
22400.0
 20
-4800.0
 10
22600.0
 20
-4800.0
 10
22600.0
 20
-4600.0
 10
22400.0
 20
-4600.0
  0
LWPOLYLINE
  5
482
330
17
100
AcDbEntity
  8
A-PAVING
100
AcDbPolyline
 90
4
 70
1
 10
22600.0
 20
-4800.0
 10
22800.0
 20
-4800.0
 10
22800.0
 20
-4600.0
 10
22600.0
 20
-4600.0
  0
LWPOLYLINE
  5
483
330
17
100
AcDbEntity
  8
A-PAVING
100
AcDbPolyline
 90
4
 70
1
 10
22800.0
 20
-4800.0
 10
23000.0
 20
-4800.0
 10
23000.0
 20
-4600.0
 10
22800.0
 20
-4600.0
  0
LWPOLYLINE
  5
484
330
17
100
AcDbEntity
  8
A-PAVING
100
AcDbPolyline
 90
4
 70
1
 10
23000.0
 20
-4800.0
 10
23200.0
 20
-4800.0
 10
23200.0
 20
-4600.0
 10
23000.0
 20
-4600.0
  0
LWPOLYLINE
  5
485
330
17
100
AcDbEntity
  8
A-PAVING
100
AcDbPolyline
 90
4
 70
1
 10
23200.0
 20
-4800.0
 10
23400.0
 20
-4800.0
 10
23400.0
 20
-4600.0
 10
23200.0
 20
-4600.0
  0
LWPOLYLINE
  5
486
330
17
100
AcDbEntity
  8
A-PAVING
100
AcDbPolyline
 90
4
 70
1
 10
23400.0
 20
-4800.0
 10
23600.0
 20
-4800.0
 10
23600.0
 20
-4600.0
 10
23400.0
 20
-4600.0
  0
LWPOLYLINE
  5
487
330
17
100
AcDbEntity
  8
A-PAVING
100
AcDbPolyline
 90
4
 70
1
 10
23600.0
 20
-4800.0
 10
23800.0
 20
-4800.0
 10
23800.0
 20
-4600.0
 10
23600.0
 20
-4600.0
  0
LWPOLYLINE
  5
488
330
17
100
AcDbEntity
  8
A-PAVING
100
AcDbPolyline
 90
4
 70
1
 10
23800.0
 20
-4800.0
 10
24000.0
 20
-4800.0
 10
24000.0
 20
-4600.0
 10
23800.0
 20
-4600.0
  0
LWPOLYLINE
  5
489
330
17
100
AcDbEntity
  8
A-PAVING
100
AcDbPolyline
 90
4
 70
1
 10
24000.0
 20
-4800.0
 10
24200.0
 20
-4800.0
 10
24200.0
 20
-4600.0
 10
24000.0
 20
-4600.0
  0
LWPOLYLINE
  5
48A
330
17
100
AcDbEntity
  8
A-PAVING
100
AcDbPolyline
 90
4
 70
1
 10
24200.0
 20
-4800.0
 10
24400.0
 20
-4800.0
 10
24400.0
 20
-4600.0
 10
24200.0
 20
-4600.0
  0
LWPOLYLINE
  5
48B
330
17
100
AcDbEntity
  8
A-PAVING
100
AcDbPolyline
 90
4
 70
1
 10
24400.0
 20
-4800.0
 10
24600.0
 20
-4800.0
 10
24600.0
 20
-4600.0
 10
24400.0
 20
-4600.0
  0
LWPOLYLINE
  5
48C
330
17
100
AcDbEntity
  8
A-PAVING
100
AcDbPolyline
 90
4
 70
1
 10
24600.0
 20
-4800.0
 10
24800.0
 20
-4800.0
 10
24800.0
 20
-4600.0
 10
24600.0
 20
-4600.0
  0
LWPOLYLINE
  5
48D
330
17
100
AcDbEntity
  8
A-PAVING
100
AcDbPolyline
 90
4
 70
1
 10
24800.0
 20
-4800.0
 10
25000.0
 20
-4800.0
 10
25000.0
 20
-4600.0
 10
24800.0
 20
-4600.0
  0
LWPOLYLINE
  5
48E
330
17
100
AcDbEntity
  8
A-PAVING
100
AcDbPolyline
 90
4
 70
1
 10
25000.0
 20
-4800.0
 10
25200.0
 20
-4800.0
 10
25200.0
 20
-4600.0
 10
25000.0
 20
-4600.0
  0
LWPOLYLINE
  5
48F
330
17
100
AcDbEntity
  8
A-PAVING
100
AcDbPolyline
 90
4
 70
1
 10
25200.0
 20
-4800.0
 10
25400.0
 20
-4800.0
 10
25400.0
 20
-4600.0
 10
25200.0
 20
-4600.0
  0
LWPOLYLINE
  5
490
330
17
100
AcDbEntity
  8
A-PAVING
100
AcDbPolyline
 90
4
 70
1
 10
25400.0
 20
-4800.0
 10
25600.0
 20
-4800.0
 10
25600.0
 20
-4600.0
 10
25400.0
 20
-4600.0
  0
LWPOLYLINE
  5
491
330
17
100
AcDbEntity
  8
A-PAVING
100
AcDbPolyline
 90
4
 70
1
 10
25600.0
 20
-4800.0
 10
25800.0
 20
-4800.0
 10
25800.0
 20
-4600.0
 10
25600.0
 20
-4600.0
  0
LWPOLYLINE
  5
492
330
17
100
AcDbEntity
  8
A-PAVING
100
AcDbPolyline
 90
4
 70
1
 10
25800.0
 20
-4800.0
 10
26000.0
 20
-4800.0
 10
26000.0
 20
-4600.0
 10
25800.0
 20
-4600.0
  0
LWPOLYLINE
  5
493
330
17
100
AcDbEntity
  8
A-PAVING
100
AcDbPolyline
 90
4
 70
1
 10
26000.0
 20
-4800.0
 10
26200.0
 20
-4800.0
 10
26200.0
 20
-4600.0
 10
26000.0
 20
-4600.0
  0
LWPOLYLINE
  5
494
330
17
100
AcDbEntity
  8
A-PAVING
100
AcDbPolyline
 90
4
 70
1
 10
26200.0
 20
-4800.0
 10
26400.0
 20
-4800.0
 10
26400.0
 20
-4600.0
 10
26200.0
 20
-4600.0
  0
LWPOLYLINE
  5
495
330
17
100
AcDbEntity
  8
A-PAVING
100
AcDbPolyline
 90
4
 70
1
 10
26400.0
 20
-4800.0
 10
26600.0
 20
-4800.0
 10
26600.0
 20
-4600.0
 10
26400.0
 20
-4600.0
  0
LWPOLYLINE
  5
496
330
17
100
AcDbEntity
  8
A-PAVING
100
AcDbPolyline
 90
4
 70
1
 10
26600.0
 20
-4800.0
 10
26800.0
 20
-4800.0
 10
26800.0
 20
-4600.0
 10
26600.0
 20
-4600.0
  0
LWPOLYLINE
  5
497
330
17
100
AcDbEntity
  8
A-PAVING
100
AcDbPolyline
 90
4
 70
1
 10
26800.0
 20
-4800.0
 10
27000.0
 20
-4800.0
 10
27000.0
 20
-4600.0
 10
26800.0
 20
-4600.0
  0
LWPOLYLINE
  5
498
330
17
100
AcDbEntity
  8
A-PAVING
100
AcDbPolyline
 90
4
 70
1
 10
27000.0
 20
-4800.0
 10
27200.0
 20
-4800.0
 10
27200.0
 20
-4600.0
 10
27000.0
 20
-4600.0
  0
LWPOLYLINE
  5
499
330
17
100
AcDbEntity
  8
A-PAVING
100
AcDbPolyline
 90
4
 70
1
 10
21000.0
 20
-5000.0
 10
21200.0
 20
-5000.0
 10
21200.0
 20
-4800.0
 10
21000.0
 20
-4800.0
  0
LWPOLYLINE
  5
49A
330
17
100
AcDbEntity
  8
A-PAVING
100
AcDbPolyline
 90
4
 70
1
 10
21200.0
 20
-5000.0
 10
21400.0
 20
-5000.0
 10
21400.0
 20
-4800.0
 10
21200.0
 20
-4800.0
  0
LWPOLYLINE
  5
49B
330
17
100
AcDbEntity
  8
A-PAVING
100
AcDbPolyline
 90
4
 70
1
 10
21400.0
 20
-5000.0
 10
21600.0
 20
-5000.0
 10
21600.0
 20
-4800.0
 10
21400.0
 20
-4800.0
  0
LWPOLYLINE
  5
49C
330
17
100
AcDbEntity
  8
A-PAVING
100
AcDbPolyline
 90
4
 70
1
 10
21600.0
 20
-5000.0
 10
21800.0
 20
-5000.0
 10
21800.0
 20
-4800.0
 10
21600.0
 20
-4800.0
  0
LWPOLYLINE
  5
49D
330
17
100
AcDbEntity
  8
A-PAVING
100
AcDbPolyline
 90
4
 70
1
 10
21800.0
 20
-5000.0
 10
22000.0
 20
-5000.0
 10
22000.0
 20
-4800.0
 10
21800.0
 20
-4800.0
  0
LWPOLYLINE
  5
49E
330
17
100
AcDbEntity
  8
A-PAVING
100
AcDbPolyline
 90
4
 70
1
 10
22000.0
 20
-5000.0
 10
22200.0
 20
-5000.0
 10
22200.0
 20
-4800.0
 10
22000.0
 20
-4800.0
  0
LWPOLYLINE
  5
49F
330
17
100
AcDbEntity
  8
A-PAVING
100
AcDbPolyline
 90
4
 70
1
 10
22200.0
 20
-5000.0
 10
22400.0
 20
-5000.0
 10
22400.0
 20
-4800.0
 10
22200.0
 20
-4800.0
  0
LWPOLYLINE
  5
4A0
330
17
100
AcDbEntity
  8
A-PAVING
100
AcDbPolyline
 90
4
 70
1
 10
22400.0
 20
-5000.0
 10
22600.0
 20
-5000.0
 10
22600.0
 20
-4800.0
 10
22400.0
 20
-4800.0
  0
LWPOLYLINE
  5
4A1
330
17
100
AcDbEntity
  8
A-PAVING
100
AcDbPolyline
 90
4
 70
1
 10
22600.0
 20
-5000.0
 10
22800.0
 20
-5000.0
 10
22800.0
 20
-4800.0
 10
22600.0
 20
-4800.0
  0
LWPOLYLINE
  5
4A2
330
17
100
AcDbEntity
  8
A-PAVING
100
AcDbPolyline
 90
4
 70
1
 10
22800.0
 20
-5000.0
 10
23000.0
 20
-5000.0
 10
23000.0
 20
-4800.0
 10
22800.0
 20
-4800.0
  0
LWPOLYLINE
  5
4A3
330
17
100
AcDbEntity
  8
A-PAVING
100
AcDbPolyline
 90
4
 70
1
 10
23000.0
 20
-5000.0
 10
23200.0
 20
-5000.0
 10
23200.0
 20
-4800.0
 10
23000.0
 20
-4800.0
  0
LWPOLYLINE
  5
4A4
330
17
100
AcDbEntity
  8
A-PAVING
100
AcDbPolyline
 90
4
 70
1
 10
23200.0
 20
-5000.0
 10
23400.0
 20
-5000.0
 10
23400.0
 20
-4800.0
 10
23200.0
 20
-4800.0
  0
LWPOLYLINE
  5
4A5
330
17
100
AcDbEntity
  8
A-PAVING
100
AcDbPolyline
 90
4
 70
1
 10
23400.0
 20
-5000.0
 10
23600.0
 20
-5000.0
 10
23600.0
 20
-4800.0
 10
23400.0
 20
-4800.0
  0
LWPOLYLINE
  5
4A6
330
17
100
AcDbEntity
  8
A-PAVING
100
AcDbPolyline
 90
4
 70
1
 10
23600.0
 20
-5000.0
 10
23800.0
 20
-5000.0
 10
23800.0
 20
-4800.0
 10
23600.0
 20
-4800.0
  0
LWPOLYLINE
  5
4A7
330
17
100
AcDbEntity
  8
A-PAVING
100
AcDbPolyline
 90
4
 70
1
 10
23800.0
 20
-5000.0
 10
24000.0
 20
-5000.0
 10
24000.0
 20
-4800.0
 10
23800.0
 20
-4800.0
  0
LWPOLYLINE
  5
4A8
330
17
100
AcDbEntity
  8
A-PAVING
100
AcDbPolyline
 90
4
 70
1
 10
24000.0
 20
-5000.0
 10
24200.0
 20
-5000.0
 10
24200.0
 20
-4800.0
 10
24000.0
 20
-4800.0
  0
LWPOLYLINE
  5
4A9
330
17
100
AcDbEntity
  8
A-PAVING
100
AcDbPolyline
 90
4
 70
1
 10
24200.0
 20
-5000.0
 10
24400.0
 20
-5000.0
 10
24400.0
 20
-4800.0
 10
24200.0
 20
-4800.0
  0
LWPOLYLINE
  5
4AA
330
17
100
AcDbEntity
  8
A-PAVING
100
AcDbPolyline
 90
4
 70
1
 10
24400.0
 20
-5000.0
 10
24600.0
 20
-5000.0
 10
24600.0
 20
-4800.0
 10
24400.0
 20
-4800.0
  0
LWPOLYLINE
  5
4AB
330
17
100
AcDbEntity
  8
A-PAVING
100
AcDbPolyline
 90
4
 70
1
 10
24600.0
 20
-5000.0
 10
24800.0
 20
-5000.0
 10
24800.0
 20
-4800.0
 10
24600.0
 20
-4800.0
  0
LWPOLYLINE
  5
4AC
330
17
100
AcDbEntity
  8
A-PAVING
100
AcDbPolyline
 90
4
 70
1
 10
24800.0
 20
-5000.0
 10
25000.0
 20
-5000.0
 10
25000.0
 20
-4800.0
 10
24800.0
 20
-4800.0
  0
LWPOLYLINE
  5
4AD
330
17
100
AcDbEntity
  8
A-PAVING
100
AcDbPolyline
 90
4
 70
1
 10
25000.0
 20
-5000.0
 10
25200.0
 20
-5000.0
 10
25200.0
 20
-4800.0
 10
25000.0
 20
-4800.0
  0
LWPOLYLINE
  5
4AE
330
17
100
AcDbEntity
  8
A-PAVING
100
AcDbPolyline
 90
4
 70
1
 10
25200.0
 20
-5000.0
 10
25400.0
 20
-5000.0
 10
25400.0
 20
-4800.0
 10
25200.0
 20
-4800.0
  0
LWPOLYLINE
  5
4AF
330
17
100
AcDbEntity
  8
A-PAVING
100
AcDbPolyline
 90
4
 70
1
 10
25400.0
 20
-5000.0
 10
25600.0
 20
-5000.0
 10
25600.0
 20
-4800.0
 10
25400.0
 20
-4800.0
  0
LWPOLYLINE
  5
4B0
330
17
100
AcDbEntity
  8
A-PAVING
100
AcDbPolyline
 90
4
 70
1
 10
25600.0
 20
-5000.0
 10
25800.0
 20
-5000.0
 10
25800.0
 20
-4800.0
 10
25600.0
 20
-4800.0
  0
LWPOLYLINE
  5
4B1
330
17
100
AcDbEntity
  8
A-PAVING
100
AcDbPolyline
 90
4
 70
1
 10
25800.0
 20
-5000.0
 10
26000.0
 20
-5000.0
 10
26000.0
 20
-4800.0
 10
25800.0
 20
-4800.0
  0
LWPOLYLINE
  5
4B2
330
17
100
AcDbEntity
  8
A-PAVING
100
AcDbPolyline
 90
4
 70
1
 10
26000.0
 20
-5000.0
 10
26200.0
 20
-5000.0
 10
26200.0
 20
-4800.0
 10
26000.0
 20
-4800.0
  0
LWPOLYLINE
  5
4B3
330
17
100
AcDbEntity
  8
A-PAVING
100
AcDbPolyline
 90
4
 70
1
 10
26200.0
 20
-5000.0
 10
26400.0
 20
-5000.0
 10
26400.0
 20
-4800.0
 10
26200.0
 20
-4800.0
  0
LWPOLYLINE
  5
4B4
330
17
100
AcDbEntity
  8
A-PAVING
100
AcDbPolyline
 90
4
 70
1
 10
26400.0
 20
-5000.0
 10
26600.0
 20
-5000.0
 10
26600.0
 20
-4800.0
 10
26400.0
 20
-4800.0
  0
LWPOLYLINE
  5
4B5
330
17
100
AcDbEntity
  8
A-PAVING
100
AcDbPolyline
 90
4
 70
1
 10
26600.0
 20
-5000.0
 10
26800.0
 20
-5000.0
 10
26800.0
 20
-4800.0
 10
26600.0
 20
-4800.0
  0
LWPOLYLINE
  5
4B6
330
17
100
AcDbEntity
  8
A-PAVING
100
AcDbPolyline
 90
4
 70
1
 10
26800.0
 20
-5000.0
 10
27000.0
 20
-5000.0
 10
27000.0
 20
-4800.0
 10
26800.0
 20
-4800.0
  0
LWPOLYLINE
  5
4B7
330
17
100
AcDbEntity
  8
A-PAVING
100
AcDbPolyline
 90
4
 70
1
 10
27000.0
 20
-5000.0
 10
27200.0
 20
-5000.0
 10
27200.0
 20
-4800.0
 10
27000.0
 20
-4800.0
  0
LWPOLYLINE
  5
4B8
330
17
100
AcDbEntity
  8
A-PAVING
100
AcDbPolyline
 90
4
 70
1
 10
21000.0
 20
-5200.0
 10
21200.0
 20
-5200.0
 10
21200.0
 20
-5000.0
 10
21000.0
 20
-5000.0
  0
LWPOLYLINE
  5
4B9
330
17
100
AcDbEntity
  8
A-PAVING
100
AcDbPolyline
 90
4
 70
1
 10
21200.0
 20
-5200.0
 10
21400.0
 20
-5200.0
 10
21400.0
 20
-5000.0
 10
21200.0
 20
-5000.0
  0
LWPOLYLINE
  5
4BA
330
17
100
AcDbEntity
  8
A-PAVING
100
AcDbPolyline
 90
4
 70
1
 10
21400.0
 20
-5200.0
 10
21600.0
 20
-5200.0
 10
21600.0
 20
-5000.0
 10
21400.0
 20
-5000.0
  0
LWPOLYLINE
  5
4BB
330
17
100
AcDbEntity
  8
A-PAVING
100
AcDbPolyline
 90
4
 70
1
 10
21600.0
 20
-5200.0
 10
21800.0
 20
-5200.0
 10
21800.0
 20
-5000.0
 10
21600.0
 20
-5000.0
  0
LWPOLYLINE
  5
4BC
330
17
100
AcDbEntity
  8
A-PAVING
100
AcDbPolyline
 90
4
 70
1
 10
21800.0
 20
-5200.0
 10
22000.0
 20
-5200.0
 10
22000.0
 20
-5000.0
 10
21800.0
 20
-5000.0
  0
LWPOLYLINE
  5
4BD
330
17
100
AcDbEntity
  8
A-PAVING
100
AcDbPolyline
 90
4
 70
1
 10
22000.0
 20
-5200.0
 10
22200.0
 20
-5200.0
 10
22200.0
 20
-5000.0
 10
22000.0
 20
-5000.0
  0
LWPOLYLINE
  5
4BE
330
17
100
AcDbEntity
  8
A-PAVING
100
AcDbPolyline
 90
4
 70
1
 10
22200.0
 20
-5200.0
 10
22400.0
 20
-5200.0
 10
22400.0
 20
-5000.0
 10
22200.0
 20
-5000.0
  0
LWPOLYLINE
  5
4BF
330
17
100
AcDbEntity
  8
A-PAVING
100
AcDbPolyline
 90
4
 70
1
 10
22400.0
 20
-5200.0
 10
22600.0
 20
-5200.0
 10
22600.0
 20
-5000.0
 10
22400.0
 20
-5000.0
  0
LWPOLYLINE
  5
4C0
330
17
100
AcDbEntity
  8
A-PAVING
100
AcDbPolyline
 90
4
 70
1
 10
22600.0
 20
-5200.0
 10
22800.0
 20
-5200.0
 10
22800.0
 20
-5000.0
 10
22600.0
 20
-5000.0
  0
LWPOLYLINE
  5
4C1
330
17
100
AcDbEntity
  8
A-PAVING
100
AcDbPolyline
 90
4
 70
1
 10
22800.0
 20
-5200.0
 10
23000.0
 20
-5200.0
 10
23000.0
 20
-5000.0
 10
22800.0
 20
-5000.0
  0
LWPOLYLINE
  5
4C2
330
17
100
AcDbEntity
  8
A-PAVING
100
AcDbPolyline
 90
4
 70
1
 10
23000.0
 20
-5200.0
 10
23200.0
 20
-5200.0
 10
23200.0
 20
-5000.0
 10
23000.0
 20
-5000.0
  0
LWPOLYLINE
  5
4C3
330
17
100
AcDbEntity
  8
A-PAVING
100
AcDbPolyline
 90
4
 70
1
 10
23200.0
 20
-5200.0
 10
23400.0
 20
-5200.0
 10
23400.0
 20
-5000.0
 10
23200.0
 20
-5000.0
  0
LWPOLYLINE
  5
4C4
330
17
100
AcDbEntity
  8
A-PAVING
100
AcDbPolyline
 90
4
 70
1
 10
23400.0
 20
-5200.0
 10
23600.0
 20
-5200.0
 10
23600.0
 20
-5000.0
 10
23400.0
 20
-5000.0
  0
LWPOLYLINE
  5
4C5
330
17
100
AcDbEntity
  8
A-PAVING
100
AcDbPolyline
 90
4
 70
1
 10
23600.0
 20
-5200.0
 10
23800.0
 20
-5200.0
 10
23800.0
 20
-5000.0
 10
23600.0
 20
-5000.0
  0
LWPOLYLINE
  5
4C6
330
17
100
AcDbEntity
  8
A-PAVING
100
AcDbPolyline
 90
4
 70
1
 10
23800.0
 20
-5200.0
 10
24000.0
 20
-5200.0
 10
24000.0
 20
-5000.0
 10
23800.0
 20
-5000.0
  0
LWPOLYLINE
  5
4C7
330
17
100
AcDbEntity
  8
A-PAVING
100
AcDbPolyline
 90
4
 70
1
 10
24000.0
 20
-5200.0
 10
24200.0
 20
-5200.0
 10
24200.0
 20
-5000.0
 10
24000.0
 20
-5000.0
  0
LWPOLYLINE
  5
4C8
330
17
100
AcDbEntity
  8
A-PAVING
100
AcDbPolyline
 90
4
 70
1
 10
24200.0
 20
-5200.0
 10
24400.0
 20
-5200.0
 10
24400.0
 20
-5000.0
 10
24200.0
 20
-5000.0
  0
LWPOLYLINE
  5
4C9
330
17
100
AcDbEntity
  8
A-PAVING
100
AcDbPolyline
 90
4
 70
1
 10
24400.0
 20
-5200.0
 10
24600.0
 20
-5200.0
 10
24600.0
 20
-5000.0
 10
24400.0
 20
-5000.0
  0
LWPOLYLINE
  5
4CA
330
17
100
AcDbEntity
  8
A-PAVING
100
AcDbPolyline
 90
4
 70
1
 10
24600.0
 20
-5200.0
 10
24800.0
 20
-5200.0
 10
24800.0
 20
-5000.0
 10
24600.0
 20
-5000.0
  0
LWPOLYLINE
  5
4CB
330
17
100
AcDbEntity
  8
A-PAVING
100
AcDbPolyline
 90
4
 70
1
 10
24800.0
 20
-5200.0
 10
25000.0
 20
-5200.0
 10
25000.0
 20
-5000.0
 10
24800.0
 20
-5000.0
  0
LWPOLYLINE
  5
4CC
330
17
100
AcDbEntity
  8
A-PAVING
100
AcDbPolyline
 90
4
 70
1
 10
25000.0
 20
-5200.0
 10
25200.0
 20
-5200.0
 10
25200.0
 20
-5000.0
 10
25000.0
 20
-5000.0
  0
LWPOLYLINE
  5
4CD
330
17
100
AcDbEntity
  8
A-PAVING
100
AcDbPolyline
 90
4
 70
1
 10
25200.0
 20
-5200.0
 10
25400.0
 20
-5200.0
 10
25400.0
 20
-5000.0
 10
25200.0
 20
-5000.0
  0
LWPOLYLINE
  5
4CE
330
17
100
AcDbEntity
  8
A-PAVING
100
AcDbPolyline
 90
4
 70
1
 10
25400.0
 20
-5200.0
 10
25600.0
 20
-5200.0
 10
25600.0
 20
-5000.0
 10
25400.0
 20
-5000.0
  0
LWPOLYLINE
  5
4CF
330
17
100
AcDbEntity
  8
A-PAVING
100
AcDbPolyline
 90
4
 70
1
 10
25600.0
 20
-5200.0
 10
25800.0
 20
-5200.0
 10
25800.0
 20
-5000.0
 10
25600.0
 20
-5000.0
  0
LWPOLYLINE
  5
4D0
330
17
100
AcDbEntity
  8
A-PAVING
100
AcDbPolyline
 90
4
 70
1
 10
25800.0
 20
-5200.0
 10
26000.0
 20
-5200.0
 10
26000.0
 20
-5000.0
 10
25800.0
 20
-5000.0
  0
LWPOLYLINE
  5
4D1
330
17
100
AcDbEntity
  8
A-PAVING
100
AcDbPolyline
 90
4
 70
1
 10
26000.0
 20
-5200.0
 10
26200.0
 20
-5200.0
 10
26200.0
 20
-5000.0
 10
26000.0
 20
-5000.0
  0
LWPOLYLINE
  5
4D2
330
17
100
AcDbEntity
  8
A-PAVING
100
AcDbPolyline
 90
4
 70
1
 10
26200.0
 20
-5200.0
 10
26400.0
 20
-5200.0
 10
26400.0
 20
-5000.0
 10
26200.0
 20
-5000.0
  0
LWPOLYLINE
  5
4D3
330
17
100
AcDbEntity
  8
A-PAVING
100
AcDbPolyline
 90
4
 70
1
 10
26400.0
 20
-5200.0
 10
26600.0
 20
-5200.0
 10
26600.0
 20
-5000.0
 10
26400.0
 20
-5000.0
  0
LWPOLYLINE
  5
4D4
330
17
100
AcDbEntity
  8
A-PAVING
100
AcDbPolyline
 90
4
 70
1
 10
26600.0
 20
-5200.0
 10
26800.0
 20
-5200.0
 10
26800.0
 20
-5000.0
 10
26600.0
 20
-5000.0
  0
LWPOLYLINE
  5
4D5
330
17
100
AcDbEntity
  8
A-PAVING
100
AcDbPolyline
 90
4
 70
1
 10
26800.0
 20
-5200.0
 10
27000.0
 20
-5200.0
 10
27000.0
 20
-5000.0
 10
26800.0
 20
-5000.0
  0
LWPOLYLINE
  5
4D6
330
17
100
AcDbEntity
  8
A-PAVING
100
AcDbPolyline
 90
4
 70
1
 10
27000.0
 20
-5200.0
 10
27200.0
 20
-5200.0
 10
27200.0
 20
-5000.0
 10
27000.0
 20
-5000.0
  0
LWPOLYLINE
  5
4D7
330
17
100
AcDbEntity
  8
A-PAVING
100
AcDbPolyline
 90
4
 70
1
 10
21000.0
 20
-5400.0
 10
21200.0
 20
-5400.0
 10
21200.0
 20
-5200.0
 10
21000.0
 20
-5200.0
  0
LWPOLYLINE
  5
4D8
330
17
100
AcDbEntity
  8
A-PAVING
100
AcDbPolyline
 90
4
 70
1
 10
21200.0
 20
-5400.0
 10
21400.0
 20
-5400.0
 10
21400.0
 20
-5200.0
 10
21200.0
 20
-5200.0
  0
LWPOLYLINE
  5
4D9
330
17
100
AcDbEntity
  8
A-PAVING
100
AcDbPolyline
 90
4
 70
1
 10
21400.0
 20
-5400.0
 10
21600.0
 20
-5400.0
 10
21600.0
 20
-5200.0
 10
21400.0
 20
-5200.0
  0
LWPOLYLINE
  5
4DA
330
17
100
AcDbEntity
  8
A-PAVING
100
AcDbPolyline
 90
4
 70
1
 10
21600.0
 20
-5400.0
 10
21800.0
 20
-5400.0
 10
21800.0
 20
-5200.0
 10
21600.0
 20
-5200.0
  0
LWPOLYLINE
  5
4DB
330
17
100
AcDbEntity
  8
A-PAVING
100
AcDbPolyline
 90
4
 70
1
 10
21800.0
 20
-5400.0
 10
22000.0
 20
-5400.0
 10
22000.0
 20
-5200.0
 10
21800.0
 20
-5200.0
  0
LWPOLYLINE
  5
4DC
330
17
100
AcDbEntity
  8
A-PAVING
100
AcDbPolyline
 90
4
 70
1
 10
22000.0
 20
-5400.0
 10
22200.0
 20
-5400.0
 10
22200.0
 20
-5200.0
 10
22000.0
 20
-5200.0
  0
LWPOLYLINE
  5
4DD
330
17
100
AcDbEntity
  8
A-PAVING
100
AcDbPolyline
 90
4
 70
1
 10
22200.0
 20
-5400.0
 10
22400.0
 20
-5400.0
 10
22400.0
 20
-5200.0
 10
22200.0
 20
-5200.0
  0
LWPOLYLINE
  5
4DE
330
17
100
AcDbEntity
  8
A-PAVING
100
AcDbPolyline
 90
4
 70
1
 10
22400.0
 20
-5400.0
 10
22600.0
 20
-5400.0
 10
22600.0
 20
-5200.0
 10
22400.0
 20
-5200.0
  0
LWPOLYLINE
  5
4DF
330
17
100
AcDbEntity
  8
A-PAVING
100
AcDbPolyline
 90
4
 70
1
 10
22600.0
 20
-5400.0
 10
22800.0
 20
-5400.0
 10
22800.0
 20
-5200.0
 10
22600.0
 20
-5200.0
  0
LWPOLYLINE
  5
4E0
330
17
100
AcDbEntity
  8
A-PAVING
100
AcDbPolyline
 90
4
 70
1
 10
22800.0
 20
-5400.0
 10
23000.0
 20
-5400.0
 10
23000.0
 20
-5200.0
 10
22800.0
 20
-5200.0
  0
LWPOLYLINE
  5
4E1
330
17
100
AcDbEntity
  8
A-PAVING
100
AcDbPolyline
 90
4
 70
1
 10
23000.0
 20
-5400.0
 10
23200.0
 20
-5400.0
 10
23200.0
 20
-5200.0
 10
23000.0
 20
-5200.0
  0
LWPOLYLINE
  5
4E2
330
17
100
AcDbEntity
  8
A-PAVING
100
AcDbPolyline
 90
4
 70
1
 10
23200.0
 20
-5400.0
 10
23400.0
 20
-5400.0
 10
23400.0
 20
-5200.0
 10
23200.0
 20
-5200.0
  0
LWPOLYLINE
  5
4E3
330
17
100
AcDbEntity
  8
A-PAVING
100
AcDbPolyline
 90
4
 70
1
 10
23400.0
 20
-5400.0
 10
23600.0
 20
-5400.0
 10
23600.0
 20
-5200.0
 10
23400.0
 20
-5200.0
  0
LWPOLYLINE
  5
4E4
330
17
100
AcDbEntity
  8
A-PAVING
100
AcDbPolyline
 90
4
 70
1
 10
23600.0
 20
-5400.0
 10
23800.0
 20
-5400.0
 10
23800.0
 20
-5200.0
 10
23600.0
 20
-5200.0
  0
LWPOLYLINE
  5
4E5
330
17
100
AcDbEntity
  8
A-PAVING
100
AcDbPolyline
 90
4
 70
1
 10
23800.0
 20
-5400.0
 10
24000.0
 20
-5400.0
 10
24000.0
 20
-5200.0
 10
23800.0
 20
-5200.0
  0
LWPOLYLINE
  5
4E6
330
17
100
AcDbEntity
  8
A-PAVING
100
AcDbPolyline
 90
4
 70
1
 10
24000.0
 20
-5400.0
 10
24200.0
 20
-5400.0
 10
24200.0
 20
-5200.0
 10
24000.0
 20
-5200.0
  0
LWPOLYLINE
  5
4E7
330
17
100
AcDbEntity
  8
A-PAVING
100
AcDbPolyline
 90
4
 70
1
 10
24200.0
 20
-5400.0
 10
24400.0
 20
-5400.0
 10
24400.0
 20
-5200.0
 10
24200.0
 20
-5200.0
  0
LWPOLYLINE
  5
4E8
330
17
100
AcDbEntity
  8
A-PAVING
100
AcDbPolyline
 90
4
 70
1
 10
24400.0
 20
-5400.0
 10
24600.0
 20
-5400.0
 10
24600.0
 20
-5200.0
 10
24400.0
 20
-5200.0
  0
LWPOLYLINE
  5
4E9
330
17
100
AcDbEntity
  8
A-PAVING
100
AcDbPolyline
 90
4
 70
1
 10
24600.0
 20
-5400.0
 10
24800.0
 20
-5400.0
 10
24800.0
 20
-5200.0
 10
24600.0
 20
-5200.0
  0
LWPOLYLINE
  5
4EA
330
17
100
AcDbEntity
  8
A-PAVING
100
AcDbPolyline
 90
4
 70
1
 10
24800.0
 20
-5400.0
 10
25000.0
 20
-5400.0
 10
25000.0
 20
-5200.0
 10
24800.0
 20
-5200.0
  0
LWPOLYLINE
  5
4EB
330
17
100
AcDbEntity
  8
A-PAVING
100
AcDbPolyline
 90
4
 70
1
 10
25000.0
 20
-5400.0
 10
25200.0
 20
-5400.0
 10
25200.0
 20
-5200.0
 10
25000.0
 20
-5200.0
  0
LWPOLYLINE
  5
4EC
330
17
100
AcDbEntity
  8
A-PAVING
100
AcDbPolyline
 90
4
 70
1
 10
25200.0
 20
-5400.0
 10
25400.0
 20
-5400.0
 10
25400.0
 20
-5200.0
 10
25200.0
 20
-5200.0
  0
LWPOLYLINE
  5
4ED
330
17
100
AcDbEntity
  8
A-PAVING
100
AcDbPolyline
 90
4
 70
1
 10
25400.0
 20
-5400.0
 10
25600.0
 20
-5400.0
 10
25600.0
 20
-5200.0
 10
25400.0
 20
-5200.0
  0
LWPOLYLINE
  5
4EE
330
17
100
AcDbEntity
  8
A-PAVING
100
AcDbPolyline
 90
4
 70
1
 10
25600.0
 20
-5400.0
 10
25800.0
 20
-5400.0
 10
25800.0
 20
-5200.0
 10
25600.0
 20
-5200.0
  0
LWPOLYLINE
  5
4EF
330
17
100
AcDbEntity
  8
A-PAVING
100
AcDbPolyline
 90
4
 70
1
 10
25800.0
 20
-5400.0
 10
26000.0
 20
-5400.0
 10
26000.0
 20
-5200.0
 10
25800.0
 20
-5200.0
  0
LWPOLYLINE
  5
4F0
330
17
100
AcDbEntity
  8
A-PAVING
100
AcDbPolyline
 90
4
 70
1
 10
26000.0
 20
-5400.0
 10
26200.0
 20
-5400.0
 10
26200.0
 20
-5200.0
 10
26000.0
 20
-5200.0
  0
LWPOLYLINE
  5
4F1
330
17
100
AcDbEntity
  8
A-PAVING
100
AcDbPolyline
 90
4
 70
1
 10
26200.0
 20
-5400.0
 10
26400.0
 20
-5400.0
 10
26400.0
 20
-5200.0
 10
26200.0
 20
-5200.0
  0
LWPOLYLINE
  5
4F2
330
17
100
AcDbEntity
  8
A-PAVING
100
AcDbPolyline
 90
4
 70
1
 10
26400.0
 20
-5400.0
 10
26600.0
 20
-5400.0
 10
26600.0
 20
-5200.0
 10
26400.0
 20
-5200.0
  0
LWPOLYLINE
  5
4F3
330
17
100
AcDbEntity
  8
A-PAVING
100
AcDbPolyline
 90
4
 70
1
 10
26600.0
 20
-5400.0
 10
26800.0
 20
-5400.0
 10
26800.0
 20
-5200.0
 10
26600.0
 20
-5200.0
  0
LWPOLYLINE
  5
4F4
330
17
100
AcDbEntity
  8
A-PAVING
100
AcDbPolyline
 90
4
 70
1
 10
26800.0
 20
-5400.0
 10
27000.0
 20
-5400.0
 10
27000.0
 20
-5200.0
 10
26800.0
 20
-5200.0
  0
LWPOLYLINE
  5
4F5
330
17
100
AcDbEntity
  8
A-PAVING
100
AcDbPolyline
 90
4
 70
1
 10
27000.0
 20
-5400.0
 10
27200.0
 20
-5400.0
 10
27200.0
 20
-5200.0
 10
27000.0
 20
-5200.0
  0
LWPOLYLINE
  5
4F6
330
17
100
AcDbEntity
  8
A-PAVING
100
AcDbPolyline
 90
4
 70
1
 10
21000.0
 20
-5600.0
 10
21200.0
 20
-5600.0
 10
21200.0
 20
-5400.0
 10
21000.0
 20
-5400.0
  0
LWPOLYLINE
  5
4F7
330
17
100
AcDbEntity
  8
A-PAVING
100
AcDbPolyline
 90
4
 70
1
 10
21200.0
 20
-5600.0
 10
21400.0
 20
-5600.0
 10
21400.0
 20
-5400.0
 10
21200.0
 20
-5400.0
  0
LWPOLYLINE
  5
4F8
330
17
100
AcDbEntity
  8
A-PAVING
100
AcDbPolyline
 90
4
 70
1
 10
21400.0
 20
-5600.0
 10
21600.0
 20
-5600.0
 10
21600.0
 20
-5400.0
 10
21400.0
 20
-5400.0
  0
LWPOLYLINE
  5
4F9
330
17
100
AcDbEntity
  8
A-PAVING
100
AcDbPolyline
 90
4
 70
1
 10
21600.0
 20
-5600.0
 10
21800.0
 20
-5600.0
 10
21800.0
 20
-5400.0
 10
21600.0
 20
-5400.0
  0
LWPOLYLINE
  5
4FA
330
17
100
AcDbEntity
  8
A-PAVING
100
AcDbPolyline
 90
4
 70
1
 10
21800.0
 20
-5600.0
 10
22000.0
 20
-5600.0
 10
22000.0
 20
-5400.0
 10
21800.0
 20
-5400.0
  0
LWPOLYLINE
  5
4FB
330
17
100
AcDbEntity
  8
A-PAVING
100
AcDbPolyline
 90
4
 70
1
 10
22000.0
 20
-5600.0
 10
22200.0
 20
-5600.0
 10
22200.0
 20
-5400.0
 10
22000.0
 20
-5400.0
  0
LWPOLYLINE
  5
4FC
330
17
100
AcDbEntity
  8
A-PAVING
100
AcDbPolyline
 90
4
 70
1
 10
22200.0
 20
-5600.0
 10
22400.0
 20
-5600.0
 10
22400.0
 20
-5400.0
 10
22200.0
 20
-5400.0
  0
LWPOLYLINE
  5
4FD
330
17
100
AcDbEntity
  8
A-PAVING
100
AcDbPolyline
 90
4
 70
1
 10
22400.0
 20
-5600.0
 10
22600.0
 20
-5600.0
 10
22600.0
 20
-5400.0
 10
22400.0
 20
-5400.0
  0
LWPOLYLINE
  5
4FE
330
17
100
AcDbEntity
  8
A-PAVING
100
AcDbPolyline
 90
4
 70
1
 10
22600.0
 20
-5600.0
 10
22800.0
 20
-5600.0
 10
22800.0
 20
-5400.0
 10
22600.0
 20
-5400.0
  0
LWPOLYLINE
  5
4FF
330
17
100
AcDbEntity
  8
A-PAVING
100
AcDbPolyline
 90
4
 70
1
 10
22800.0
 20
-5600.0
 10
23000.0
 20
-5600.0
 10
23000.0
 20
-5400.0
 10
22800.0
 20
-5400.0
  0
LWPOLYLINE
  5
500
330
17
100
AcDbEntity
  8
A-PAVING
100
AcDbPolyline
 90
4
 70
1
 10
23000.0
 20
-5600.0
 10
23200.0
 20
-5600.0
 10
23200.0
 20
-5400.0
 10
23000.0
 20
-5400.0
  0
LWPOLYLINE
  5
501
330
17
100
AcDbEntity
  8
A-PAVING
100
AcDbPolyline
 90
4
 70
1
 10
23200.0
 20
-5600.0
 10
23400.0
 20
-5600.0
 10
23400.0
 20
-5400.0
 10
23200.0
 20
-5400.0
  0
LWPOLYLINE
  5
502
330
17
100
AcDbEntity
  8
A-PAVING
100
AcDbPolyline
 90
4
 70
1
 10
23400.0
 20
-5600.0
 10
23600.0
 20
-5600.0
 10
23600.0
 20
-5400.0
 10
23400.0
 20
-5400.0
  0
LWPOLYLINE
  5
503
330
17
100
AcDbEntity
  8
A-PAVING
100
AcDbPolyline
 90
4
 70
1
 10
23600.0
 20
-5600.0
 10
23800.0
 20
-5600.0
 10
23800.0
 20
-5400.0
 10
23600.0
 20
-5400.0
  0
LWPOLYLINE
  5
504
330
17
100
AcDbEntity
  8
A-PAVING
100
AcDbPolyline
 90
4
 70
1
 10
23800.0
 20
-5600.0
 10
24000.0
 20
-5600.0
 10
24000.0
 20
-5400.0
 10
23800.0
 20
-5400.0
  0
LWPOLYLINE
  5
505
330
17
100
AcDbEntity
  8
A-PAVING
100
AcDbPolyline
 90
4
 70
1
 10
24000.0
 20
-5600.0
 10
24200.0
 20
-5600.0
 10
24200.0
 20
-5400.0
 10
24000.0
 20
-5400.0
  0
LWPOLYLINE
  5
506
330
17
100
AcDbEntity
  8
A-PAVING
100
AcDbPolyline
 90
4
 70
1
 10
24200.0
 20
-5600.0
 10
24400.0
 20
-5600.0
 10
24400.0
 20
-5400.0
 10
24200.0
 20
-5400.0
  0
LWPOLYLINE
  5
507
330
17
100
AcDbEntity
  8
A-PAVING
100
AcDbPolyline
 90
4
 70
1
 10
24400.0
 20
-5600.0
 10
24600.0
 20
-5600.0
 10
24600.0
 20
-5400.0
 10
24400.0
 20
-5400.0
  0
LWPOLYLINE
  5
508
330
17
100
AcDbEntity
  8
A-PAVING
100
AcDbPolyline
 90
4
 70
1
 10
24600.0
 20
-5600.0
 10
24800.0
 20
-5600.0
 10
24800.0
 20
-5400.0
 10
24600.0
 20
-5400.0
  0
LWPOLYLINE
  5
509
330
17
100
AcDbEntity
  8
A-PAVING
100
AcDbPolyline
 90
4
 70
1
 10
24800.0
 20
-5600.0
 10
25000.0
 20
-5600.0
 10
25000.0
 20
-5400.0
 10
24800.0
 20
-5400.0
  0
LWPOLYLINE
  5
50A
330
17
100
AcDbEntity
  8
A-PAVING
100
AcDbPolyline
 90
4
 70
1
 10
25000.0
 20
-5600.0
 10
25200.0
 20
-5600.0
 10
25200.0
 20
-5400.0
 10
25000.0
 20
-5400.0
  0
LWPOLYLINE
  5
50B
330
17
100
AcDbEntity
  8
A-PAVING
100
AcDbPolyline
 90
4
 70
1
 10
25200.0
 20
-5600.0
 10
25400.0
 20
-5600.0
 10
25400.0
 20
-5400.0
 10
25200.0
 20
-5400.0
  0
LWPOLYLINE
  5
50C
330
17
100
AcDbEntity
  8
A-PAVING
100
AcDbPolyline
 90
4
 70
1
 10
25400.0
 20
-5600.0
 10
25600.0
 20
-5600.0
 10
25600.0
 20
-5400.0
 10
25400.0
 20
-5400.0
  0
LWPOLYLINE
  5
50D
330
17
100
AcDbEntity
  8
A-PAVING
100
AcDbPolyline
 90
4
 70
1
 10
25600.0
 20
-5600.0
 10
25800.0
 20
-5600.0
 10
25800.0
 20
-5400.0
 10
25600.0
 20
-5400.0
  0
LWPOLYLINE
  5
50E
330
17
100
AcDbEntity
  8
A-PAVING
100
AcDbPolyline
 90
4
 70
1
 10
25800.0
 20
-5600.0
 10
26000.0
 20
-5600.0
 10
26000.0
 20
-5400.0
 10
25800.0
 20
-5400.0
  0
LWPOLYLINE
  5
50F
330
17
100
AcDbEntity
  8
A-PAVING
100
AcDbPolyline
 90
4
 70
1
 10
26000.0
 20
-5600.0
 10
26200.0
 20
-5600.0
 10
26200.0
 20
-5400.0
 10
26000.0
 20
-5400.0
  0
LWPOLYLINE
  5
510
330
17
100
AcDbEntity
  8
A-PAVING
100
AcDbPolyline
 90
4
 70
1
 10
26200.0
 20
-5600.0
 10
26400.0
 20
-5600.0
 10
26400.0
 20
-5400.0
 10
26200.0
 20
-5400.0
  0
LWPOLYLINE
  5
511
330
17
100
AcDbEntity
  8
A-PAVING
100
AcDbPolyline
 90
4
 70
1
 10
26400.0
 20
-5600.0
 10
26600.0
 20
-5600.0
 10
26600.0
 20
-5400.0
 10
26400.0
 20
-5400.0
  0
LWPOLYLINE
  5
512
330
17
100
AcDbEntity
  8
A-PAVING
100
AcDbPolyline
 90
4
 70
1
 10
26600.0
 20
-5600.0
 10
26800.0
 20
-5600.0
 10
26800.0
 20
-5400.0
 10
26600.0
 20
-5400.0
  0
LWPOLYLINE
  5
513
330
17
100
AcDbEntity
  8
A-PAVING
100
AcDbPolyline
 90
4
 70
1
 10
26800.0
 20
-5600.0
 10
27000.0
 20
-5600.0
 10
27000.0
 20
-5400.0
 10
26800.0
 20
-5400.0
  0
LWPOLYLINE
  5
514
330
17
100
AcDbEntity
  8
A-PAVING
100
AcDbPolyline
 90
4
 70
1
 10
27000.0
 20
-5600.0
 10
27200.0
 20
-5600.0
 10
27200.0
 20
-5400.0
 10
27000.0
 20
-5400.0
  0
LWPOLYLINE
  5
515
330
17
100
AcDbEntity
  8
A-PAVING
100
AcDbPolyline
 90
4
 70
1
 10
21000.0
 20
-5800.0
 10
21200.0
 20
-5800.0
 10
21200.0
 20
-5600.0
 10
21000.0
 20
-5600.0
  0
LWPOLYLINE
  5
516
330
17
100
AcDbEntity
  8
A-PAVING
100
AcDbPolyline
 90
4
 70
1
 10
21200.0
 20
-5800.0
 10
21400.0
 20
-5800.0
 10
21400.0
 20
-5600.0
 10
21200.0
 20
-5600.0
  0
LWPOLYLINE
  5
517
330
17
100
AcDbEntity
  8
A-PAVING
100
AcDbPolyline
 90
4
 70
1
 10
21400.0
 20
-5800.0
 10
21600.0
 20
-5800.0
 10
21600.0
 20
-5600.0
 10
21400.0
 20
-5600.0
  0
LWPOLYLINE
  5
518
330
17
100
AcDbEntity
  8
A-PAVING
100
AcDbPolyline
 90
4
 70
1
 10
21600.0
 20
-5800.0
 10
21800.0
 20
-5800.0
 10
21800.0
 20
-5600.0
 10
21600.0
 20
-5600.0
  0
LWPOLYLINE
  5
519
330
17
100
AcDbEntity
  8
A-PAVING
100
AcDbPolyline
 90
4
 70
1
 10
21800.0
 20
-5800.0
 10
22000.0
 20
-5800.0
 10
22000.0
 20
-5600.0
 10
21800.0
 20
-5600.0
  0
LWPOLYLINE
  5
51A
330
17
100
AcDbEntity
  8
A-PAVING
100
AcDbPolyline
 90
4
 70
1
 10
22000.0
 20
-5800.0
 10
22200.0
 20
-5800.0
 10
22200.0
 20
-5600.0
 10
22000.0
 20
-5600.0
  0
LWPOLYLINE
  5
51B
330
17
100
AcDbEntity
  8
A-PAVING
100
AcDbPolyline
 90
4
 70
1
 10
22200.0
 20
-5800.0
 10
22400.0
 20
-5800.0
 10
22400.0
 20
-5600.0
 10
22200.0
 20
-5600.0
  0
LWPOLYLINE
  5
51C
330
17
100
AcDbEntity
  8
A-PAVING
100
AcDbPolyline
 90
4
 70
1
 10
22400.0
 20
-5800.0
 10
22600.0
 20
-5800.0
 10
22600.0
 20
-5600.0
 10
22400.0
 20
-5600.0
  0
LWPOLYLINE
  5
51D
330
17
100
AcDbEntity
  8
A-PAVING
100
AcDbPolyline
 90
4
 70
1
 10
22600.0
 20
-5800.0
 10
22800.0
 20
-5800.0
 10
22800.0
 20
-5600.0
 10
22600.0
 20
-5600.0
  0
LWPOLYLINE
  5
51E
330
17
100
AcDbEntity
  8
A-PAVING
100
AcDbPolyline
 90
4
 70
1
 10
22800.0
 20
-5800.0
 10
23000.0
 20
-5800.0
 10
23000.0
 20
-5600.0
 10
22800.0
 20
-5600.0
  0
LWPOLYLINE
  5
51F
330
17
100
AcDbEntity
  8
A-PAVING
100
AcDbPolyline
 90
4
 70
1
 10
23000.0
 20
-5800.0
 10
23200.0
 20
-5800.0
 10
23200.0
 20
-5600.0
 10
23000.0
 20
-5600.0
  0
LWPOLYLINE
  5
520
330
17
100
AcDbEntity
  8
A-PAVING
100
AcDbPolyline
 90
4
 70
1
 10
23200.0
 20
-5800.0
 10
23400.0
 20
-5800.0
 10
23400.0
 20
-5600.0
 10
23200.0
 20
-5600.0
  0
LWPOLYLINE
  5
521
330
17
100
AcDbEntity
  8
A-PAVING
100
AcDbPolyline
 90
4
 70
1
 10
23400.0
 20
-5800.0
 10
23600.0
 20
-5800.0
 10
23600.0
 20
-5600.0
 10
23400.0
 20
-5600.0
  0
LWPOLYLINE
  5
522
330
17
100
AcDbEntity
  8
A-PAVING
100
AcDbPolyline
 90
4
 70
1
 10
23600.0
 20
-5800.0
 10
23800.0
 20
-5800.0
 10
23800.0
 20
-5600.0
 10
23600.0
 20
-5600.0
  0
LWPOLYLINE
  5
523
330
17
100
AcDbEntity
  8
A-PAVING
100
AcDbPolyline
 90
4
 70
1
 10
23800.0
 20
-5800.0
 10
24000.0
 20
-5800.0
 10
24000.0
 20
-5600.0
 10
23800.0
 20
-5600.0
  0
LWPOLYLINE
  5
524
330
17
100
AcDbEntity
  8
A-PAVING
100
AcDbPolyline
 90
4
 70
1
 10
24000.0
 20
-5800.0
 10
24200.0
 20
-5800.0
 10
24200.0
 20
-5600.0
 10
24000.0
 20
-5600.0
  0
LWPOLYLINE
  5
525
330
17
100
AcDbEntity
  8
A-PAVING
100
AcDbPolyline
 90
4
 70
1
 10
24200.0
 20
-5800.0
 10
24400.0
 20
-5800.0
 10
24400.0
 20
-5600.0
 10
24200.0
 20
-5600.0
  0
LWPOLYLINE
  5
526
330
17
100
AcDbEntity
  8
A-PAVING
100
AcDbPolyline
 90
4
 70
1
 10
24400.0
 20
-5800.0
 10
24600.0
 20
-5800.0
 10
24600.0
 20
-5600.0
 10
24400.0
 20
-5600.0
  0
LWPOLYLINE
  5
527
330
17
100
AcDbEntity
  8
A-PAVING
100
AcDbPolyline
 90
4
 70
1
 10
24600.0
 20
-5800.0
 10
24800.0
 20
-5800.0
 10
24800.0
 20
-5600.0
 10
24600.0
 20
-5600.0
  0
LWPOLYLINE
  5
528
330
17
100
AcDbEntity
  8
A-PAVING
100
AcDbPolyline
 90
4
 70
1
 10
24800.0
 20
-5800.0
 10
25000.0
 20
-5800.0
 10
25000.0
 20
-5600.0
 10
24800.0
 20
-5600.0
  0
LWPOLYLINE
  5
529
330
17
100
AcDbEntity
  8
A-PAVING
100
AcDbPolyline
 90
4
 70
1
 10
25000.0
 20
-5800.0
 10
25200.0
 20
-5800.0
 10
25200.0
 20
-5600.0
 10
25000.0
 20
-5600.0
  0
LWPOLYLINE
  5
52A
330
17
100
AcDbEntity
  8
A-PAVING
100
AcDbPolyline
 90
4
 70
1
 10
25200.0
 20
-5800.0
 10
25400.0
 20
-5800.0
 10
25400.0
 20
-5600.0
 10
25200.0
 20
-5600.0
  0
LWPOLYLINE
  5
52B
330
17
100
AcDbEntity
  8
A-PAVING
100
AcDbPolyline
 90
4
 70
1
 10
25400.0
 20
-5800.0
 10
25600.0
 20
-5800.0
 10
25600.0
 20
-5600.0
 10
25400.0
 20
-5600.0
  0
LWPOLYLINE
  5
52C
330
17
100
AcDbEntity
  8
A-PAVING
100
AcDbPolyline
 90
4
 70
1
 10
25600.0
 20
-5800.0
 10
25800.0
 20
-5800.0
 10
25800.0
 20
-5600.0
 10
25600.0
 20
-5600.0
  0
LWPOLYLINE
  5
52D
330
17
100
AcDbEntity
  8
A-PAVING
100
AcDbPolyline
 90
4
 70
1
 10
25800.0
 20
-5800.0
 10
26000.0
 20
-5800.0
 10
26000.0
 20
-5600.0
 10
25800.0
 20
-5600.0
  0
LWPOLYLINE
  5
52E
330
17
100
AcDbEntity
  8
A-PAVING
100
AcDbPolyline
 90
4
 70
1
 10
26000.0
 20
-5800.0
 10
26200.0
 20
-5800.0
 10
26200.0
 20
-5600.0
 10
26000.0
 20
-5600.0
  0
LWPOLYLINE
  5
52F
330
17
100
AcDbEntity
  8
A-PAVING
100
AcDbPolyline
 90
4
 70
1
 10
26200.0
 20
-5800.0
 10
26400.0
 20
-5800.0
 10
26400.0
 20
-5600.0
 10
26200.0
 20
-5600.0
  0
LWPOLYLINE
  5
530
330
17
100
AcDbEntity
  8
A-PAVING
100
AcDbPolyline
 90
4
 70
1
 10
26400.0
 20
-5800.0
 10
26600.0
 20
-5800.0
 10
26600.0
 20
-5600.0
 10
26400.0
 20
-5600.0
  0
LWPOLYLINE
  5
531
330
17
100
AcDbEntity
  8
A-PAVING
100
AcDbPolyline
 90
4
 70
1
 10
26600.0
 20
-5800.0
 10
26800.0
 20
-5800.0
 10
26800.0
 20
-5600.0
 10
26600.0
 20
-5600.0
  0
LWPOLYLINE
  5
532
330
17
100
AcDbEntity
  8
A-PAVING
100
AcDbPolyline
 90
4
 70
1
 10
26800.0
 20
-5800.0
 10
27000.0
 20
-5800.0
 10
27000.0
 20
-5600.0
 10
26800.0
 20
-5600.0
  0
LWPOLYLINE
  5
533
330
17
100
AcDbEntity
  8
A-PAVING
100
AcDbPolyline
 90
4
 70
1
 10
27000.0
 20
-5800.0
 10
27200.0
 20
-5800.0
 10
27200.0
 20
-5600.0
 10
27000.0
 20
-5600.0
  0
LWPOLYLINE
  5
534
330
17
100
AcDbEntity
  8
A-PAVING
100
AcDbPolyline
 90
4
 70
1
 10
21000.0
 20
-6000.0
 10
21200.0
 20
-6000.0
 10
21200.0
 20
-5800.0
 10
21000.0
 20
-5800.0
  0
LWPOLYLINE
  5
535
330
17
100
AcDbEntity
  8
A-PAVING
100
AcDbPolyline
 90
4
 70
1
 10
21200.0
 20
-6000.0
 10
21400.0
 20
-6000.0
 10
21400.0
 20
-5800.0
 10
21200.0
 20
-5800.0
  0
LWPOLYLINE
  5
536
330
17
100
AcDbEntity
  8
A-PAVING
100
AcDbPolyline
 90
4
 70
1
 10
21400.0
 20
-6000.0
 10
21600.0
 20
-6000.0
 10
21600.0
 20
-5800.0
 10
21400.0
 20
-5800.0
  0
LWPOLYLINE
  5
537
330
17
100
AcDbEntity
  8
A-PAVING
100
AcDbPolyline
 90
4
 70
1
 10
21600.0
 20
-6000.0
 10
21800.0
 20
-6000.0
 10
21800.0
 20
-5800.0
 10
21600.0
 20
-5800.0
  0
LWPOLYLINE
  5
538
330
17
100
AcDbEntity
  8
A-PAVING
100
AcDbPolyline
 90
4
 70
1
 10
21800.0
 20
-6000.0
 10
22000.0
 20
-6000.0
 10
22000.0
 20
-5800.0
 10
21800.0
 20
-5800.0
  0
LWPOLYLINE
  5
539
330
17
100
AcDbEntity
  8
A-PAVING
100
AcDbPolyline
 90
4
 70
1
 10
22000.0
 20
-6000.0
 10
22200.0
 20
-6000.0
 10
22200.0
 20
-5800.0
 10
22000.0
 20
-5800.0
  0
LWPOLYLINE
  5
53A
330
17
100
AcDbEntity
  8
A-PAVING
100
AcDbPolyline
 90
4
 70
1
 10
22200.0
 20
-6000.0
 10
22400.0
 20
-6000.0
 10
22400.0
 20
-5800.0
 10
22200.0
 20
-5800.0
  0
LWPOLYLINE
  5
53B
330
17
100
AcDbEntity
  8
A-PAVING
100
AcDbPolyline
 90
4
 70
1
 10
22400.0
 20
-6000.0
 10
22600.0
 20
-6000.0
 10
22600.0
 20
-5800.0
 10
22400.0
 20
-5800.0
  0
LWPOLYLINE
  5
53C
330
17
100
AcDbEntity
  8
A-PAVING
100
AcDbPolyline
 90
4
 70
1
 10
22600.0
 20
-6000.0
 10
22800.0
 20
-6000.0
 10
22800.0
 20
-5800.0
 10
22600.0
 20
-5800.0
  0
LWPOLYLINE
  5
53D
330
17
100
AcDbEntity
  8
A-PAVING
100
AcDbPolyline
 90
4
 70
1
 10
22800.0
 20
-6000.0
 10
23000.0
 20
-6000.0
 10
23000.0
 20
-5800.0
 10
22800.0
 20
-5800.0
  0
LWPOLYLINE
  5
53E
330
17
100
AcDbEntity
  8
A-PAVING
100
AcDbPolyline
 90
4
 70
1
 10
23000.0
 20
-6000.0
 10
23200.0
 20
-6000.0
 10
23200.0
 20
-5800.0
 10
23000.0
 20
-5800.0
  0
LWPOLYLINE
  5
53F
330
17
100
AcDbEntity
  8
A-PAVING
100
AcDbPolyline
 90
4
 70
1
 10
23200.0
 20
-6000.0
 10
23400.0
 20
-6000.0
 10
23400.0
 20
-5800.0
 10
23200.0
 20
-5800.0
  0
LWPOLYLINE
  5
540
330
17
100
AcDbEntity
  8
A-PAVING
100
AcDbPolyline
 90
4
 70
1
 10
23400.0
 20
-6000.0
 10
23600.0
 20
-6000.0
 10
23600.0
 20
-5800.0
 10
23400.0
 20
-5800.0
  0
LWPOLYLINE
  5
541
330
17
100
AcDbEntity
  8
A-PAVING
100
AcDbPolyline
 90
4
 70
1
 10
23600.0
 20
-6000.0
 10
23800.0
 20
-6000.0
 10
23800.0
 20
-5800.0
 10
23600.0
 20
-5800.0
  0
LWPOLYLINE
  5
542
330
17
100
AcDbEntity
  8
A-PAVING
100
AcDbPolyline
 90
4
 70
1
 10
23800.0
 20
-6000.0
 10
24000.0
 20
-6000.0
 10
24000.0
 20
-5800.0
 10
23800.0
 20
-5800.0
  0
LWPOLYLINE
  5
543
330
17
100
AcDbEntity
  8
A-PAVING
100
AcDbPolyline
 90
4
 70
1
 10
24000.0
 20
-6000.0
 10
24200.0
 20
-6000.0
 10
24200.0
 20
-5800.0
 10
24000.0
 20
-5800.0
  0
LWPOLYLINE
  5
544
330
17
100
AcDbEntity
  8
A-PAVING
100
AcDbPolyline
 90
4
 70
1
 10
24200.0
 20
-6000.0
 10
24400.0
 20
-6000.0
 10
24400.0
 20
-5800.0
 10
24200.0
 20
-5800.0
  0
LWPOLYLINE
  5
545
330
17
100
AcDbEntity
  8
A-PAVING
100
AcDbPolyline
 90
4
 70
1
 10
24400.0
 20
-6000.0
 10
24600.0
 20
-6000.0
 10
24600.0
 20
-5800.0
 10
24400.0
 20
-5800.0
  0
LWPOLYLINE
  5
546
330
17
100
AcDbEntity
  8
A-PAVING
100
AcDbPolyline
 90
4
 70
1
 10
24600.0
 20
-6000.0
 10
24800.0
 20
-6000.0
 10
24800.0
 20
-5800.0
 10
24600.0
 20
-5800.0
  0
LWPOLYLINE
  5
547
330
17
100
AcDbEntity
  8
A-PAVING
100
AcDbPolyline
 90
4
 70
1
 10
24800.0
 20
-6000.0
 10
25000.0
 20
-6000.0
 10
25000.0
 20
-5800.0
 10
24800.0
 20
-5800.0
  0
LWPOLYLINE
  5
548
330
17
100
AcDbEntity
  8
A-PAVING
100
AcDbPolyline
 90
4
 70
1
 10
25000.0
 20
-6000.0
 10
25200.0
 20
-6000.0
 10
25200.0
 20
-5800.0
 10
25000.0
 20
-5800.0
  0
LWPOLYLINE
  5
549
330
17
100
AcDbEntity
  8
A-PAVING
100
AcDbPolyline
 90
4
 70
1
 10
25200.0
 20
-6000.0
 10
25400.0
 20
-6000.0
 10
25400.0
 20
-5800.0
 10
25200.0
 20
-5800.0
  0
LWPOLYLINE
  5
54A
330
17
100
AcDbEntity
  8
A-PAVING
100
AcDbPolyline
 90
4
 70
1
 10
25400.0
 20
-6000.0
 10
25600.0
 20
-6000.0
 10
25600.0
 20
-5800.0
 10
25400.0
 20
-5800.0
  0
LWPOLYLINE
  5
54B
330
17
100
AcDbEntity
  8
A-PAVING
100
AcDbPolyline
 90
4
 70
1
 10
25600.0
 20
-6000.0
 10
25800.0
 20
-6000.0
 10
25800.0
 20
-5800.0
 10
25600.0
 20
-5800.0
  0
LWPOLYLINE
  5
54C
330
17
100
AcDbEntity
  8
A-PAVING
100
AcDbPolyline
 90
4
 70
1
 10
25800.0
 20
-6000.0
 10
26000.0
 20
-6000.0
 10
26000.0
 20
-5800.0
 10
25800.0
 20
-5800.0
  0
LWPOLYLINE
  5
54D
330
17
100
AcDbEntity
  8
A-PAVING
100
AcDbPolyline
 90
4
 70
1
 10
26000.0
 20
-6000.0
 10
26200.0
 20
-6000.0
 10
26200.0
 20
-5800.0
 10
26000.0
 20
-5800.0
  0
LWPOLYLINE
  5
54E
330
17
100
AcDbEntity
  8
A-PAVING
100
AcDbPolyline
 90
4
 70
1
 10
26200.0
 20
-6000.0
 10
26400.0
 20
-6000.0
 10
26400.0
 20
-5800.0
 10
26200.0
 20
-5800.0
  0
LWPOLYLINE
  5
54F
330
17
100
AcDbEntity
  8
A-PAVING
100
AcDbPolyline
 90
4
 70
1
 10
26400.0
 20
-6000.0
 10
26600.0
 20
-6000.0
 10
26600.0
 20
-5800.0
 10
26400.0
 20
-5800.0
  0
LWPOLYLINE
  5
550
330
17
100
AcDbEntity
  8
A-PAVING
100
AcDbPolyline
 90
4
 70
1
 10
26600.0
 20
-6000.0
 10
26800.0
 20
-6000.0
 10
26800.0
 20
-5800.0
 10
26600.0
 20
-5800.0
  0
LWPOLYLINE
  5
551
330
17
100
AcDbEntity
  8
A-PAVING
100
AcDbPolyline
 90
4
 70
1
 10
26800.0
 20
-6000.0
 10
27000.0
 20
-6000.0
 10
27000.0
 20
-5800.0
 10
26800.0
 20
-5800.0
  0
LWPOLYLINE
  5
552
330
17
100
AcDbEntity
  8
A-PAVING
100
AcDbPolyline
 90
4
 70
1
 10
27000.0
 20
-6000.0
 10
27200.0
 20
-6000.0
 10
27200.0
 20
-5800.0
 10
27000.0
 20
-5800.0
  0
LWPOLYLINE
  5
553
330
17
100
AcDbEntity
  8
A-PAVING
100
AcDbPolyline
 90
4
 70
1
 10
21000.0
 20
-6200.0
 10
21200.0
 20
-6200.0
 10
21200.0
 20
-6000.0
 10
21000.0
 20
-6000.0
  0
LWPOLYLINE
  5
554
330
17
100
AcDbEntity
  8
A-PAVING
100
AcDbPolyline
 90
4
 70
1
 10
21200.0
 20
-6200.0
 10
21400.0
 20
-6200.0
 10
21400.0
 20
-6000.0
 10
21200.0
 20
-6000.0
  0
LWPOLYLINE
  5
555
330
17
100
AcDbEntity
  8
A-PAVING
100
AcDbPolyline
 90
4
 70
1
 10
21400.0
 20
-6200.0
 10
21600.0
 20
-6200.0
 10
21600.0
 20
-6000.0
 10
21400.0
 20
-6000.0
  0
LWPOLYLINE
  5
556
330
17
100
AcDbEntity
  8
A-PAVING
100
AcDbPolyline
 90
4
 70
1
 10
21600.0
 20
-6200.0
 10
21800.0
 20
-6200.0
 10
21800.0
 20
-6000.0
 10
21600.0
 20
-6000.0
  0
LWPOLYLINE
  5
557
330
17
100
AcDbEntity
  8
A-PAVING
100
AcDbPolyline
 90
4
 70
1
 10
21800.0
 20
-6200.0
 10
22000.0
 20
-6200.0
 10
22000.0
 20
-6000.0
 10
21800.0
 20
-6000.0
  0
LWPOLYLINE
  5
558
330
17
100
AcDbEntity
  8
A-PAVING
100
AcDbPolyline
 90
4
 70
1
 10
22000.0
 20
-6200.0
 10
22200.0
 20
-6200.0
 10
22200.0
 20
-6000.0
 10
22000.0
 20
-6000.0
  0
LWPOLYLINE
  5
559
330
17
100
AcDbEntity
  8
A-PAVING
100
AcDbPolyline
 90
4
 70
1
 10
22200.0
 20
-6200.0
 10
22400.0
 20
-6200.0
 10
22400.0
 20
-6000.0
 10
22200.0
 20
-6000.0
  0
LWPOLYLINE
  5
55A
330
17
100
AcDbEntity
  8
A-PAVING
100
AcDbPolyline
 90
4
 70
1
 10
22400.0
 20
-6200.0
 10
22600.0
 20
-6200.0
 10
22600.0
 20
-6000.0
 10
22400.0
 20
-6000.0
  0
LWPOLYLINE
  5
55B
330
17
100
AcDbEntity
  8
A-PAVING
100
AcDbPolyline
 90
4
 70
1
 10
22600.0
 20
-6200.0
 10
22800.0
 20
-6200.0
 10
22800.0
 20
-6000.0
 10
22600.0
 20
-6000.0
  0
LWPOLYLINE
  5
55C
330
17
100
AcDbEntity
  8
A-PAVING
100
AcDbPolyline
 90
4
 70
1
 10
22800.0
 20
-6200.0
 10
23000.0
 20
-6200.0
 10
23000.0
 20
-6000.0
 10
22800.0
 20
-6000.0
  0
LWPOLYLINE
  5
55D
330
17
100
AcDbEntity
  8
A-PAVING
100
AcDbPolyline
 90
4
 70
1
 10
23000.0
 20
-6200.0
 10
23200.0
 20
-6200.0
 10
23200.0
 20
-6000.0
 10
23000.0
 20
-6000.0
  0
LWPOLYLINE
  5
55E
330
17
100
AcDbEntity
  8
A-PAVING
100
AcDbPolyline
 90
4
 70
1
 10
23200.0
 20
-6200.0
 10
23400.0
 20
-6200.0
 10
23400.0
 20
-6000.0
 10
23200.0
 20
-6000.0
  0
LWPOLYLINE
  5
55F
330
17
100
AcDbEntity
  8
A-PAVING
100
AcDbPolyline
 90
4
 70
1
 10
23400.0
 20
-6200.0
 10
23600.0
 20
-6200.0
 10
23600.0
 20
-6000.0
 10
23400.0
 20
-6000.0
  0
LWPOLYLINE
  5
560
330
17
100
AcDbEntity
  8
A-PAVING
100
AcDbPolyline
 90
4
 70
1
 10
23600.0
 20
-6200.0
 10
23800.0
 20
-6200.0
 10
23800.0
 20
-6000.0
 10
23600.0
 20
-6000.0
  0
LWPOLYLINE
  5
561
330
17
100
AcDbEntity
  8
A-PAVING
100
AcDbPolyline
 90
4
 70
1
 10
23800.0
 20
-6200.0
 10
24000.0
 20
-6200.0
 10
24000.0
 20
-6000.0
 10
23800.0
 20
-6000.0
  0
LWPOLYLINE
  5
562
330
17
100
AcDbEntity
  8
A-PAVING
100
AcDbPolyline
 90
4
 70
1
 10
24000.0
 20
-6200.0
 10
24200.0
 20
-6200.0
 10
24200.0
 20
-6000.0
 10
24000.0
 20
-6000.0
  0
LWPOLYLINE
  5
563
330
17
100
AcDbEntity
  8
A-PAVING
100
AcDbPolyline
 90
4
 70
1
 10
24200.0
 20
-6200.0
 10
24400.0
 20
-6200.0
 10
24400.0
 20
-6000.0
 10
24200.0
 20
-6000.0
  0
LWPOLYLINE
  5
564
330
17
100
AcDbEntity
  8
A-PAVING
100
AcDbPolyline
 90
4
 70
1
 10
24400.0
 20
-6200.0
 10
24600.0
 20
-6200.0
 10
24600.0
 20
-6000.0
 10
24400.0
 20
-6000.0
  0
LWPOLYLINE
  5
565
330
17
100
AcDbEntity
  8
A-PAVING
100
AcDbPolyline
 90
4
 70
1
 10
24600.0
 20
-6200.0
 10
24800.0
 20
-6200.0
 10
24800.0
 20
-6000.0
 10
24600.0
 20
-6000.0
  0
LWPOLYLINE
  5
566
330
17
100
AcDbEntity
  8
A-PAVING
100
AcDbPolyline
 90
4
 70
1
 10
24800.0
 20
-6200.0
 10
25000.0
 20
-6200.0
 10
25000.0
 20
-6000.0
 10
24800.0
 20
-6000.0
  0
LWPOLYLINE
  5
567
330
17
100
AcDbEntity
  8
A-PAVING
100
AcDbPolyline
 90
4
 70
1
 10
25000.0
 20
-6200.0
 10
25200.0
 20
-6200.0
 10
25200.0
 20
-6000.0
 10
25000.0
 20
-6000.0
  0
LWPOLYLINE
  5
568
330
17
100
AcDbEntity
  8
A-PAVING
100
AcDbPolyline
 90
4
 70
1
 10
25200.0
 20
-6200.0
 10
25400.0
 20
-6200.0
 10
25400.0
 20
-6000.0
 10
25200.0
 20
-6000.0
  0
LWPOLYLINE
  5
569
330
17
100
AcDbEntity
  8
A-PAVING
100
AcDbPolyline
 90
4
 70
1
 10
25400.0
 20
-6200.0
 10
25600.0
 20
-6200.0
 10
25600.0
 20
-6000.0
 10
25400.0
 20
-6000.0
  0
LWPOLYLINE
  5
56A
330
17
100
AcDbEntity
  8
A-PAVING
100
AcDbPolyline
 90
4
 70
1
 10
25600.0
 20
-6200.0
 10
25800.0
 20
-6200.0
 10
25800.0
 20
-6000.0
 10
25600.0
 20
-6000.0
  0
LWPOLYLINE
  5
56B
330
17
100
AcDbEntity
  8
A-PAVING
100
AcDbPolyline
 90
4
 70
1
 10
25800.0
 20
-6200.0
 10
26000.0
 20
-6200.0
 10
26000.0
 20
-6000.0
 10
25800.0
 20
-6000.0
  0
LWPOLYLINE
  5
56C
330
17
100
AcDbEntity
  8
A-PAVING
100
AcDbPolyline
 90
4
 70
1
 10
26000.0
 20
-6200.0
 10
26200.0
 20
-6200.0
 10
26200.0
 20
-6000.0
 10
26000.0
 20
-6000.0
  0
LWPOLYLINE
  5
56D
330
17
100
AcDbEntity
  8
A-PAVING
100
AcDbPolyline
 90
4
 70
1
 10
26200.0
 20
-6200.0
 10
26400.0
 20
-6200.0
 10
26400.0
 20
-6000.0
 10
26200.0
 20
-6000.0
  0
LWPOLYLINE
  5
56E
330
17
100
AcDbEntity
  8
A-PAVING
100
AcDbPolyline
 90
4
 70
1
 10
26400.0
 20
-6200.0
 10
26600.0
 20
-6200.0
 10
26600.0
 20
-6000.0
 10
26400.0
 20
-6000.0
  0
LWPOLYLINE
  5
56F
330
17
100
AcDbEntity
  8
A-PAVING
100
AcDbPolyline
 90
4
 70
1
 10
26600.0
 20
-6200.0
 10
26800.0
 20
-6200.0
 10
26800.0
 20
-6000.0
 10
26600.0
 20
-6000.0
  0
LWPOLYLINE
  5
570
330
17
100
AcDbEntity
  8
A-PAVING
100
AcDbPolyline
 90
4
 70
1
 10
26800.0
 20
-6200.0
 10
27000.0
 20
-6200.0
 10
27000.0
 20
-6000.0
 10
26800.0
 20
-6000.0
  0
LWPOLYLINE
  5
571
330
17
100
AcDbEntity
  8
A-PAVING
100
AcDbPolyline
 90
4
 70
1
 10
27000.0
 20
-6200.0
 10
27200.0
 20
-6200.0
 10
27200.0
 20
-6000.0
 10
27000.0
 20
-6000.0
  0
LWPOLYLINE
  5
572
330
17
100
AcDbEntity
  8
A-PAVING
100
AcDbPolyline
 90
4
 70
1
 10
21000.0
 20
-6400.0
 10
21200.0
 20
-6400.0
 10
21200.0
 20
-6200.0
 10
21000.0
 20
-6200.0
  0
LWPOLYLINE
  5
573
330
17
100
AcDbEntity
  8
A-PAVING
100
AcDbPolyline
 90
4
 70
1
 10
21200.0
 20
-6400.0
 10
21400.0
 20
-6400.0
 10
21400.0
 20
-6200.0
 10
21200.0
 20
-6200.0
  0
LWPOLYLINE
  5
574
330
17
100
AcDbEntity
  8
A-PAVING
100
AcDbPolyline
 90
4
 70
1
 10
21400.0
 20
-6400.0
 10
21600.0
 20
-6400.0
 10
21600.0
 20
-6200.0
 10
21400.0
 20
-6200.0
  0
LWPOLYLINE
  5
575
330
17
100
AcDbEntity
  8
A-PAVING
100
AcDbPolyline
 90
4
 70
1
 10
21600.0
 20
-6400.0
 10
21800.0
 20
-6400.0
 10
21800.0
 20
-6200.0
 10
21600.0
 20
-6200.0
  0
LWPOLYLINE
  5
576
330
17
100
AcDbEntity
  8
A-PAVING
100
AcDbPolyline
 90
4
 70
1
 10
21800.0
 20
-6400.0
 10
22000.0
 20
-6400.0
 10
22000.0
 20
-6200.0
 10
21800.0
 20
-6200.0
  0
LWPOLYLINE
  5
577
330
17
100
AcDbEntity
  8
A-PAVING
100
AcDbPolyline
 90
4
 70
1
 10
22000.0
 20
-6400.0
 10
22200.0
 20
-6400.0
 10
22200.0
 20
-6200.0
 10
22000.0
 20
-6200.0
  0
LWPOLYLINE
  5
578
330
17
100
AcDbEntity
  8
A-PAVING
100
AcDbPolyline
 90
4
 70
1
 10
22200.0
 20
-6400.0
 10
22400.0
 20
-6400.0
 10
22400.0
 20
-6200.0
 10
22200.0
 20
-6200.0
  0
LWPOLYLINE
  5
579
330
17
100
AcDbEntity
  8
A-PAVING
100
AcDbPolyline
 90
4
 70
1
 10
22400.0
 20
-6400.0
 10
22600.0
 20
-6400.0
 10
22600.0
 20
-6200.0
 10
22400.0
 20
-6200.0
  0
LWPOLYLINE
  5
57A
330
17
100
AcDbEntity
  8
A-PAVING
100
AcDbPolyline
 90
4
 70
1
 10
22600.0
 20
-6400.0
 10
22800.0
 20
-6400.0
 10
22800.0
 20
-6200.0
 10
22600.0
 20
-6200.0
  0
LWPOLYLINE
  5
57B
330
17
100
AcDbEntity
  8
A-PAVING
100
AcDbPolyline
 90
4
 70
1
 10
22800.0
 20
-6400.0
 10
23000.0
 20
-6400.0
 10
23000.0
 20
-6200.0
 10
22800.0
 20
-6200.0
  0
LWPOLYLINE
  5
57C
330
17
100
AcDbEntity
  8
A-PAVING
100
AcDbPolyline
 90
4
 70
1
 10
23000.0
 20
-6400.0
 10
23200.0
 20
-6400.0
 10
23200.0
 20
-6200.0
 10
23000.0
 20
-6200.0
  0
LWPOLYLINE
  5
57D
330
17
100
AcDbEntity
  8
A-PAVING
100
AcDbPolyline
 90
4
 70
1
 10
23200.0
 20
-6400.0
 10
23400.0
 20
-6400.0
 10
23400.0
 20
-6200.0
 10
23200.0
 20
-6200.0
  0
LWPOLYLINE
  5
57E
330
17
100
AcDbEntity
  8
A-PAVING
100
AcDbPolyline
 90
4
 70
1
 10
23400.0
 20
-6400.0
 10
23600.0
 20
-6400.0
 10
23600.0
 20
-6200.0
 10
23400.0
 20
-6200.0
  0
LWPOLYLINE
  5
57F
330
17
100
AcDbEntity
  8
A-PAVING
100
AcDbPolyline
 90
4
 70
1
 10
23600.0
 20
-6400.0
 10
23800.0
 20
-6400.0
 10
23800.0
 20
-6200.0
 10
23600.0
 20
-6200.0
  0
LWPOLYLINE
  5
580
330
17
100
AcDbEntity
  8
A-PAVING
100
AcDbPolyline
 90
4
 70
1
 10
23800.0
 20
-6400.0
 10
24000.0
 20
-6400.0
 10
24000.0
 20
-6200.0
 10
23800.0
 20
-6200.0
  0
LWPOLYLINE
  5
581
330
17
100
AcDbEntity
  8
A-PAVING
100
AcDbPolyline
 90
4
 70
1
 10
24000.0
 20
-6400.0
 10
24200.0
 20
-6400.0
 10
24200.0
 20
-6200.0
 10
24000.0
 20
-6200.0
  0
LWPOLYLINE
  5
582
330
17
100
AcDbEntity
  8
A-PAVING
100
AcDbPolyline
 90
4
 70
1
 10
24200.0
 20
-6400.0
 10
24400.0
 20
-6400.0
 10
24400.0
 20
-6200.0
 10
24200.0
 20
-6200.0
  0
LWPOLYLINE
  5
583
330
17
100
AcDbEntity
  8
A-PAVING
100
AcDbPolyline
 90
4
 70
1
 10
24400.0
 20
-6400.0
 10
24600.0
 20
-6400.0
 10
24600.0
 20
-6200.0
 10
24400.0
 20
-6200.0
  0
LWPOLYLINE
  5
584
330
17
100
AcDbEntity
  8
A-PAVING
100
AcDbPolyline
 90
4
 70
1
 10
24600.0
 20
-6400.0
 10
24800.0
 20
-6400.0
 10
24800.0
 20
-6200.0
 10
24600.0
 20
-6200.0
  0
LWPOLYLINE
  5
585
330
17
100
AcDbEntity
  8
A-PAVING
100
AcDbPolyline
 90
4
 70
1
 10
24800.0
 20
-6400.0
 10
25000.0
 20
-6400.0
 10
25000.0
 20
-6200.0
 10
24800.0
 20
-6200.0
  0
LWPOLYLINE
  5
586
330
17
100
AcDbEntity
  8
A-PAVING
100
AcDbPolyline
 90
4
 70
1
 10
25000.0
 20
-6400.0
 10
25200.0
 20
-6400.0
 10
25200.0
 20
-6200.0
 10
25000.0
 20
-6200.0
  0
LWPOLYLINE
  5
587
330
17
100
AcDbEntity
  8
A-PAVING
100
AcDbPolyline
 90
4
 70
1
 10
25200.0
 20
-6400.0
 10
25400.0
 20
-6400.0
 10
25400.0
 20
-6200.0
 10
25200.0
 20
-6200.0
  0
LWPOLYLINE
  5
588
330
17
100
AcDbEntity
  8
A-PAVING
100
AcDbPolyline
 90
4
 70
1
 10
25400.0
 20
-6400.0
 10
25600.0
 20
-6400.0
 10
25600.0
 20
-6200.0
 10
25400.0
 20
-6200.0
  0
LWPOLYLINE
  5
589
330
17
100
AcDbEntity
  8
A-PAVING
100
AcDbPolyline
 90
4
 70
1
 10
25600.0
 20
-6400.0
 10
25800.0
 20
-6400.0
 10
25800.0
 20
-6200.0
 10
25600.0
 20
-6200.0
  0
LWPOLYLINE
  5
58A
330
17
100
AcDbEntity
  8
A-PAVING
100
AcDbPolyline
 90
4
 70
1
 10
25800.0
 20
-6400.0
 10
26000.0
 20
-6400.0
 10
26000.0
 20
-6200.0
 10
25800.0
 20
-6200.0
  0
LWPOLYLINE
  5
58B
330
17
100
AcDbEntity
  8
A-PAVING
100
AcDbPolyline
 90
4
 70
1
 10
26000.0
 20
-6400.0
 10
26200.0
 20
-6400.0
 10
26200.0
 20
-6200.0
 10
26000.0
 20
-6200.0
  0
LWPOLYLINE
  5
58C
330
17
100
AcDbEntity
  8
A-PAVING
100
AcDbPolyline
 90
4
 70
1
 10
26200.0
 20
-6400.0
 10
26400.0
 20
-6400.0
 10
26400.0
 20
-6200.0
 10
26200.0
 20
-6200.0
  0
LWPOLYLINE
  5
58D
330
17
100
AcDbEntity
  8
A-PAVING
100
AcDbPolyline
 90
4
 70
1
 10
26400.0
 20
-6400.0
 10
26600.0
 20
-6400.0
 10
26600.0
 20
-6200.0
 10
26400.0
 20
-6200.0
  0
LWPOLYLINE
  5
58E
330
17
100
AcDbEntity
  8
A-PAVING
100
AcDbPolyline
 90
4
 70
1
 10
26600.0
 20
-6400.0
 10
26800.0
 20
-6400.0
 10
26800.0
 20
-6200.0
 10
26600.0
 20
-6200.0
  0
LWPOLYLINE
  5
58F
330
17
100
AcDbEntity
  8
A-PAVING
100
AcDbPolyline
 90
4
 70
1
 10
26800.0
 20
-6400.0
 10
27000.0
 20
-6400.0
 10
27000.0
 20
-6200.0
 10
26800.0
 20
-6200.0
  0
LWPOLYLINE
  5
590
330
17
100
AcDbEntity
  8
A-PAVING
100
AcDbPolyline
 90
4
 70
1
 10
27000.0
 20
-6400.0
 10
27200.0
 20
-6400.0
 10
27200.0
 20
-6200.0
 10
27000.0
 20
-6200.0
  0
LWPOLYLINE
  5
591
330
17
100
AcDbEntity
  8
A-PAVING
100
AcDbPolyline
 90
4
 70
1
 10
21000.0
 20
-6600.0
 10
21200.0
 20
-6600.0
 10
21200.0
 20
-6400.0
 10
21000.0
 20
-6400.0
  0
LWPOLYLINE
  5
592
330
17
100
AcDbEntity
  8
A-PAVING
100
AcDbPolyline
 90
4
 70
1
 10
21200.0
 20
-6600.0
 10
21400.0
 20
-6600.0
 10
21400.0
 20
-6400.0
 10
21200.0
 20
-6400.0
  0
LWPOLYLINE
  5
593
330
17
100
AcDbEntity
  8
A-PAVING
100
AcDbPolyline
 90
4
 70
1
 10
21400.0
 20
-6600.0
 10
21600.0
 20
-6600.0
 10
21600.0
 20
-6400.0
 10
21400.0
 20
-6400.0
  0
LWPOLYLINE
  5
594
330
17
100
AcDbEntity
  8
A-PAVING
100
AcDbPolyline
 90
4
 70
1
 10
21600.0
 20
-6600.0
 10
21800.0
 20
-6600.0
 10
21800.0
 20
-6400.0
 10
21600.0
 20
-6400.0
  0
LWPOLYLINE
  5
595
330
17
100
AcDbEntity
  8
A-PAVING
100
AcDbPolyline
 90
4
 70
1
 10
21800.0
 20
-6600.0
 10
22000.0
 20
-6600.0
 10
22000.0
 20
-6400.0
 10
21800.0
 20
-6400.0
  0
LWPOLYLINE
  5
596
330
17
100
AcDbEntity
  8
A-PAVING
100
AcDbPolyline
 90
4
 70
1
 10
22000.0
 20
-6600.0
 10
22200.0
 20
-6600.0
 10
22200.0
 20
-6400.0
 10
22000.0
 20
-6400.0
  0
LWPOLYLINE
  5
597
330
17
100
AcDbEntity
  8
A-PAVING
100
AcDbPolyline
 90
4
 70
1
 10
22200.0
 20
-6600.0
 10
22400.0
 20
-6600.0
 10
22400.0
 20
-6400.0
 10
22200.0
 20
-6400.0
  0
LWPOLYLINE
  5
598
330
17
100
AcDbEntity
  8
A-PAVING
100
AcDbPolyline
 90
4
 70
1
 10
22400.0
 20
-6600.0
 10
22600.0
 20
-6600.0
 10
22600.0
 20
-6400.0
 10
22400.0
 20
-6400.0
  0
LWPOLYLINE
  5
599
330
17
100
AcDbEntity
  8
A-PAVING
100
AcDbPolyline
 90
4
 70
1
 10
22600.0
 20
-6600.0
 10
22800.0
 20
-6600.0
 10
22800.0
 20
-6400.0
 10
22600.0
 20
-6400.0
  0
LWPOLYLINE
  5
59A
330
17
100
AcDbEntity
  8
A-PAVING
100
AcDbPolyline
 90
4
 70
1
 10
22800.0
 20
-6600.0
 10
23000.0
 20
-6600.0
 10
23000.0
 20
-6400.0
 10
22800.0
 20
-6400.0
  0
LWPOLYLINE
  5
59B
330
17
100
AcDbEntity
  8
A-PAVING
100
AcDbPolyline
 90
4
 70
1
 10
23000.0
 20
-6600.0
 10
23200.0
 20
-6600.0
 10
23200.0
 20
-6400.0
 10
23000.0
 20
-6400.0
  0
LWPOLYLINE
  5
59C
330
17
100
AcDbEntity
  8
A-PAVING
100
AcDbPolyline
 90
4
 70
1
 10
23200.0
 20
-6600.0
 10
23400.0
 20
-6600.0
 10
23400.0
 20
-6400.0
 10
23200.0
 20
-6400.0
  0
LWPOLYLINE
  5
59D
330
17
100
AcDbEntity
  8
A-PAVING
100
AcDbPolyline
 90
4
 70
1
 10
23400.0
 20
-6600.0
 10
23600.0
 20
-6600.0
 10
23600.0
 20
-6400.0
 10
23400.0
 20
-6400.0
  0
LWPOLYLINE
  5
59E
330
17
100
AcDbEntity
  8
A-PAVING
100
AcDbPolyline
 90
4
 70
1
 10
23600.0
 20
-6600.0
 10
23800.0
 20
-6600.0
 10
23800.0
 20
-6400.0
 10
23600.0
 20
-6400.0
  0
LWPOLYLINE
  5
59F
330
17
100
AcDbEntity
  8
A-PAVING
100
AcDbPolyline
 90
4
 70
1
 10
23800.0
 20
-6600.0
 10
24000.0
 20
-6600.0
 10
24000.0
 20
-6400.0
 10
23800.0
 20
-6400.0
  0
LWPOLYLINE
  5
5A0
330
17
100
AcDbEntity
  8
A-PAVING
100
AcDbPolyline
 90
4
 70
1
 10
24000.0
 20
-6600.0
 10
24200.0
 20
-6600.0
 10
24200.0
 20
-6400.0
 10
24000.0
 20
-6400.0
  0
LWPOLYLINE
  5
5A1
330
17
100
AcDbEntity
  8
A-PAVING
100
AcDbPolyline
 90
4
 70
1
 10
24200.0
 20
-6600.0
 10
24400.0
 20
-6600.0
 10
24400.0
 20
-6400.0
 10
24200.0
 20
-6400.0
  0
LWPOLYLINE
  5
5A2
330
17
100
AcDbEntity
  8
A-PAVING
100
AcDbPolyline
 90
4
 70
1
 10
24400.0
 20
-6600.0
 10
24600.0
 20
-6600.0
 10
24600.0
 20
-6400.0
 10
24400.0
 20
-6400.0
  0
LWPOLYLINE
  5
5A3
330
17
100
AcDbEntity
  8
A-PAVING
100
AcDbPolyline
 90
4
 70
1
 10
24600.0
 20
-6600.0
 10
24800.0
 20
-6600.0
 10
24800.0
 20
-6400.0
 10
24600.0
 20
-6400.0
  0
LWPOLYLINE
  5
5A4
330
17
100
AcDbEntity
  8
A-PAVING
100
AcDbPolyline
 90
4
 70
1
 10
24800.0
 20
-6600.0
 10
25000.0
 20
-6600.0
 10
25000.0
 20
-6400.0
 10
24800.0
 20
-6400.0
  0
LWPOLYLINE
  5
5A5
330
17
100
AcDbEntity
  8
A-PAVING
100
AcDbPolyline
 90
4
 70
1
 10
25000.0
 20
-6600.0
 10
25200.0
 20
-6600.0
 10
25200.0
 20
-6400.0
 10
25000.0
 20
-6400.0
  0
LWPOLYLINE
  5
5A6
330
17
100
AcDbEntity
  8
A-PAVING
100
AcDbPolyline
 90
4
 70
1
 10
25200.0
 20
-6600.0
 10
25400.0
 20
-6600.0
 10
25400.0
 20
-6400.0
 10
25200.0
 20
-6400.0
  0
LWPOLYLINE
  5
5A7
330
17
100
AcDbEntity
  8
A-PAVING
100
AcDbPolyline
 90
4
 70
1
 10
25400.0
 20
-6600.0
 10
25600.0
 20
-6600.0
 10
25600.0
 20
-6400.0
 10
25400.0
 20
-6400.0
  0
LWPOLYLINE
  5
5A8
330
17
100
AcDbEntity
  8
A-PAVING
100
AcDbPolyline
 90
4
 70
1
 10
25600.0
 20
-6600.0
 10
25800.0
 20
-6600.0
 10
25800.0
 20
-6400.0
 10
25600.0
 20
-6400.0
  0
LWPOLYLINE
  5
5A9
330
17
100
AcDbEntity
  8
A-PAVING
100
AcDbPolyline
 90
4
 70
1
 10
25800.0
 20
-6600.0
 10
26000.0
 20
-6600.0
 10
26000.0
 20
-6400.0
 10
25800.0
 20
-6400.0
  0
LWPOLYLINE
  5
5AA
330
17
100
AcDbEntity
  8
A-PAVING
100
AcDbPolyline
 90
4
 70
1
 10
26000.0
 20
-6600.0
 10
26200.0
 20
-6600.0
 10
26200.0
 20
-6400.0
 10
26000.0
 20
-6400.0
  0
LWPOLYLINE
  5
5AB
330
17
100
AcDbEntity
  8
A-PAVING
100
AcDbPolyline
 90
4
 70
1
 10
26200.0
 20
-6600.0
 10
26400.0
 20
-6600.0
 10
26400.0
 20
-6400.0
 10
26200.0
 20
-6400.0
  0
LWPOLYLINE
  5
5AC
330
17
100
AcDbEntity
  8
A-PAVING
100
AcDbPolyline
 90
4
 70
1
 10
26400.0
 20
-6600.0
 10
26600.0
 20
-6600.0
 10
26600.0
 20
-6400.0
 10
26400.0
 20
-6400.0
  0
LWPOLYLINE
  5
5AD
330
17
100
AcDbEntity
  8
A-PAVING
100
AcDbPolyline
 90
4
 70
1
 10
26600.0
 20
-6600.0
 10
26800.0
 20
-6600.0
 10
26800.0
 20
-6400.0
 10
26600.0
 20
-6400.0
  0
LWPOLYLINE
  5
5AE
330
17
100
AcDbEntity
  8
A-PAVING
100
AcDbPolyline
 90
4
 70
1
 10
26800.0
 20
-6600.0
 10
27000.0
 20
-6600.0
 10
27000.0
 20
-6400.0
 10
26800.0
 20
-6400.0
  0
LWPOLYLINE
  5
5AF
330
17
100
AcDbEntity
  8
A-PAVING
100
AcDbPolyline
 90
4
 70
1
 10
27000.0
 20
-6600.0
 10
27200.0
 20
-6600.0
 10
27200.0
 20
-6400.0
 10
27000.0
 20
-6400.0
  0
LWPOLYLINE
  5
5B0
330
17
100
AcDbEntity
  8
A-PAVING
100
AcDbPolyline
 90
4
 70
1
 10
21000.0
 20
-6800.0
 10
21200.0
 20
-6800.0
 10
21200.0
 20
-6600.0
 10
21000.0
 20
-6600.0
  0
LWPOLYLINE
  5
5B1
330
17
100
AcDbEntity
  8
A-PAVING
100
AcDbPolyline
 90
4
 70
1
 10
21200.0
 20
-6800.0
 10
21400.0
 20
-6800.0
 10
21400.0
 20
-6600.0
 10
21200.0
 20
-6600.0
  0
LWPOLYLINE
  5
5B2
330
17
100
AcDbEntity
  8
A-PAVING
100
AcDbPolyline
 90
4
 70
1
 10
21400.0
 20
-6800.0
 10
21600.0
 20
-6800.0
 10
21600.0
 20
-6600.0
 10
21400.0
 20
-6600.0
  0
LWPOLYLINE
  5
5B3
330
17
100
AcDbEntity
  8
A-PAVING
100
AcDbPolyline
 90
4
 70
1
 10
21600.0
 20
-6800.0
 10
21800.0
 20
-6800.0
 10
21800.0
 20
-6600.0
 10
21600.0
 20
-6600.0
  0
LWPOLYLINE
  5
5B4
330
17
100
AcDbEntity
  8
A-PAVING
100
AcDbPolyline
 90
4
 70
1
 10
21800.0
 20
-6800.0
 10
22000.0
 20
-6800.0
 10
22000.0
 20
-6600.0
 10
21800.0
 20
-6600.0
  0
LWPOLYLINE
  5
5B5
330
17
100
AcDbEntity
  8
A-PAVING
100
AcDbPolyline
 90
4
 70
1
 10
22000.0
 20
-6800.0
 10
22200.0
 20
-6800.0
 10
22200.0
 20
-6600.0
 10
22000.0
 20
-6600.0
  0
LWPOLYLINE
  5
5B6
330
17
100
AcDbEntity
  8
A-PAVING
100
AcDbPolyline
 90
4
 70
1
 10
22200.0
 20
-6800.0
 10
22400.0
 20
-6800.0
 10
22400.0
 20
-6600.0
 10
22200.0
 20
-6600.0
  0
LWPOLYLINE
  5
5B7
330
17
100
AcDbEntity
  8
A-PAVING
100
AcDbPolyline
 90
4
 70
1
 10
22400.0
 20
-6800.0
 10
22600.0
 20
-6800.0
 10
22600.0
 20
-6600.0
 10
22400.0
 20
-6600.0
  0
LWPOLYLINE
  5
5B8
330
17
100
AcDbEntity
  8
A-PAVING
100
AcDbPolyline
 90
4
 70
1
 10
22600.0
 20
-6800.0
 10
22800.0
 20
-6800.0
 10
22800.0
 20
-6600.0
 10
22600.0
 20
-6600.0
  0
LWPOLYLINE
  5
5B9
330
17
100
AcDbEntity
  8
A-PAVING
100
AcDbPolyline
 90
4
 70
1
 10
22800.0
 20
-6800.0
 10
23000.0
 20
-6800.0
 10
23000.0
 20
-6600.0
 10
22800.0
 20
-6600.0
  0
LWPOLYLINE
  5
5BA
330
17
100
AcDbEntity
  8
A-PAVING
100
AcDbPolyline
 90
4
 70
1
 10
23000.0
 20
-6800.0
 10
23200.0
 20
-6800.0
 10
23200.0
 20
-6600.0
 10
23000.0
 20
-6600.0
  0
LWPOLYLINE
  5
5BB
330
17
100
AcDbEntity
  8
A-PAVING
100
AcDbPolyline
 90
4
 70
1
 10
23200.0
 20
-6800.0
 10
23400.0
 20
-6800.0
 10
23400.0
 20
-6600.0
 10
23200.0
 20
-6600.0
  0
LWPOLYLINE
  5
5BC
330
17
100
AcDbEntity
  8
A-PAVING
100
AcDbPolyline
 90
4
 70
1
 10
23400.0
 20
-6800.0
 10
23600.0
 20
-6800.0
 10
23600.0
 20
-6600.0
 10
23400.0
 20
-6600.0
  0
LWPOLYLINE
  5
5BD
330
17
100
AcDbEntity
  8
A-PAVING
100
AcDbPolyline
 90
4
 70
1
 10
23600.0
 20
-6800.0
 10
23800.0
 20
-6800.0
 10
23800.0
 20
-6600.0
 10
23600.0
 20
-6600.0
  0
LWPOLYLINE
  5
5BE
330
17
100
AcDbEntity
  8
A-PAVING
100
AcDbPolyline
 90
4
 70
1
 10
23800.0
 20
-6800.0
 10
24000.0
 20
-6800.0
 10
24000.0
 20
-6600.0
 10
23800.0
 20
-6600.0
  0
LWPOLYLINE
  5
5BF
330
17
100
AcDbEntity
  8
A-PAVING
100
AcDbPolyline
 90
4
 70
1
 10
24000.0
 20
-6800.0
 10
24200.0
 20
-6800.0
 10
24200.0
 20
-6600.0
 10
24000.0
 20
-6600.0
  0
LWPOLYLINE
  5
5C0
330
17
100
AcDbEntity
  8
A-PAVING
100
AcDbPolyline
 90
4
 70
1
 10
24200.0
 20
-6800.0
 10
24400.0
 20
-6800.0
 10
24400.0
 20
-6600.0
 10
24200.0
 20
-6600.0
  0
LWPOLYLINE
  5
5C1
330
17
100
AcDbEntity
  8
A-PAVING
100
AcDbPolyline
 90
4
 70
1
 10
24400.0
 20
-6800.0
 10
24600.0
 20
-6800.0
 10
24600.0
 20
-6600.0
 10
24400.0
 20
-6600.0
  0
LWPOLYLINE
  5
5C2
330
17
100
AcDbEntity
  8
A-PAVING
100
AcDbPolyline
 90
4
 70
1
 10
24600.0
 20
-6800.0
 10
24800.0
 20
-6800.0
 10
24800.0
 20
-6600.0
 10
24600.0
 20
-6600.0
  0
LWPOLYLINE
  5
5C3
330
17
100
AcDbEntity
  8
A-PAVING
100
AcDbPolyline
 90
4
 70
1
 10
24800.0
 20
-6800.0
 10
25000.0
 20
-6800.0
 10
25000.0
 20
-6600.0
 10
24800.0
 20
-6600.0
  0
LWPOLYLINE
  5
5C4
330
17
100
AcDbEntity
  8
A-PAVING
100
AcDbPolyline
 90
4
 70
1
 10
25000.0
 20
-6800.0
 10
25200.0
 20
-6800.0
 10
25200.0
 20
-6600.0
 10
25000.0
 20
-6600.0
  0
LWPOLYLINE
  5
5C5
330
17
100
AcDbEntity
  8
A-PAVING
100
AcDbPolyline
 90
4
 70
1
 10
25200.0
 20
-6800.0
 10
25400.0
 20
-6800.0
 10
25400.0
 20
-6600.0
 10
25200.0
 20
-6600.0
  0
LWPOLYLINE
  5
5C6
330
17
100
AcDbEntity
  8
A-PAVING
100
AcDbPolyline
 90
4
 70
1
 10
25400.0
 20
-6800.0
 10
25600.0
 20
-6800.0
 10
25600.0
 20
-6600.0
 10
25400.0
 20
-6600.0
  0
LWPOLYLINE
  5
5C7
330
17
100
AcDbEntity
  8
A-PAVING
100
AcDbPolyline
 90
4
 70
1
 10
25600.0
 20
-6800.0
 10
25800.0
 20
-6800.0
 10
25800.0
 20
-6600.0
 10
25600.0
 20
-6600.0
  0
LWPOLYLINE
  5
5C8
330
17
100
AcDbEntity
  8
A-PAVING
100
AcDbPolyline
 90
4
 70
1
 10
25800.0
 20
-6800.0
 10
26000.0
 20
-6800.0
 10
26000.0
 20
-6600.0
 10
25800.0
 20
-6600.0
  0
LWPOLYLINE
  5
5C9
330
17
100
AcDbEntity
  8
A-PAVING
100
AcDbPolyline
 90
4
 70
1
 10
26000.0
 20
-6800.0
 10
26200.0
 20
-6800.0
 10
26200.0
 20
-6600.0
 10
26000.0
 20
-6600.0
  0
LWPOLYLINE
  5
5CA
330
17
100
AcDbEntity
  8
A-PAVING
100
AcDbPolyline
 90
4
 70
1
 10
26200.0
 20
-6800.0
 10
26400.0
 20
-6800.0
 10
26400.0
 20
-6600.0
 10
26200.0
 20
-6600.0
  0
LWPOLYLINE
  5
5CB
330
17
100
AcDbEntity
  8
A-PAVING
100
AcDbPolyline
 90
4
 70
1
 10
26400.0
 20
-6800.0
 10
26600.0
 20
-6800.0
 10
26600.0
 20
-6600.0
 10
26400.0
 20
-6600.0
  0
LWPOLYLINE
  5
5CC
330
17
100
AcDbEntity
  8
A-PAVING
100
AcDbPolyline
 90
4
 70
1
 10
26600.0
 20
-6800.0
 10
26800.0
 20
-6800.0
 10
26800.0
 20
-6600.0
 10
26600.0
 20
-6600.0
  0
LWPOLYLINE
  5
5CD
330
17
100
AcDbEntity
  8
A-PAVING
100
AcDbPolyline
 90
4
 70
1
 10
26800.0
 20
-6800.0
 10
27000.0
 20
-6800.0
 10
27000.0
 20
-6600.0
 10
26800.0
 20
-6600.0
  0
LWPOLYLINE
  5
5CE
330
17
100
AcDbEntity
  8
A-PAVING
100
AcDbPolyline
 90
4
 70
1
 10
27000.0
 20
-6800.0
 10
27200.0
 20
-6800.0
 10
27200.0
 20
-6600.0
 10
27000.0
 20
-6600.0
  0
LWPOLYLINE
  5
5CF
330
17
100
AcDbEntity
  8
A-PAVING
100
AcDbPolyline
 90
4
 70
1
 10
21000.0
 20
-7000.0
 10
21200.0
 20
-7000.0
 10
21200.0
 20
-6800.0
 10
21000.0
 20
-6800.0
  0
LWPOLYLINE
  5
5D0
330
17
100
AcDbEntity
  8
A-PAVING
100
AcDbPolyline
 90
4
 70
1
 10
21200.0
 20
-7000.0
 10
21400.0
 20
-7000.0
 10
21400.0
 20
-6800.0
 10
21200.0
 20
-6800.0
  0
LWPOLYLINE
  5
5D1
330
17
100
AcDbEntity
  8
A-PAVING
100
AcDbPolyline
 90
4
 70
1
 10
21400.0
 20
-7000.0
 10
21600.0
 20
-7000.0
 10
21600.0
 20
-6800.0
 10
21400.0
 20
-6800.0
  0
LWPOLYLINE
  5
5D2
330
17
100
AcDbEntity
  8
A-PAVING
100
AcDbPolyline
 90
4
 70
1
 10
21600.0
 20
-7000.0
 10
21800.0
 20
-7000.0
 10
21800.0
 20
-6800.0
 10
21600.0
 20
-6800.0
  0
LWPOLYLINE
  5
5D3
330
17
100
AcDbEntity
  8
A-PAVING
100
AcDbPolyline
 90
4
 70
1
 10
21800.0
 20
-7000.0
 10
22000.0
 20
-7000.0
 10
22000.0
 20
-6800.0
 10
21800.0
 20
-6800.0
  0
LWPOLYLINE
  5
5D4
330
17
100
AcDbEntity
  8
A-PAVING
100
AcDbPolyline
 90
4
 70
1
 10
22000.0
 20
-7000.0
 10
22200.0
 20
-7000.0
 10
22200.0
 20
-6800.0
 10
22000.0
 20
-6800.0
  0
LWPOLYLINE
  5
5D5
330
17
100
AcDbEntity
  8
A-PAVING
100
AcDbPolyline
 90
4
 70
1
 10
22200.0
 20
-7000.0
 10
22400.0
 20
-7000.0
 10
22400.0
 20
-6800.0
 10
22200.0
 20
-6800.0
  0
LWPOLYLINE
  5
5D6
330
17
100
AcDbEntity
  8
A-PAVING
100
AcDbPolyline
 90
4
 70
1
 10
22400.0
 20
-7000.0
 10
22600.0
 20
-7000.0
 10
22600.0
 20
-6800.0
 10
22400.0
 20
-6800.0
  0
LWPOLYLINE
  5
5D7
330
17
100
AcDbEntity
  8
A-PAVING
100
AcDbPolyline
 90
4
 70
1
 10
22600.0
 20
-7000.0
 10
22800.0
 20
-7000.0
 10
22800.0
 20
-6800.0
 10
22600.0
 20
-6800.0
  0
LWPOLYLINE
  5
5D8
330
17
100
AcDbEntity
  8
A-PAVING
100
AcDbPolyline
 90
4
 70
1
 10
22800.0
 20
-7000.0
 10
23000.0
 20
-7000.0
 10
23000.0
 20
-6800.0
 10
22800.0
 20
-6800.0
  0
LWPOLYLINE
  5
5D9
330
17
100
AcDbEntity
  8
A-PAVING
100
AcDbPolyline
 90
4
 70
1
 10
23000.0
 20
-7000.0
 10
23200.0
 20
-7000.0
 10
23200.0
 20
-6800.0
 10
23000.0
 20
-6800.0
  0
LWPOLYLINE
  5
5DA
330
17
100
AcDbEntity
  8
A-PAVING
100
AcDbPolyline
 90
4
 70
1
 10
23200.0
 20
-7000.0
 10
23400.0
 20
-7000.0
 10
23400.0
 20
-6800.0
 10
23200.0
 20
-6800.0
  0
LWPOLYLINE
  5
5DB
330
17
100
AcDbEntity
  8
A-PAVING
100
AcDbPolyline
 90
4
 70
1
 10
23400.0
 20
-7000.0
 10
23600.0
 20
-7000.0
 10
23600.0
 20
-6800.0
 10
23400.0
 20
-6800.0
  0
LWPOLYLINE
  5
5DC
330
17
100
AcDbEntity
  8
A-PAVING
100
AcDbPolyline
 90
4
 70
1
 10
23600.0
 20
-7000.0
 10
23800.0
 20
-7000.0
 10
23800.0
 20
-6800.0
 10
23600.0
 20
-6800.0
  0
LWPOLYLINE
  5
5DD
330
17
100
AcDbEntity
  8
A-PAVING
100
AcDbPolyline
 90
4
 70
1
 10
23800.0
 20
-7000.0
 10
24000.0
 20
-7000.0
 10
24000.0
 20
-6800.0
 10
23800.0
 20
-6800.0
  0
LWPOLYLINE
  5
5DE
330
17
100
AcDbEntity
  8
A-PAVING
100
AcDbPolyline
 90
4
 70
1
 10
24000.0
 20
-7000.0
 10
24200.0
 20
-7000.0
 10
24200.0
 20
-6800.0
 10
24000.0
 20
-6800.0
  0
LWPOLYLINE
  5
5DF
330
17
100
AcDbEntity
  8
A-PAVING
100
AcDbPolyline
 90
4
 70
1
 10
24200.0
 20
-7000.0
 10
24400.0
 20
-7000.0
 10
24400.0
 20
-6800.0
 10
24200.0
 20
-6800.0
  0
LWPOLYLINE
  5
5E0
330
17
100
AcDbEntity
  8
A-PAVING
100
AcDbPolyline
 90
4
 70
1
 10
24400.0
 20
-7000.0
 10
24600.0
 20
-7000.0
 10
24600.0
 20
-6800.0
 10
24400.0
 20
-6800.0
  0
LWPOLYLINE
  5
5E1
330
17
100
AcDbEntity
  8
A-PAVING
100
AcDbPolyline
 90
4
 70
1
 10
24600.0
 20
-7000.0
 10
24800.0
 20
-7000.0
 10
24800.0
 20
-6800.0
 10
24600.0
 20
-6800.0
  0
LWPOLYLINE
  5
5E2
330
17
100
AcDbEntity
  8
A-PAVING
100
AcDbPolyline
 90
4
 70
1
 10
24800.0
 20
-7000.0
 10
25000.0
 20
-7000.0
 10
25000.0
 20
-6800.0
 10
24800.0
 20
-6800.0
  0
LWPOLYLINE
  5
5E3
330
17
100
AcDbEntity
  8
A-PAVING
100
AcDbPolyline
 90
4
 70
1
 10
25000.0
 20
-7000.0
 10
25200.0
 20
-7000.0
 10
25200.0
 20
-6800.0
 10
25000.0
 20
-6800.0
  0
LWPOLYLINE
  5
5E4
330
17
100
AcDbEntity
  8
A-PAVING
100
AcDbPolyline
 90
4
 70
1
 10
25200.0
 20
-7000.0
 10
25400.0
 20
-7000.0
 10
25400.0
 20
-6800.0
 10
25200.0
 20
-6800.0
  0
LWPOLYLINE
  5
5E5
330
17
100
AcDbEntity
  8
A-PAVING
100
AcDbPolyline
 90
4
 70
1
 10
25400.0
 20
-7000.0
 10
25600.0
 20
-7000.0
 10
25600.0
 20
-6800.0
 10
25400.0
 20
-6800.0
  0
LWPOLYLINE
  5
5E6
330
17
100
AcDbEntity
  8
A-PAVING
100
AcDbPolyline
 90
4
 70
1
 10
25600.0
 20
-7000.0
 10
25800.0
 20
-7000.0
 10
25800.0
 20
-6800.0
 10
25600.0
 20
-6800.0
  0
LWPOLYLINE
  5
5E7
330
17
100
AcDbEntity
  8
A-PAVING
100
AcDbPolyline
 90
4
 70
1
 10
25800.0
 20
-7000.0
 10
26000.0
 20
-7000.0
 10
26000.0
 20
-6800.0
 10
25800.0
 20
-6800.0
  0
LWPOLYLINE
  5
5E8
330
17
100
AcDbEntity
  8
A-PAVING
100
AcDbPolyline
 90
4
 70
1
 10
26000.0
 20
-7000.0
 10
26200.0
 20
-7000.0
 10
26200.0
 20
-6800.0
 10
26000.0
 20
-6800.0
  0
LWPOLYLINE
  5
5E9
330
17
100
AcDbEntity
  8
A-PAVING
100
AcDbPolyline
 90
4
 70
1
 10
26200.0
 20
-7000.0
 10
26400.0
 20
-7000.0
 10
26400.0
 20
-6800.0
 10
26200.0
 20
-6800.0
  0
LWPOLYLINE
  5
5EA
330
17
100
AcDbEntity
  8
A-PAVING
100
AcDbPolyline
 90
4
 70
1
 10
26400.0
 20
-7000.0
 10
26600.0
 20
-7000.0
 10
26600.0
 20
-6800.0
 10
26400.0
 20
-6800.0
  0
LWPOLYLINE
  5
5EB
330
17
100
AcDbEntity
  8
A-PAVING
100
AcDbPolyline
 90
4
 70
1
 10
26600.0
 20
-7000.0
 10
26800.0
 20
-7000.0
 10
26800.0
 20
-6800.0
 10
26600.0
 20
-6800.0
  0
LWPOLYLINE
  5
5EC
330
17
100
AcDbEntity
  8
A-PAVING
100
AcDbPolyline
 90
4
 70
1
 10
26800.0
 20
-7000.0
 10
27000.0
 20
-7000.0
 10
27000.0
 20
-6800.0
 10
26800.0
 20
-6800.0
  0
LWPOLYLINE
  5
5ED
330
17
100
AcDbEntity
  8
A-PAVING
100
AcDbPolyline
 90
4
 70
1
 10
27000.0
 20
-7000.0
 10
27200.0
 20
-7000.0
 10
27200.0
 20
-6800.0
 10
27000.0
 20
-6800.0
  0
LWPOLYLINE
  5
5EE
330
17
100
AcDbEntity
  8
A-PAVING
100
AcDbPolyline
 90
4
 70
1
 10
21000.0
 20
-7200.0
 10
21200.0
 20
-7200.0
 10
21200.0
 20
-7000.0
 10
21000.0
 20
-7000.0
  0
LWPOLYLINE
  5
5EF
330
17
100
AcDbEntity
  8
A-PAVING
100
AcDbPolyline
 90
4
 70
1
 10
21200.0
 20
-7200.0
 10
21400.0
 20
-7200.0
 10
21400.0
 20
-7000.0
 10
21200.0
 20
-7000.0
  0
LWPOLYLINE
  5
5F0
330
17
100
AcDbEntity
  8
A-PAVING
100
AcDbPolyline
 90
4
 70
1
 10
21400.0
 20
-7200.0
 10
21600.0
 20
-7200.0
 10
21600.0
 20
-7000.0
 10
21400.0
 20
-7000.0
  0
LWPOLYLINE
  5
5F1
330
17
100
AcDbEntity
  8
A-PAVING
100
AcDbPolyline
 90
4
 70
1
 10
21600.0
 20
-7200.0
 10
21800.0
 20
-7200.0
 10
21800.0
 20
-7000.0
 10
21600.0
 20
-7000.0
  0
LWPOLYLINE
  5
5F2
330
17
100
AcDbEntity
  8
A-PAVING
100
AcDbPolyline
 90
4
 70
1
 10
21800.0
 20
-7200.0
 10
22000.0
 20
-7200.0
 10
22000.0
 20
-7000.0
 10
21800.0
 20
-7000.0
  0
LWPOLYLINE
  5
5F3
330
17
100
AcDbEntity
  8
A-PAVING
100
AcDbPolyline
 90
4
 70
1
 10
22000.0
 20
-7200.0
 10
22200.0
 20
-7200.0
 10
22200.0
 20
-7000.0
 10
22000.0
 20
-7000.0
  0
LWPOLYLINE
  5
5F4
330
17
100
AcDbEntity
  8
A-PAVING
100
AcDbPolyline
 90
4
 70
1
 10
22200.0
 20
-7200.0
 10
22400.0
 20
-7200.0
 10
22400.0
 20
-7000.0
 10
22200.0
 20
-7000.0
  0
LWPOLYLINE
  5
5F5
330
17
100
AcDbEntity
  8
A-PAVING
100
AcDbPolyline
 90
4
 70
1
 10
22400.0
 20
-7200.0
 10
22600.0
 20
-7200.0
 10
22600.0
 20
-7000.0
 10
22400.0
 20
-7000.0
  0
LWPOLYLINE
  5
5F6
330
17
100
AcDbEntity
  8
A-PAVING
100
AcDbPolyline
 90
4
 70
1
 10
22600.0
 20
-7200.0
 10
22800.0
 20
-7200.0
 10
22800.0
 20
-7000.0
 10
22600.0
 20
-7000.0
  0
LWPOLYLINE
  5
5F7
330
17
100
AcDbEntity
  8
A-PAVING
100
AcDbPolyline
 90
4
 70
1
 10
22800.0
 20
-7200.0
 10
23000.0
 20
-7200.0
 10
23000.0
 20
-7000.0
 10
22800.0
 20
-7000.0
  0
LWPOLYLINE
  5
5F8
330
17
100
AcDbEntity
  8
A-PAVING
100
AcDbPolyline
 90
4
 70
1
 10
23000.0
 20
-7200.0
 10
23200.0
 20
-7200.0
 10
23200.0
 20
-7000.0
 10
23000.0
 20
-7000.0
  0
LWPOLYLINE
  5
5F9
330
17
100
AcDbEntity
  8
A-PAVING
100
AcDbPolyline
 90
4
 70
1
 10
23200.0
 20
-7200.0
 10
23400.0
 20
-7200.0
 10
23400.0
 20
-7000.0
 10
23200.0
 20
-7000.0
  0
LWPOLYLINE
  5
5FA
330
17
100
AcDbEntity
  8
A-PAVING
100
AcDbPolyline
 90
4
 70
1
 10
23400.0
 20
-7200.0
 10
23600.0
 20
-7200.0
 10
23600.0
 20
-7000.0
 10
23400.0
 20
-7000.0
  0
LWPOLYLINE
  5
5FB
330
17
100
AcDbEntity
  8
A-PAVING
100
AcDbPolyline
 90
4
 70
1
 10
23600.0
 20
-7200.0
 10
23800.0
 20
-7200.0
 10
23800.0
 20
-7000.0
 10
23600.0
 20
-7000.0
  0
LWPOLYLINE
  5
5FC
330
17
100
AcDbEntity
  8
A-PAVING
100
AcDbPolyline
 90
4
 70
1
 10
23800.0
 20
-7200.0
 10
24000.0
 20
-7200.0
 10
24000.0
 20
-7000.0
 10
23800.0
 20
-7000.0
  0
LWPOLYLINE
  5
5FD
330
17
100
AcDbEntity
  8
A-PAVING
100
AcDbPolyline
 90
4
 70
1
 10
24000.0
 20
-7200.0
 10
24200.0
 20
-7200.0
 10
24200.0
 20
-7000.0
 10
24000.0
 20
-7000.0
  0
LWPOLYLINE
  5
5FE
330
17
100
AcDbEntity
  8
A-PAVING
100
AcDbPolyline
 90
4
 70
1
 10
24200.0
 20
-7200.0
 10
24400.0
 20
-7200.0
 10
24400.0
 20
-7000.0
 10
24200.0
 20
-7000.0
  0
LWPOLYLINE
  5
5FF
330
17
100
AcDbEntity
  8
A-PAVING
100
AcDbPolyline
 90
4
 70
1
 10
24400.0
 20
-7200.0
 10
24600.0
 20
-7200.0
 10
24600.0
 20
-7000.0
 10
24400.0
 20
-7000.0
  0
LWPOLYLINE
  5
600
330
17
100
AcDbEntity
  8
A-PAVING
100
AcDbPolyline
 90
4
 70
1
 10
24600.0
 20
-7200.0
 10
24800.0
 20
-7200.0
 10
24800.0
 20
-7000.0
 10
24600.0
 20
-7000.0
  0
LWPOLYLINE
  5
601
330
17
100
AcDbEntity
  8
A-PAVING
100
AcDbPolyline
 90
4
 70
1
 10
24800.0
 20
-7200.0
 10
25000.0
 20
-7200.0
 10
25000.0
 20
-7000.0
 10
24800.0
 20
-7000.0
  0
LWPOLYLINE
  5
602
330
17
100
AcDbEntity
  8
A-PAVING
100
AcDbPolyline
 90
4
 70
1
 10
25000.0
 20
-7200.0
 10
25200.0
 20
-7200.0
 10
25200.0
 20
-7000.0
 10
25000.0
 20
-7000.0
  0
LWPOLYLINE
  5
603
330
17
100
AcDbEntity
  8
A-PAVING
100
AcDbPolyline
 90
4
 70
1
 10
25200.0
 20
-7200.0
 10
25400.0
 20
-7200.0
 10
25400.0
 20
-7000.0
 10
25200.0
 20
-7000.0
  0
LWPOLYLINE
  5
604
330
17
100
AcDbEntity
  8
A-PAVING
100
AcDbPolyline
 90
4
 70
1
 10
25400.0
 20
-7200.0
 10
25600.0
 20
-7200.0
 10
25600.0
 20
-7000.0
 10
25400.0
 20
-7000.0
  0
LWPOLYLINE
  5
605
330
17
100
AcDbEntity
  8
A-PAVING
100
AcDbPolyline
 90
4
 70
1
 10
25600.0
 20
-7200.0
 10
25800.0
 20
-7200.0
 10
25800.0
 20
-7000.0
 10
25600.0
 20
-7000.0
  0
LWPOLYLINE
  5
606
330
17
100
AcDbEntity
  8
A-PAVING
100
AcDbPolyline
 90
4
 70
1
 10
25800.0
 20
-7200.0
 10
26000.0
 20
-7200.0
 10
26000.0
 20
-7000.0
 10
25800.0
 20
-7000.0
  0
LWPOLYLINE
  5
607
330
17
100
AcDbEntity
  8
A-PAVING
100
AcDbPolyline
 90
4
 70
1
 10
26000.0
 20
-7200.0
 10
26200.0
 20
-7200.0
 10
26200.0
 20
-7000.0
 10
26000.0
 20
-7000.0
  0
LWPOLYLINE
  5
608
330
17
100
AcDbEntity
  8
A-PAVING
100
AcDbPolyline
 90
4
 70
1
 10
26200.0
 20
-7200.0
 10
26400.0
 20
-7200.0
 10
26400.0
 20
-7000.0
 10
26200.0
 20
-7000.0
  0
LWPOLYLINE
  5
609
330
17
100
AcDbEntity
  8
A-PAVING
100
AcDbPolyline
 90
4
 70
1
 10
26400.0
 20
-7200.0
 10
26600.0
 20
-7200.0
 10
26600.0
 20
-7000.0
 10
26400.0
 20
-7000.0
  0
LWPOLYLINE
  5
60A
330
17
100
AcDbEntity
  8
A-PAVING
100
AcDbPolyline
 90
4
 70
1
 10
26600.0
 20
-7200.0
 10
26800.0
 20
-7200.0
 10
26800.0
 20
-7000.0
 10
26600.0
 20
-7000.0
  0
LWPOLYLINE
  5
60B
330
17
100
AcDbEntity
  8
A-PAVING
100
AcDbPolyline
 90
4
 70
1
 10
26800.0
 20
-7200.0
 10
27000.0
 20
-7200.0
 10
27000.0
 20
-7000.0
 10
26800.0
 20
-7000.0
  0
LWPOLYLINE
  5
60C
330
17
100
AcDbEntity
  8
A-PAVING
100
AcDbPolyline
 90
4
 70
1
 10
27000.0
 20
-7200.0
 10
27200.0
 20
-7200.0
 10
27200.0
 20
-7000.0
 10
27000.0
 20
-7000.0
  0
LWPOLYLINE
  5
60D
330
17
100
AcDbEntity
  8
A-PAVING
100
AcDbPolyline
 90
4
 70
1
 10
21000.0
 20
-7400.0
 10
21200.0
 20
-7400.0
 10
21200.0
 20
-7200.0
 10
21000.0
 20
-7200.0
  0
LWPOLYLINE
  5
60E
330
17
100
AcDbEntity
  8
A-PAVING
100
AcDbPolyline
 90
4
 70
1
 10
21200.0
 20
-7400.0
 10
21400.0
 20
-7400.0
 10
21400.0
 20
-7200.0
 10
21200.0
 20
-7200.0
  0
LWPOLYLINE
  5
60F
330
17
100
AcDbEntity
  8
A-PAVING
100
AcDbPolyline
 90
4
 70
1
 10
21400.0
 20
-7400.0
 10
21600.0
 20
-7400.0
 10
21600.0
 20
-7200.0
 10
21400.0
 20
-7200.0
  0
LWPOLYLINE
  5
610
330
17
100
AcDbEntity
  8
A-PAVING
100
AcDbPolyline
 90
4
 70
1
 10
21600.0
 20
-7400.0
 10
21800.0
 20
-7400.0
 10
21800.0
 20
-7200.0
 10
21600.0
 20
-7200.0
  0
LWPOLYLINE
  5
611
330
17
100
AcDbEntity
  8
A-PAVING
100
AcDbPolyline
 90
4
 70
1
 10
21800.0
 20
-7400.0
 10
22000.0
 20
-7400.0
 10
22000.0
 20
-7200.0
 10
21800.0
 20
-7200.0
  0
LWPOLYLINE
  5
612
330
17
100
AcDbEntity
  8
A-PAVING
100
AcDbPolyline
 90
4
 70
1
 10
22000.0
 20
-7400.0
 10
22200.0
 20
-7400.0
 10
22200.0
 20
-7200.0
 10
22000.0
 20
-7200.0
  0
LWPOLYLINE
  5
613
330
17
100
AcDbEntity
  8
A-PAVING
100
AcDbPolyline
 90
4
 70
1
 10
22200.0
 20
-7400.0
 10
22400.0
 20
-7400.0
 10
22400.0
 20
-7200.0
 10
22200.0
 20
-7200.0
  0
LWPOLYLINE
  5
614
330
17
100
AcDbEntity
  8
A-PAVING
100
AcDbPolyline
 90
4
 70
1
 10
22400.0
 20
-7400.0
 10
22600.0
 20
-7400.0
 10
22600.0
 20
-7200.0
 10
22400.0
 20
-7200.0
  0
LWPOLYLINE
  5
615
330
17
100
AcDbEntity
  8
A-PAVING
100
AcDbPolyline
 90
4
 70
1
 10
22600.0
 20
-7400.0
 10
22800.0
 20
-7400.0
 10
22800.0
 20
-7200.0
 10
22600.0
 20
-7200.0
  0
LWPOLYLINE
  5
616
330
17
100
AcDbEntity
  8
A-PAVING
100
AcDbPolyline
 90
4
 70
1
 10
22800.0
 20
-7400.0
 10
23000.0
 20
-7400.0
 10
23000.0
 20
-7200.0
 10
22800.0
 20
-7200.0
  0
LWPOLYLINE
  5
617
330
17
100
AcDbEntity
  8
A-PAVING
100
AcDbPolyline
 90
4
 70
1
 10
23000.0
 20
-7400.0
 10
23200.0
 20
-7400.0
 10
23200.0
 20
-7200.0
 10
23000.0
 20
-7200.0
  0
LWPOLYLINE
  5
618
330
17
100
AcDbEntity
  8
A-PAVING
100
AcDbPolyline
 90
4
 70
1
 10
23200.0
 20
-7400.0
 10
23400.0
 20
-7400.0
 10
23400.0
 20
-7200.0
 10
23200.0
 20
-7200.0
  0
LWPOLYLINE
  5
619
330
17
100
AcDbEntity
  8
A-PAVING
100
AcDbPolyline
 90
4
 70
1
 10
23400.0
 20
-7400.0
 10
23600.0
 20
-7400.0
 10
23600.0
 20
-7200.0
 10
23400.0
 20
-7200.0
  0
LWPOLYLINE
  5
61A
330
17
100
AcDbEntity
  8
A-PAVING
100
AcDbPolyline
 90
4
 70
1
 10
23600.0
 20
-7400.0
 10
23800.0
 20
-7400.0
 10
23800.0
 20
-7200.0
 10
23600.0
 20
-7200.0
  0
LWPOLYLINE
  5
61B
330
17
100
AcDbEntity
  8
A-PAVING
100
AcDbPolyline
 90
4
 70
1
 10
23800.0
 20
-7400.0
 10
24000.0
 20
-7400.0
 10
24000.0
 20
-7200.0
 10
23800.0
 20
-7200.0
  0
LWPOLYLINE
  5
61C
330
17
100
AcDbEntity
  8
A-PAVING
100
AcDbPolyline
 90
4
 70
1
 10
24000.0
 20
-7400.0
 10
24200.0
 20
-7400.0
 10
24200.0
 20
-7200.0
 10
24000.0
 20
-7200.0
  0
LWPOLYLINE
  5
61D
330
17
100
AcDbEntity
  8
A-PAVING
100
AcDbPolyline
 90
4
 70
1
 10
24200.0
 20
-7400.0
 10
24400.0
 20
-7400.0
 10
24400.0
 20
-7200.0
 10
24200.0
 20
-7200.0
  0
LWPOLYLINE
  5
61E
330
17
100
AcDbEntity
  8
A-PAVING
100
AcDbPolyline
 90
4
 70
1
 10
24400.0
 20
-7400.0
 10
24600.0
 20
-7400.0
 10
24600.0
 20
-7200.0
 10
24400.0
 20
-7200.0
  0
LWPOLYLINE
  5
61F
330
17
100
AcDbEntity
  8
A-PAVING
100
AcDbPolyline
 90
4
 70
1
 10
24600.0
 20
-7400.0
 10
24800.0
 20
-7400.0
 10
24800.0
 20
-7200.0
 10
24600.0
 20
-7200.0
  0
LWPOLYLINE
  5
620
330
17
100
AcDbEntity
  8
A-PAVING
100
AcDbPolyline
 90
4
 70
1
 10
24800.0
 20
-7400.0
 10
25000.0
 20
-7400.0
 10
25000.0
 20
-7200.0
 10
24800.0
 20
-7200.0
  0
LWPOLYLINE
  5
621
330
17
100
AcDbEntity
  8
A-PAVING
100
AcDbPolyline
 90
4
 70
1
 10
25000.0
 20
-7400.0
 10
25200.0
 20
-7400.0
 10
25200.0
 20
-7200.0
 10
25000.0
 20
-7200.0
  0
LWPOLYLINE
  5
622
330
17
100
AcDbEntity
  8
A-PAVING
100
AcDbPolyline
 90
4
 70
1
 10
25200.0
 20
-7400.0
 10
25400.0
 20
-7400.0
 10
25400.0
 20
-7200.0
 10
25200.0
 20
-7200.0
  0
LWPOLYLINE
  5
623
330
17
100
AcDbEntity
  8
A-PAVING
100
AcDbPolyline
 90
4
 70
1
 10
25400.0
 20
-7400.0
 10
25600.0
 20
-7400.0
 10
25600.0
 20
-7200.0
 10
25400.0
 20
-7200.0
  0
LWPOLYLINE
  5
624
330
17
100
AcDbEntity
  8
A-PAVING
100
AcDbPolyline
 90
4
 70
1
 10
25600.0
 20
-7400.0
 10
25800.0
 20
-7400.0
 10
25800.0
 20
-7200.0
 10
25600.0
 20
-7200.0
  0
LWPOLYLINE
  5
625
330
17
100
AcDbEntity
  8
A-PAVING
100
AcDbPolyline
 90
4
 70
1
 10
25800.0
 20
-7400.0
 10
26000.0
 20
-7400.0
 10
26000.0
 20
-7200.0
 10
25800.0
 20
-7200.0
  0
LWPOLYLINE
  5
626
330
17
100
AcDbEntity
  8
A-PAVING
100
AcDbPolyline
 90
4
 70
1
 10
26000.0
 20
-7400.0
 10
26200.0
 20
-7400.0
 10
26200.0
 20
-7200.0
 10
26000.0
 20
-7200.0
  0
LWPOLYLINE
  5
627
330
17
100
AcDbEntity
  8
A-PAVING
100
AcDbPolyline
 90
4
 70
1
 10
26200.0
 20
-7400.0
 10
26400.0
 20
-7400.0
 10
26400.0
 20
-7200.0
 10
26200.0
 20
-7200.0
  0
LWPOLYLINE
  5
628
330
17
100
AcDbEntity
  8
A-PAVING
100
AcDbPolyline
 90
4
 70
1
 10
26400.0
 20
-7400.0
 10
26600.0
 20
-7400.0
 10
26600.0
 20
-7200.0
 10
26400.0
 20
-7200.0
  0
LWPOLYLINE
  5
629
330
17
100
AcDbEntity
  8
A-PAVING
100
AcDbPolyline
 90
4
 70
1
 10
26600.0
 20
-7400.0
 10
26800.0
 20
-7400.0
 10
26800.0
 20
-7200.0
 10
26600.0
 20
-7200.0
  0
LWPOLYLINE
  5
62A
330
17
100
AcDbEntity
  8
A-PAVING
100
AcDbPolyline
 90
4
 70
1
 10
26800.0
 20
-7400.0
 10
27000.0
 20
-7400.0
 10
27000.0
 20
-7200.0
 10
26800.0
 20
-7200.0
  0
LWPOLYLINE
  5
62B
330
17
100
AcDbEntity
  8
A-PAVING
100
AcDbPolyline
 90
4
 70
1
 10
27000.0
 20
-7400.0
 10
27200.0
 20
-7400.0
 10
27200.0
 20
-7200.0
 10
27000.0
 20
-7200.0
  0
LWPOLYLINE
  5
62C
330
17
100
AcDbEntity
  8
A-PAVING
100
AcDbPolyline
 90
4
 70
1
 10
21000.0
 20
-7600.0
 10
21200.0
 20
-7600.0
 10
21200.0
 20
-7400.0
 10
21000.0
 20
-7400.0
  0
LWPOLYLINE
  5
62D
330
17
100
AcDbEntity
  8
A-PAVING
100
AcDbPolyline
 90
4
 70
1
 10
21200.0
 20
-7600.0
 10
21400.0
 20
-7600.0
 10
21400.0
 20
-7400.0
 10
21200.0
 20
-7400.0
  0
LWPOLYLINE
  5
62E
330
17
100
AcDbEntity
  8
A-PAVING
100
AcDbPolyline
 90
4
 70
1
 10
21400.0
 20
-7600.0
 10
21600.0
 20
-7600.0
 10
21600.0
 20
-7400.0
 10
21400.0
 20
-7400.0
  0
LWPOLYLINE
  5
62F
330
17
100
AcDbEntity
  8
A-PAVING
100
AcDbPolyline
 90
4
 70
1
 10
21600.0
 20
-7600.0
 10
21800.0
 20
-7600.0
 10
21800.0
 20
-7400.0
 10
21600.0
 20
-7400.0
  0
LWPOLYLINE
  5
630
330
17
100
AcDbEntity
  8
A-PAVING
100
AcDbPolyline
 90
4
 70
1
 10
21800.0
 20
-7600.0
 10
22000.0
 20
-7600.0
 10
22000.0
 20
-7400.0
 10
21800.0
 20
-7400.0
  0
LWPOLYLINE
  5
631
330
17
100
AcDbEntity
  8
A-PAVING
100
AcDbPolyline
 90
4
 70
1
 10
22000.0
 20
-7600.0
 10
22200.0
 20
-7600.0
 10
22200.0
 20
-7400.0
 10
22000.0
 20
-7400.0
  0
LWPOLYLINE
  5
632
330
17
100
AcDbEntity
  8
A-PAVING
100
AcDbPolyline
 90
4
 70
1
 10
22200.0
 20
-7600.0
 10
22400.0
 20
-7600.0
 10
22400.0
 20
-7400.0
 10
22200.0
 20
-7400.0
  0
LWPOLYLINE
  5
633
330
17
100
AcDbEntity
  8
A-PAVING
100
AcDbPolyline
 90
4
 70
1
 10
22400.0
 20
-7600.0
 10
22600.0
 20
-7600.0
 10
22600.0
 20
-7400.0
 10
22400.0
 20
-7400.0
  0
LWPOLYLINE
  5
634
330
17
100
AcDbEntity
  8
A-PAVING
100
AcDbPolyline
 90
4
 70
1
 10
22600.0
 20
-7600.0
 10
22800.0
 20
-7600.0
 10
22800.0
 20
-7400.0
 10
22600.0
 20
-7400.0
  0
LWPOLYLINE
  5
635
330
17
100
AcDbEntity
  8
A-PAVING
100
AcDbPolyline
 90
4
 70
1
 10
22800.0
 20
-7600.0
 10
23000.0
 20
-7600.0
 10
23000.0
 20
-7400.0
 10
22800.0
 20
-7400.0
  0
LWPOLYLINE
  5
636
330
17
100
AcDbEntity
  8
A-PAVING
100
AcDbPolyline
 90
4
 70
1
 10
23000.0
 20
-7600.0
 10
23200.0
 20
-7600.0
 10
23200.0
 20
-7400.0
 10
23000.0
 20
-7400.0
  0
LWPOLYLINE
  5
637
330
17
100
AcDbEntity
  8
A-PAVING
100
AcDbPolyline
 90
4
 70
1
 10
23200.0
 20
-7600.0
 10
23400.0
 20
-7600.0
 10
23400.0
 20
-7400.0
 10
23200.0
 20
-7400.0
  0
LWPOLYLINE
  5
638
330
17
100
AcDbEntity
  8
A-PAVING
100
AcDbPolyline
 90
4
 70
1
 10
23400.0
 20
-7600.0
 10
23600.0
 20
-7600.0
 10
23600.0
 20
-7400.0
 10
23400.0
 20
-7400.0
  0
LWPOLYLINE
  5
639
330
17
100
AcDbEntity
  8
A-PAVING
100
AcDbPolyline
 90
4
 70
1
 10
23600.0
 20
-7600.0
 10
23800.0
 20
-7600.0
 10
23800.0
 20
-7400.0
 10
23600.0
 20
-7400.0
  0
LWPOLYLINE
  5
63A
330
17
100
AcDbEntity
  8
A-PAVING
100
AcDbPolyline
 90
4
 70
1
 10
23800.0
 20
-7600.0
 10
24000.0
 20
-7600.0
 10
24000.0
 20
-7400.0
 10
23800.0
 20
-7400.0
  0
LWPOLYLINE
  5
63B
330
17
100
AcDbEntity
  8
A-PAVING
100
AcDbPolyline
 90
4
 70
1
 10
24000.0
 20
-7600.0
 10
24200.0
 20
-7600.0
 10
24200.0
 20
-7400.0
 10
24000.0
 20
-7400.0
  0
LWPOLYLINE
  5
63C
330
17
100
AcDbEntity
  8
A-PAVING
100
AcDbPolyline
 90
4
 70
1
 10
24200.0
 20
-7600.0
 10
24400.0
 20
-7600.0
 10
24400.0
 20
-7400.0
 10
24200.0
 20
-7400.0
  0
LWPOLYLINE
  5
63D
330
17
100
AcDbEntity
  8
A-PAVING
100
AcDbPolyline
 90
4
 70
1
 10
24400.0
 20
-7600.0
 10
24600.0
 20
-7600.0
 10
24600.0
 20
-7400.0
 10
24400.0
 20
-7400.0
  0
LWPOLYLINE
  5
63E
330
17
100
AcDbEntity
  8
A-PAVING
100
AcDbPolyline
 90
4
 70
1
 10
24600.0
 20
-7600.0
 10
24800.0
 20
-7600.0
 10
24800.0
 20
-7400.0
 10
24600.0
 20
-7400.0
  0
LWPOLYLINE
  5
63F
330
17
100
AcDbEntity
  8
A-PAVING
100
AcDbPolyline
 90
4
 70
1
 10
24800.0
 20
-7600.0
 10
25000.0
 20
-7600.0
 10
25000.0
 20
-7400.0
 10
24800.0
 20
-7400.0
  0
LWPOLYLINE
  5
640
330
17
100
AcDbEntity
  8
A-PAVING
100
AcDbPolyline
 90
4
 70
1
 10
25000.0
 20
-7600.0
 10
25200.0
 20
-7600.0
 10
25200.0
 20
-7400.0
 10
25000.0
 20
-7400.0
  0
LWPOLYLINE
  5
641
330
17
100
AcDbEntity
  8
A-PAVING
100
AcDbPolyline
 90
4
 70
1
 10
25200.0
 20
-7600.0
 10
25400.0
 20
-7600.0
 10
25400.0
 20
-7400.0
 10
25200.0
 20
-7400.0
  0
LWPOLYLINE
  5
642
330
17
100
AcDbEntity
  8
A-PAVING
100
AcDbPolyline
 90
4
 70
1
 10
25400.0
 20
-7600.0
 10
25600.0
 20
-7600.0
 10
25600.0
 20
-7400.0
 10
25400.0
 20
-7400.0
  0
LWPOLYLINE
  5
643
330
17
100
AcDbEntity
  8
A-PAVING
100
AcDbPolyline
 90
4
 70
1
 10
25600.0
 20
-7600.0
 10
25800.0
 20
-7600.0
 10
25800.0
 20
-7400.0
 10
25600.0
 20
-7400.0
  0
LWPOLYLINE
  5
644
330
17
100
AcDbEntity
  8
A-PAVING
100
AcDbPolyline
 90
4
 70
1
 10
25800.0
 20
-7600.0
 10
26000.0
 20
-7600.0
 10
26000.0
 20
-7400.0
 10
25800.0
 20
-7400.0
  0
LWPOLYLINE
  5
645
330
17
100
AcDbEntity
  8
A-PAVING
100
AcDbPolyline
 90
4
 70
1
 10
26000.0
 20
-7600.0
 10
26200.0
 20
-7600.0
 10
26200.0
 20
-7400.0
 10
26000.0
 20
-7400.0
  0
LWPOLYLINE
  5
646
330
17
100
AcDbEntity
  8
A-PAVING
100
AcDbPolyline
 90
4
 70
1
 10
26200.0
 20
-7600.0
 10
26400.0
 20
-7600.0
 10
26400.0
 20
-7400.0
 10
26200.0
 20
-7400.0
  0
LWPOLYLINE
  5
647
330
17
100
AcDbEntity
  8
A-PAVING
100
AcDbPolyline
 90
4
 70
1
 10
26400.0
 20
-7600.0
 10
26600.0
 20
-7600.0
 10
26600.0
 20
-7400.0
 10
26400.0
 20
-7400.0
  0
LWPOLYLINE
  5
648
330
17
100
AcDbEntity
  8
A-PAVING
100
AcDbPolyline
 90
4
 70
1
 10
26600.0
 20
-7600.0
 10
26800.0
 20
-7600.0
 10
26800.0
 20
-7400.0
 10
26600.0
 20
-7400.0
  0
LWPOLYLINE
  5
649
330
17
100
AcDbEntity
  8
A-PAVING
100
AcDbPolyline
 90
4
 70
1
 10
26800.0
 20
-7600.0
 10
27000.0
 20
-7600.0
 10
27000.0
 20
-7400.0
 10
26800.0
 20
-7400.0
  0
LWPOLYLINE
  5
64A
330
17
100
AcDbEntity
  8
A-PAVING
100
AcDbPolyline
 90
4
 70
1
 10
27000.0
 20
-7600.0
 10
27200.0
 20
-7600.0
 10
27200.0
 20
-7400.0
 10
27000.0
 20
-7400.0
  0
LWPOLYLINE
  5
64B
330
17
100
AcDbEntity
  8
A-PAVING
100
AcDbPolyline
 90
4
 70
1
 10
21000.0
 20
-7800.0
 10
21200.0
 20
-7800.0
 10
21200.0
 20
-7600.0
 10
21000.0
 20
-7600.0
  0
LWPOLYLINE
  5
64C
330
17
100
AcDbEntity
  8
A-PAVING
100
AcDbPolyline
 90
4
 70
1
 10
21200.0
 20
-7800.0
 10
21400.0
 20
-7800.0
 10
21400.0
 20
-7600.0
 10
21200.0
 20
-7600.0
  0
LWPOLYLINE
  5
64D
330
17
100
AcDbEntity
  8
A-PAVING
100
AcDbPolyline
 90
4
 70
1
 10
21400.0
 20
-7800.0
 10
21600.0
 20
-7800.0
 10
21600.0
 20
-7600.0
 10
21400.0
 20
-7600.0
  0
LWPOLYLINE
  5
64E
330
17
100
AcDbEntity
  8
A-PAVING
100
AcDbPolyline
 90
4
 70
1
 10
21600.0
 20
-7800.0
 10
21800.0
 20
-7800.0
 10
21800.0
 20
-7600.0
 10
21600.0
 20
-7600.0
  0
LWPOLYLINE
  5
64F
330
17
100
AcDbEntity
  8
A-PAVING
100
AcDbPolyline
 90
4
 70
1
 10
21800.0
 20
-7800.0
 10
22000.0
 20
-7800.0
 10
22000.0
 20
-7600.0
 10
21800.0
 20
-7600.0
  0
LWPOLYLINE
  5
650
330
17
100
AcDbEntity
  8
A-PAVING
100
AcDbPolyline
 90
4
 70
1
 10
22000.0
 20
-7800.0
 10
22200.0
 20
-7800.0
 10
22200.0
 20
-7600.0
 10
22000.0
 20
-7600.0
  0
LWPOLYLINE
  5
651
330
17
100
AcDbEntity
  8
A-PAVING
100
AcDbPolyline
 90
4
 70
1
 10
22200.0
 20
-7800.0
 10
22400.0
 20
-7800.0
 10
22400.0
 20
-7600.0
 10
22200.0
 20
-7600.0
  0
LWPOLYLINE
  5
652
330
17
100
AcDbEntity
  8
A-PAVING
100
AcDbPolyline
 90
4
 70
1
 10
22400.0
 20
-7800.0
 10
22600.0
 20
-7800.0
 10
22600.0
 20
-7600.0
 10
22400.0
 20
-7600.0
  0
LWPOLYLINE
  5
653
330
17
100
AcDbEntity
  8
A-PAVING
100
AcDbPolyline
 90
4
 70
1
 10
22600.0
 20
-7800.0
 10
22800.0
 20
-7800.0
 10
22800.0
 20
-7600.0
 10
22600.0
 20
-7600.0
  0
LWPOLYLINE
  5
654
330
17
100
AcDbEntity
  8
A-PAVING
100
AcDbPolyline
 90
4
 70
1
 10
22800.0
 20
-7800.0
 10
23000.0
 20
-7800.0
 10
23000.0
 20
-7600.0
 10
22800.0
 20
-7600.0
  0
LWPOLYLINE
  5
655
330
17
100
AcDbEntity
  8
A-PAVING
100
AcDbPolyline
 90
4
 70
1
 10
23000.0
 20
-7800.0
 10
23200.0
 20
-7800.0
 10
23200.0
 20
-7600.0
 10
23000.0
 20
-7600.0
  0
LWPOLYLINE
  5
656
330
17
100
AcDbEntity
  8
A-PAVING
100
AcDbPolyline
 90
4
 70
1
 10
23200.0
 20
-7800.0
 10
23400.0
 20
-7800.0
 10
23400.0
 20
-7600.0
 10
23200.0
 20
-7600.0
  0
LWPOLYLINE
  5
657
330
17
100
AcDbEntity
  8
A-PAVING
100
AcDbPolyline
 90
4
 70
1
 10
23400.0
 20
-7800.0
 10
23600.0
 20
-7800.0
 10
23600.0
 20
-7600.0
 10
23400.0
 20
-7600.0
  0
LWPOLYLINE
  5
658
330
17
100
AcDbEntity
  8
A-PAVING
100
AcDbPolyline
 90
4
 70
1
 10
23600.0
 20
-7800.0
 10
23800.0
 20
-7800.0
 10
23800.0
 20
-7600.0
 10
23600.0
 20
-7600.0
  0
LWPOLYLINE
  5
659
330
17
100
AcDbEntity
  8
A-PAVING
100
AcDbPolyline
 90
4
 70
1
 10
23800.0
 20
-7800.0
 10
24000.0
 20
-7800.0
 10
24000.0
 20
-7600.0
 10
23800.0
 20
-7600.0
  0
LWPOLYLINE
  5
65A
330
17
100
AcDbEntity
  8
A-PAVING
100
AcDbPolyline
 90
4
 70
1
 10
24000.0
 20
-7800.0
 10
24200.0
 20
-7800.0
 10
24200.0
 20
-7600.0
 10
24000.0
 20
-7600.0
  0
LWPOLYLINE
  5
65B
330
17
100
AcDbEntity
  8
A-PAVING
100
AcDbPolyline
 90
4
 70
1
 10
24200.0
 20
-7800.0
 10
24400.0
 20
-7800.0
 10
24400.0
 20
-7600.0
 10
24200.0
 20
-7600.0
  0
LWPOLYLINE
  5
65C
330
17
100
AcDbEntity
  8
A-PAVING
100
AcDbPolyline
 90
4
 70
1
 10
24400.0
 20
-7800.0
 10
24600.0
 20
-7800.0
 10
24600.0
 20
-7600.0
 10
24400.0
 20
-7600.0
  0
LWPOLYLINE
  5
65D
330
17
100
AcDbEntity
  8
A-PAVING
100
AcDbPolyline
 90
4
 70
1
 10
24600.0
 20
-7800.0
 10
24800.0
 20
-7800.0
 10
24800.0
 20
-7600.0
 10
24600.0
 20
-7600.0
  0
LWPOLYLINE
  5
65E
330
17
100
AcDbEntity
  8
A-PAVING
100
AcDbPolyline
 90
4
 70
1
 10
24800.0
 20
-7800.0
 10
25000.0
 20
-7800.0
 10
25000.0
 20
-7600.0
 10
24800.0
 20
-7600.0
  0
LWPOLYLINE
  5
65F
330
17
100
AcDbEntity
  8
A-PAVING
100
AcDbPolyline
 90
4
 70
1
 10
25000.0
 20
-7800.0
 10
25200.0
 20
-7800.0
 10
25200.0
 20
-7600.0
 10
25000.0
 20
-7600.0
  0
LWPOLYLINE
  5
660
330
17
100
AcDbEntity
  8
A-PAVING
100
AcDbPolyline
 90
4
 70
1
 10
25200.0
 20
-7800.0
 10
25400.0
 20
-7800.0
 10
25400.0
 20
-7600.0
 10
25200.0
 20
-7600.0
  0
LWPOLYLINE
  5
661
330
17
100
AcDbEntity
  8
A-PAVING
100
AcDbPolyline
 90
4
 70
1
 10
25400.0
 20
-7800.0
 10
25600.0
 20
-7800.0
 10
25600.0
 20
-7600.0
 10
25400.0
 20
-7600.0
  0
LWPOLYLINE
  5
662
330
17
100
AcDbEntity
  8
A-PAVING
100
AcDbPolyline
 90
4
 70
1
 10
25600.0
 20
-7800.0
 10
25800.0
 20
-7800.0
 10
25800.0
 20
-7600.0
 10
25600.0
 20
-7600.0
  0
LWPOLYLINE
  5
663
330
17
100
AcDbEntity
  8
A-PAVING
100
AcDbPolyline
 90
4
 70
1
 10
25800.0
 20
-7800.0
 10
26000.0
 20
-7800.0
 10
26000.0
 20
-7600.0
 10
25800.0
 20
-7600.0
  0
LWPOLYLINE
  5
664
330
17
100
AcDbEntity
  8
A-PAVING
100
AcDbPolyline
 90
4
 70
1
 10
26000.0
 20
-7800.0
 10
26200.0
 20
-7800.0
 10
26200.0
 20
-7600.0
 10
26000.0
 20
-7600.0
  0
LWPOLYLINE
  5
665
330
17
100
AcDbEntity
  8
A-PAVING
100
AcDbPolyline
 90
4
 70
1
 10
26200.0
 20
-7800.0
 10
26400.0
 20
-7800.0
 10
26400.0
 20
-7600.0
 10
26200.0
 20
-7600.0
  0
LWPOLYLINE
  5
666
330
17
100
AcDbEntity
  8
A-PAVING
100
AcDbPolyline
 90
4
 70
1
 10
26400.0
 20
-7800.0
 10
26600.0
 20
-7800.0
 10
26600.0
 20
-7600.0
 10
26400.0
 20
-7600.0
  0
LWPOLYLINE
  5
667
330
17
100
AcDbEntity
  8
A-PAVING
100
AcDbPolyline
 90
4
 70
1
 10
26600.0
 20
-7800.0
 10
26800.0
 20
-7800.0
 10
26800.0
 20
-7600.0
 10
26600.0
 20
-7600.0
  0
LWPOLYLINE
  5
668
330
17
100
AcDbEntity
  8
A-PAVING
100
AcDbPolyline
 90
4
 70
1
 10
26800.0
 20
-7800.0
 10
27000.0
 20
-7800.0
 10
27000.0
 20
-7600.0
 10
26800.0
 20
-7600.0
  0
LWPOLYLINE
  5
669
330
17
100
AcDbEntity
  8
A-PAVING
100
AcDbPolyline
 90
4
 70
1
 10
27000.0
 20
-7800.0
 10
27200.0
 20
-7800.0
 10
27200.0
 20
-7600.0
 10
27000.0
 20
-7600.0
  0
LWPOLYLINE
  5
66A
330
17
100
AcDbEntity
  8
A-PAVING
100
AcDbPolyline
 90
4
 70
1
 10
21000.0
 20
-8000.0
 10
21200.0
 20
-8000.0
 10
21200.0
 20
-7800.0
 10
21000.0
 20
-7800.0
  0
LWPOLYLINE
  5
66B
330
17
100
AcDbEntity
  8
A-PAVING
100
AcDbPolyline
 90
4
 70
1
 10
21200.0
 20
-8000.0
 10
21400.0
 20
-8000.0
 10
21400.0
 20
-7800.0
 10
21200.0
 20
-7800.0
  0
LWPOLYLINE
  5
66C
330
17
100
AcDbEntity
  8
A-PAVING
100
AcDbPolyline
 90
4
 70
1
 10
21400.0
 20
-8000.0
 10
21600.0
 20
-8000.0
 10
21600.0
 20
-7800.0
 10
21400.0
 20
-7800.0
  0
LWPOLYLINE
  5
66D
330
17
100
AcDbEntity
  8
A-PAVING
100
AcDbPolyline
 90
4
 70
1
 10
21600.0
 20
-8000.0
 10
21800.0
 20
-8000.0
 10
21800.0
 20
-7800.0
 10
21600.0
 20
-7800.0
  0
LWPOLYLINE
  5
66E
330
17
100
AcDbEntity
  8
A-PAVING
100
AcDbPolyline
 90
4
 70
1
 10
21800.0
 20
-8000.0
 10
22000.0
 20
-8000.0
 10
22000.0
 20
-7800.0
 10
21800.0
 20
-7800.0
  0
LWPOLYLINE
  5
66F
330
17
100
AcDbEntity
  8
A-PAVING
100
AcDbPolyline
 90
4
 70
1
 10
22000.0
 20
-8000.0
 10
22200.0
 20
-8000.0
 10
22200.0
 20
-7800.0
 10
22000.0
 20
-7800.0
  0
LWPOLYLINE
  5
670
330
17
100
AcDbEntity
  8
A-PAVING
100
AcDbPolyline
 90
4
 70
1
 10
22200.0
 20
-8000.0
 10
22400.0
 20
-8000.0
 10
22400.0
 20
-7800.0
 10
22200.0
 20
-7800.0
  0
LWPOLYLINE
  5
671
330
17
100
AcDbEntity
  8
A-PAVING
100
AcDbPolyline
 90
4
 70
1
 10
22400.0
 20
-8000.0
 10
22600.0
 20
-8000.0
 10
22600.0
 20
-7800.0
 10
22400.0
 20
-7800.0
  0
LWPOLYLINE
  5
672
330
17
100
AcDbEntity
  8
A-PAVING
100
AcDbPolyline
 90
4
 70
1
 10
22600.0
 20
-8000.0
 10
22800.0
 20
-8000.0
 10
22800.0
 20
-7800.0
 10
22600.0
 20
-7800.0
  0
LWPOLYLINE
  5
673
330
17
100
AcDbEntity
  8
A-PAVING
100
AcDbPolyline
 90
4
 70
1
 10
22800.0
 20
-8000.0
 10
23000.0
 20
-8000.0
 10
23000.0
 20
-7800.0
 10
22800.0
 20
-7800.0
  0
LWPOLYLINE
  5
674
330
17
100
AcDbEntity
  8
A-PAVING
100
AcDbPolyline
 90
4
 70
1
 10
23000.0
 20
-8000.0
 10
23200.0
 20
-8000.0
 10
23200.0
 20
-7800.0
 10
23000.0
 20
-7800.0
  0
LWPOLYLINE
  5
675
330
17
100
AcDbEntity
  8
A-PAVING
100
AcDbPolyline
 90
4
 70
1
 10
23200.0
 20
-8000.0
 10
23400.0
 20
-8000.0
 10
23400.0
 20
-7800.0
 10
23200.0
 20
-7800.0
  0
LWPOLYLINE
  5
676
330
17
100
AcDbEntity
  8
A-PAVING
100
AcDbPolyline
 90
4
 70
1
 10
23400.0
 20
-8000.0
 10
23600.0
 20
-8000.0
 10
23600.0
 20
-7800.0
 10
23400.0
 20
-7800.0
  0
LWPOLYLINE
  5
677
330
17
100
AcDbEntity
  8
A-PAVING
100
AcDbPolyline
 90
4
 70
1
 10
23600.0
 20
-8000.0
 10
23800.0
 20
-8000.0
 10
23800.0
 20
-7800.0
 10
23600.0
 20
-7800.0
  0
LWPOLYLINE
  5
678
330
17
100
AcDbEntity
  8
A-PAVING
100
AcDbPolyline
 90
4
 70
1
 10
23800.0
 20
-8000.0
 10
24000.0
 20
-8000.0
 10
24000.0
 20
-7800.0
 10
23800.0
 20
-7800.0
  0
LWPOLYLINE
  5
679
330
17
100
AcDbEntity
  8
A-PAVING
100
AcDbPolyline
 90
4
 70
1
 10
24000.0
 20
-8000.0
 10
24200.0
 20
-8000.0
 10
24200.0
 20
-7800.0
 10
24000.0
 20
-7800.0
  0
LWPOLYLINE
  5
67A
330
17
100
AcDbEntity
  8
A-PAVING
100
AcDbPolyline
 90
4
 70
1
 10
24200.0
 20
-8000.0
 10
24400.0
 20
-8000.0
 10
24400.0
 20
-7800.0
 10
24200.0
 20
-7800.0
  0
LWPOLYLINE
  5
67B
330
17
100
AcDbEntity
  8
A-PAVING
100
AcDbPolyline
 90
4
 70
1
 10
24400.0
 20
-8000.0
 10
24600.0
 20
-8000.0
 10
24600.0
 20
-7800.0
 10
24400.0
 20
-7800.0
  0
LWPOLYLINE
  5
67C
330
17
100
AcDbEntity
  8
A-PAVING
100
AcDbPolyline
 90
4
 70
1
 10
24600.0
 20
-8000.0
 10
24800.0
 20
-8000.0
 10
24800.0
 20
-7800.0
 10
24600.0
 20
-7800.0
  0
LWPOLYLINE
  5
67D
330
17
100
AcDbEntity
  8
A-PAVING
100
AcDbPolyline
 90
4
 70
1
 10
24800.0
 20
-8000.0
 10
25000.0
 20
-8000.0
 10
25000.0
 20
-7800.0
 10
24800.0
 20
-7800.0
  0
LWPOLYLINE
  5
67E
330
17
100
AcDbEntity
  8
A-PAVING
100
AcDbPolyline
 90
4
 70
1
 10
25000.0
 20
-8000.0
 10
25200.0
 20
-8000.0
 10
25200.0
 20
-7800.0
 10
25000.0
 20
-7800.0
  0
LWPOLYLINE
  5
67F
330
17
100
AcDbEntity
  8
A-PAVING
100
AcDbPolyline
 90
4
 70
1
 10
25200.0
 20
-8000.0
 10
25400.0
 20
-8000.0
 10
25400.0
 20
-7800.0
 10
25200.0
 20
-7800.0
  0
LWPOLYLINE
  5
680
330
17
100
AcDbEntity
  8
A-PAVING
100
AcDbPolyline
 90
4
 70
1
 10
25400.0
 20
-8000.0
 10
25600.0
 20
-8000.0
 10
25600.0
 20
-7800.0
 10
25400.0
 20
-7800.0
  0
LWPOLYLINE
  5
681
330
17
100
AcDbEntity
  8
A-PAVING
100
AcDbPolyline
 90
4
 70
1
 10
25600.0
 20
-8000.0
 10
25800.0
 20
-8000.0
 10
25800.0
 20
-7800.0
 10
25600.0
 20
-7800.0
  0
LWPOLYLINE
  5
682
330
17
100
AcDbEntity
  8
A-PAVING
100
AcDbPolyline
 90
4
 70
1
 10
25800.0
 20
-8000.0
 10
26000.0
 20
-8000.0
 10
26000.0
 20
-7800.0
 10
25800.0
 20
-7800.0
  0
LWPOLYLINE
  5
683
330
17
100
AcDbEntity
  8
A-PAVING
100
AcDbPolyline
 90
4
 70
1
 10
26000.0
 20
-8000.0
 10
26200.0
 20
-8000.0
 10
26200.0
 20
-7800.0
 10
26000.0
 20
-7800.0
  0
LWPOLYLINE
  5
684
330
17
100
AcDbEntity
  8
A-PAVING
100
AcDbPolyline
 90
4
 70
1
 10
26200.0
 20
-8000.0
 10
26400.0
 20
-8000.0
 10
26400.0
 20
-7800.0
 10
26200.0
 20
-7800.0
  0
LWPOLYLINE
  5
685
330
17
100
AcDbEntity
  8
A-PAVING
100
AcDbPolyline
 90
4
 70
1
 10
26400.0
 20
-8000.0
 10
26600.0
 20
-8000.0
 10
26600.0
 20
-7800.0
 10
26400.0
 20
-7800.0
  0
LWPOLYLINE
  5
686
330
17
100
AcDbEntity
  8
A-PAVING
100
AcDbPolyline
 90
4
 70
1
 10
26600.0
 20
-8000.0
 10
26800.0
 20
-8000.0
 10
26800.0
 20
-7800.0
 10
26600.0
 20
-7800.0
  0
LWPOLYLINE
  5
687
330
17
100
AcDbEntity
  8
A-PAVING
100
AcDbPolyline
 90
4
 70
1
 10
26800.0
 20
-8000.0
 10
27000.0
 20
-8000.0
 10
27000.0
 20
-7800.0
 10
26800.0
 20
-7800.0
  0
LWPOLYLINE
  5
688
330
17
100
AcDbEntity
  8
A-PAVING
100
AcDbPolyline
 90
4
 70
1
 10
27000.0
 20
-8000.0
 10
27200.0
 20
-8000.0
 10
27200.0
 20
-7800.0
 10
27000.0
 20
-7800.0
  0
LWPOLYLINE
  5
689
330
17
100
AcDbEntity
  8
A-PAVING
100
AcDbPolyline
 90
4
 70
1
 10
21000.0
 20
-8200.0
 10
21200.0
 20
-8200.0
 10
21200.0
 20
-8000.0
 10
21000.0
 20
-8000.0
  0
LWPOLYLINE
  5
68A
330
17
100
AcDbEntity
  8
A-PAVING
100
AcDbPolyline
 90
4
 70
1
 10
21200.0
 20
-8200.0
 10
21400.0
 20
-8200.0
 10
21400.0
 20
-8000.0
 10
21200.0
 20
-8000.0
  0
LWPOLYLINE
  5
68B
330
17
100
AcDbEntity
  8
A-PAVING
100
AcDbPolyline
 90
4
 70
1
 10
21400.0
 20
-8200.0
 10
21600.0
 20
-8200.0
 10
21600.0
 20
-8000.0
 10
21400.0
 20
-8000.0
  0
LWPOLYLINE
  5
68C
330
17
100
AcDbEntity
  8
A-PAVING
100
AcDbPolyline
 90
4
 70
1
 10
21600.0
 20
-8200.0
 10
21800.0
 20
-8200.0
 10
21800.0
 20
-8000.0
 10
21600.0
 20
-8000.0
  0
LWPOLYLINE
  5
68D
330
17
100
AcDbEntity
  8
A-PAVING
100
AcDbPolyline
 90
4
 70
1
 10
21800.0
 20
-8200.0
 10
22000.0
 20
-8200.0
 10
22000.0
 20
-8000.0
 10
21800.0
 20
-8000.0
  0
LWPOLYLINE
  5
68E
330
17
100
AcDbEntity
  8
A-PAVING
100
AcDbPolyline
 90
4
 70
1
 10
22000.0
 20
-8200.0
 10
22200.0
 20
-8200.0
 10
22200.0
 20
-8000.0
 10
22000.0
 20
-8000.0
  0
LWPOLYLINE
  5
68F
330
17
100
AcDbEntity
  8
A-PAVING
100
AcDbPolyline
 90
4
 70
1
 10
22200.0
 20
-8200.0
 10
22400.0
 20
-8200.0
 10
22400.0
 20
-8000.0
 10
22200.0
 20
-8000.0
  0
LWPOLYLINE
  5
690
330
17
100
AcDbEntity
  8
A-PAVING
100
AcDbPolyline
 90
4
 70
1
 10
22400.0
 20
-8200.0
 10
22600.0
 20
-8200.0
 10
22600.0
 20
-8000.0
 10
22400.0
 20
-8000.0
  0
LWPOLYLINE
  5
691
330
17
100
AcDbEntity
  8
A-PAVING
100
AcDbPolyline
 90
4
 70
1
 10
22600.0
 20
-8200.0
 10
22800.0
 20
-8200.0
 10
22800.0
 20
-8000.0
 10
22600.0
 20
-8000.0
  0
LWPOLYLINE
  5
692
330
17
100
AcDbEntity
  8
A-PAVING
100
AcDbPolyline
 90
4
 70
1
 10
22800.0
 20
-8200.0
 10
23000.0
 20
-8200.0
 10
23000.0
 20
-8000.0
 10
22800.0
 20
-8000.0
  0
LWPOLYLINE
  5
693
330
17
100
AcDbEntity
  8
A-PAVING
100
AcDbPolyline
 90
4
 70
1
 10
23000.0
 20
-8200.0
 10
23200.0
 20
-8200.0
 10
23200.0
 20
-8000.0
 10
23000.0
 20
-8000.0
  0
LWPOLYLINE
  5
694
330
17
100
AcDbEntity
  8
A-PAVING
100
AcDbPolyline
 90
4
 70
1
 10
23200.0
 20
-8200.0
 10
23400.0
 20
-8200.0
 10
23400.0
 20
-8000.0
 10
23200.0
 20
-8000.0
  0
LWPOLYLINE
  5
695
330
17
100
AcDbEntity
  8
A-PAVING
100
AcDbPolyline
 90
4
 70
1
 10
23400.0
 20
-8200.0
 10
23600.0
 20
-8200.0
 10
23600.0
 20
-8000.0
 10
23400.0
 20
-8000.0
  0
LWPOLYLINE
  5
696
330
17
100
AcDbEntity
  8
A-PAVING
100
AcDbPolyline
 90
4
 70
1
 10
23600.0
 20
-8200.0
 10
23800.0
 20
-8200.0
 10
23800.0
 20
-8000.0
 10
23600.0
 20
-8000.0
  0
LWPOLYLINE
  5
697
330
17
100
AcDbEntity
  8
A-PAVING
100
AcDbPolyline
 90
4
 70
1
 10
23800.0
 20
-8200.0
 10
24000.0
 20
-8200.0
 10
24000.0
 20
-8000.0
 10
23800.0
 20
-8000.0
  0
LWPOLYLINE
  5
698
330
17
100
AcDbEntity
  8
A-PAVING
100
AcDbPolyline
 90
4
 70
1
 10
24000.0
 20
-8200.0
 10
24200.0
 20
-8200.0
 10
24200.0
 20
-8000.0
 10
24000.0
 20
-8000.0
  0
LWPOLYLINE
  5
699
330
17
100
AcDbEntity
  8
A-PAVING
100
AcDbPolyline
 90
4
 70
1
 10
24200.0
 20
-8200.0
 10
24400.0
 20
-8200.0
 10
24400.0
 20
-8000.0
 10
24200.0
 20
-8000.0
  0
LWPOLYLINE
  5
69A
330
17
100
AcDbEntity
  8
A-PAVING
100
AcDbPolyline
 90
4
 70
1
 10
24400.0
 20
-8200.0
 10
24600.0
 20
-8200.0
 10
24600.0
 20
-8000.0
 10
24400.0
 20
-8000.0
  0
LWPOLYLINE
  5
69B
330
17
100
AcDbEntity
  8
A-PAVING
100
AcDbPolyline
 90
4
 70
1
 10
24600.0
 20
-8200.0
 10
24800.0
 20
-8200.0
 10
24800.0
 20
-8000.0
 10
24600.0
 20
-8000.0
  0
LWPOLYLINE
  5
69C
330
17
100
AcDbEntity
  8
A-PAVING
100
AcDbPolyline
 90
4
 70
1
 10
24800.0
 20
-8200.0
 10
25000.0
 20
-8200.0
 10
25000.0
 20
-8000.0
 10
24800.0
 20
-8000.0
  0
LWPOLYLINE
  5
69D
330
17
100
AcDbEntity
  8
A-PAVING
100
AcDbPolyline
 90
4
 70
1
 10
25000.0
 20
-8200.0
 10
25200.0
 20
-8200.0
 10
25200.0
 20
-8000.0
 10
25000.0
 20
-8000.0
  0
LWPOLYLINE
  5
69E
330
17
100
AcDbEntity
  8
A-PAVING
100
AcDbPolyline
 90
4
 70
1
 10
25200.0
 20
-8200.0
 10
25400.0
 20
-8200.0
 10
25400.0
 20
-8000.0
 10
25200.0
 20
-8000.0
  0
LWPOLYLINE
  5
69F
330
17
100
AcDbEntity
  8
A-PAVING
100
AcDbPolyline
 90
4
 70
1
 10
25400.0
 20
-8200.0
 10
25600.0
 20
-8200.0
 10
25600.0
 20
-8000.0
 10
25400.0
 20
-8000.0
  0
LWPOLYLINE
  5
6A0
330
17
100
AcDbEntity
  8
A-PAVING
100
AcDbPolyline
 90
4
 70
1
 10
25600.0
 20
-8200.0
 10
25800.0
 20
-8200.0
 10
25800.0
 20
-8000.0
 10
25600.0
 20
-8000.0
  0
LWPOLYLINE
  5
6A1
330
17
100
AcDbEntity
  8
A-PAVING
100
AcDbPolyline
 90
4
 70
1
 10
25800.0
 20
-8200.0
 10
26000.0
 20
-8200.0
 10
26000.0
 20
-8000.0
 10
25800.0
 20
-8000.0
  0
LWPOLYLINE
  5
6A2
330
17
100
AcDbEntity
  8
A-PAVING
100
AcDbPolyline
 90
4
 70
1
 10
26000.0
 20
-8200.0
 10
26200.0
 20
-8200.0
 10
26200.0
 20
-8000.0
 10
26000.0
 20
-8000.0
  0
LWPOLYLINE
  5
6A3
330
17
100
AcDbEntity
  8
A-PAVING
100
AcDbPolyline
 90
4
 70
1
 10
26200.0
 20
-8200.0
 10
26400.0
 20
-8200.0
 10
26400.0
 20
-8000.0
 10
26200.0
 20
-8000.0
  0
LWPOLYLINE
  5
6A4
330
17
100
AcDbEntity
  8
A-PAVING
100
AcDbPolyline
 90
4
 70
1
 10
26400.0
 20
-8200.0
 10
26600.0
 20
-8200.0
 10
26600.0
 20
-8000.0
 10
26400.0
 20
-8000.0
  0
LWPOLYLINE
  5
6A5
330
17
100
AcDbEntity
  8
A-PAVING
100
AcDbPolyline
 90
4
 70
1
 10
26600.0
 20
-8200.0
 10
26800.0
 20
-8200.0
 10
26800.0
 20
-8000.0
 10
26600.0
 20
-8000.0
  0
LWPOLYLINE
  5
6A6
330
17
100
AcDbEntity
  8
A-PAVING
100
AcDbPolyline
 90
4
 70
1
 10
26800.0
 20
-8200.0
 10
27000.0
 20
-8200.0
 10
27000.0
 20
-8000.0
 10
26800.0
 20
-8000.0
  0
LWPOLYLINE
  5
6A7
330
17
100
AcDbEntity
  8
A-PAVING
100
AcDbPolyline
 90
4
 70
1
 10
27000.0
 20
-8200.0
 10
27200.0
 20
-8200.0
 10
27200.0
 20
-8000.0
 10
27000.0
 20
-8000.0
  0
LWPOLYLINE
  5
6A8
330
17
100
AcDbEntity
  8
A-PAVING
100
AcDbPolyline
 90
4
 70
1
 10
21000.0
 20
-8400.0
 10
21200.0
 20
-8400.0
 10
21200.0
 20
-8200.0
 10
21000.0
 20
-8200.0
  0
LWPOLYLINE
  5
6A9
330
17
100
AcDbEntity
  8
A-PAVING
100
AcDbPolyline
 90
4
 70
1
 10
21200.0
 20
-8400.0
 10
21400.0
 20
-8400.0
 10
21400.0
 20
-8200.0
 10
21200.0
 20
-8200.0
  0
LWPOLYLINE
  5
6AA
330
17
100
AcDbEntity
  8
A-PAVING
100
AcDbPolyline
 90
4
 70
1
 10
21400.0
 20
-8400.0
 10
21600.0
 20
-8400.0
 10
21600.0
 20
-8200.0
 10
21400.0
 20
-8200.0
  0
LWPOLYLINE
  5
6AB
330
17
100
AcDbEntity
  8
A-PAVING
100
AcDbPolyline
 90
4
 70
1
 10
21600.0
 20
-8400.0
 10
21800.0
 20
-8400.0
 10
21800.0
 20
-8200.0
 10
21600.0
 20
-8200.0
  0
LWPOLYLINE
  5
6AC
330
17
100
AcDbEntity
  8
A-PAVING
100
AcDbPolyline
 90
4
 70
1
 10
21800.0
 20
-8400.0
 10
22000.0
 20
-8400.0
 10
22000.0
 20
-8200.0
 10
21800.0
 20
-8200.0
  0
LWPOLYLINE
  5
6AD
330
17
100
AcDbEntity
  8
A-PAVING
100
AcDbPolyline
 90
4
 70
1
 10
22000.0
 20
-8400.0
 10
22200.0
 20
-8400.0
 10
22200.0
 20
-8200.0
 10
22000.0
 20
-8200.0
  0
LWPOLYLINE
  5
6AE
330
17
100
AcDbEntity
  8
A-PAVING
100
AcDbPolyline
 90
4
 70
1
 10
22200.0
 20
-8400.0
 10
22400.0
 20
-8400.0
 10
22400.0
 20
-8200.0
 10
22200.0
 20
-8200.0
  0
LWPOLYLINE
  5
6AF
330
17
100
AcDbEntity
  8
A-PAVING
100
AcDbPolyline
 90
4
 70
1
 10
22400.0
 20
-8400.0
 10
22600.0
 20
-8400.0
 10
22600.0
 20
-8200.0
 10
22400.0
 20
-8200.0
  0
LWPOLYLINE
  5
6B0
330
17
100
AcDbEntity
  8
A-PAVING
100
AcDbPolyline
 90
4
 70
1
 10
22600.0
 20
-8400.0
 10
22800.0
 20
-8400.0
 10
22800.0
 20
-8200.0
 10
22600.0
 20
-8200.0
  0
LWPOLYLINE
  5
6B1
330
17
100
AcDbEntity
  8
A-PAVING
100
AcDbPolyline
 90
4
 70
1
 10
22800.0
 20
-8400.0
 10
23000.0
 20
-8400.0
 10
23000.0
 20
-8200.0
 10
22800.0
 20
-8200.0
  0
LWPOLYLINE
  5
6B2
330
17
100
AcDbEntity
  8
A-PAVING
100
AcDbPolyline
 90
4
 70
1
 10
23000.0
 20
-8400.0
 10
23200.0
 20
-8400.0
 10
23200.0
 20
-8200.0
 10
23000.0
 20
-8200.0
  0
LWPOLYLINE
  5
6B3
330
17
100
AcDbEntity
  8
A-PAVING
100
AcDbPolyline
 90
4
 70
1
 10
23200.0
 20
-8400.0
 10
23400.0
 20
-8400.0
 10
23400.0
 20
-8200.0
 10
23200.0
 20
-8200.0
  0
LWPOLYLINE
  5
6B4
330
17
100
AcDbEntity
  8
A-PAVING
100
AcDbPolyline
 90
4
 70
1
 10
23400.0
 20
-8400.0
 10
23600.0
 20
-8400.0
 10
23600.0
 20
-8200.0
 10
23400.0
 20
-8200.0
  0
LWPOLYLINE
  5
6B5
330
17
100
AcDbEntity
  8
A-PAVING
100
AcDbPolyline
 90
4
 70
1
 10
23600.0
 20
-8400.0
 10
23800.0
 20
-8400.0
 10
23800.0
 20
-8200.0
 10
23600.0
 20
-8200.0
  0
LWPOLYLINE
  5
6B6
330
17
100
AcDbEntity
  8
A-PAVING
100
AcDbPolyline
 90
4
 70
1
 10
23800.0
 20
-8400.0
 10
24000.0
 20
-8400.0
 10
24000.0
 20
-8200.0
 10
23800.0
 20
-8200.0
  0
LWPOLYLINE
  5
6B7
330
17
100
AcDbEntity
  8
A-PAVING
100
AcDbPolyline
 90
4
 70
1
 10
24000.0
 20
-8400.0
 10
24200.0
 20
-8400.0
 10
24200.0
 20
-8200.0
 10
24000.0
 20
-8200.0
  0
LWPOLYLINE
  5
6B8
330
17
100
AcDbEntity
  8
A-PAVING
100
AcDbPolyline
 90
4
 70
1
 10
24200.0
 20
-8400.0
 10
24400.0
 20
-8400.0
 10
24400.0
 20
-8200.0
 10
24200.0
 20
-8200.0
  0
LWPOLYLINE
  5
6B9
330
17
100
AcDbEntity
  8
A-PAVING
100
AcDbPolyline
 90
4
 70
1
 10
24400.0
 20
-8400.0
 10
24600.0
 20
-8400.0
 10
24600.0
 20
-8200.0
 10
24400.0
 20
-8200.0
  0
LWPOLYLINE
  5
6BA
330
17
100
AcDbEntity
  8
A-PAVING
100
AcDbPolyline
 90
4
 70
1
 10
24600.0
 20
-8400.0
 10
24800.0
 20
-8400.0
 10
24800.0
 20
-8200.0
 10
24600.0
 20
-8200.0
  0
LWPOLYLINE
  5
6BB
330
17
100
AcDbEntity
  8
A-PAVING
100
AcDbPolyline
 90
4
 70
1
 10
24800.0
 20
-8400.0
 10
25000.0
 20
-8400.0
 10
25000.0
 20
-8200.0
 10
24800.0
 20
-8200.0
  0
LWPOLYLINE
  5
6BC
330
17
100
AcDbEntity
  8
A-PAVING
100
AcDbPolyline
 90
4
 70
1
 10
25000.0
 20
-8400.0
 10
25200.0
 20
-8400.0
 10
25200.0
 20
-8200.0
 10
25000.0
 20
-8200.0
  0
LWPOLYLINE
  5
6BD
330
17
100
AcDbEntity
  8
A-PAVING
100
AcDbPolyline
 90
4
 70
1
 10
25200.0
 20
-8400.0
 10
25400.0
 20
-8400.0
 10
25400.0
 20
-8200.0
 10
25200.0
 20
-8200.0
  0
LWPOLYLINE
  5
6BE
330
17
100
AcDbEntity
  8
A-PAVING
100
AcDbPolyline
 90
4
 70
1
 10
25400.0
 20
-8400.0
 10
25600.0
 20
-8400.0
 10
25600.0
 20
-8200.0
 10
25400.0
 20
-8200.0
  0
LWPOLYLINE
  5
6BF
330
17
100
AcDbEntity
  8
A-PAVING
100
AcDbPolyline
 90
4
 70
1
 10
25600.0
 20
-8400.0
 10
25800.0
 20
-8400.0
 10
25800.0
 20
-8200.0
 10
25600.0
 20
-8200.0
  0
LWPOLYLINE
  5
6C0
330
17
100
AcDbEntity
  8
A-PAVING
100
AcDbPolyline
 90
4
 70
1
 10
25800.0
 20
-8400.0
 10
26000.0
 20
-8400.0
 10
26000.0
 20
-8200.0
 10
25800.0
 20
-8200.0
  0
LWPOLYLINE
  5
6C1
330
17
100
AcDbEntity
  8
A-PAVING
100
AcDbPolyline
 90
4
 70
1
 10
26000.0
 20
-8400.0
 10
26200.0
 20
-8400.0
 10
26200.0
 20
-8200.0
 10
26000.0
 20
-8200.0
  0
LWPOLYLINE
  5
6C2
330
17
100
AcDbEntity
  8
A-PAVING
100
AcDbPolyline
 90
4
 70
1
 10
26200.0
 20
-8400.0
 10
26400.0
 20
-8400.0
 10
26400.0
 20
-8200.0
 10
26200.0
 20
-8200.0
  0
LWPOLYLINE
  5
6C3
330
17
100
AcDbEntity
  8
A-PAVING
100
AcDbPolyline
 90
4
 70
1
 10
26400.0
 20
-8400.0
 10
26600.0
 20
-8400.0
 10
26600.0
 20
-8200.0
 10
26400.0
 20
-8200.0
  0
LWPOLYLINE
  5
6C4
330
17
100
AcDbEntity
  8
A-PAVING
100
AcDbPolyline
 90
4
 70
1
 10
26600.0
 20
-8400.0
 10
26800.0
 20
-8400.0
 10
26800.0
 20
-8200.0
 10
26600.0
 20
-8200.0
  0
LWPOLYLINE
  5
6C5
330
17
100
AcDbEntity
  8
A-PAVING
100
AcDbPolyline
 90
4
 70
1
 10
26800.0
 20
-8400.0
 10
27000.0
 20
-8400.0
 10
27000.0
 20
-8200.0
 10
26800.0
 20
-8200.0
  0
LWPOLYLINE
  5
6C6
330
17
100
AcDbEntity
  8
A-PAVING
100
AcDbPolyline
 90
4
 70
1
 10
27000.0
 20
-8400.0
 10
27200.0
 20
-8400.0
 10
27200.0
 20
-8200.0
 10
27000.0
 20
-8200.0
  0
HATCH
  5
6C7
330
17
100
AcDbEntity
  8
A-HATCH
 62
8
100
AcDbHatch
 10
0.0
 20
0.0
 30
0.0
210
0.0
220
0.0
230
1.0
  2
SOLID
 70
1
 71
0
 91
1
 92
3
 72
0
 73
1
 93
4
 10
20000.0
 20
0.0
 10
20850.0
 20
0.0
 10
20850.0
 20
-8250.0
 10
20000.0
 20
-8250.0
 97
0
 75
0
 76
1
 98
0
  0
LWPOLYLINE
  5
6C8
330
17
100
AcDbEntity
  8
A-WALL
100
AcDbPolyline
 90
4
 70
1
 10
20000.0
 20
0.0
 10
20850.0
 20
0.0
 10
20850.0
 20
-8250.0
 10
20000.0
 20
-8250.0
  0
LWPOLYLINE
  5
6C9
330
17
100
AcDbEntity
  8
A-WALL
100
AcDbPolyline
 90
4
 70
1
 10
20810.0
 20
-8400.0
 10
21040.0
 20
-8400.0
 10
21040.0
 20
0.0
 10
20810.0
 20
0.0
  0
LINE
  5
6CA
330
17
100
AcDbEntity
  8
A-WALL
  6
DASHED
100
AcDbLine
 10
20850.0
 20
0.0
 30
0.0
 11
20850.0
 21
-8400.0
 31
0.0
  0
LINE
  5
6CB
330
17
100
AcDbEntity
  8
A-WALL
  6
DASHED
100
AcDbLine
 10
21000.0
 20
0.0
 30
0.0
 11
21000.0
 21
-8400.0
 31
0.0
  0
LWPOLYLINE
  5
6CC
330
17
100
AcDbEntity
  8
A-WALL
100
AcDbPolyline
 90
4
 70
1
 10
20000.0
 20
-8400.0
 10
21040.0
 20
-8400.0
 10
21040.0
 20
-8170.0
 10
20000.0
 20
-8170.0
  0
HATCH
  5
6CD
330
17
100
AcDbEntity
  8
A-HATCH
 62
7
100
AcDbHatch
 10
0.0
 20
0.0
 30
0.0
210
0.0
220
0.0
230
1.0
  2
ANSI31
 70
0
 71
0
 91
1
 92
3
 72
0
 73
1
 93
4
 10
19750.0
 20
0.0
 10
21650.0
 20
0.0
 10
21650.0
 20
300.0
 10
19750.0
 20
300.0
 97
0
 75
1
 76
1
 52
0.0
 41
5.0
 77
0
 78
1
 53
45.0
 43
0.0
 44
0.0
 45
-11.2253201515
 46
11.2253201515
 79
0
 98
0
  0
LWPOLYLINE
  5
6CE
330
17
100
AcDbEntity
  8
A-WALL
100
AcDbPolyline
 90
4
 70
1
 10
19750.0
 20
0.0
 10
21650.0
 20
0.0
 10
21650.0
 20
300.0
 10
19750.0
 20
300.0
  0
HATCH
  5
6CF
330
17
100
AcDbEntity
  8
A-HATCH
 62
7
100
AcDbHatch
 10
0.0
 20
0.0
 30
0.0
210
0.0
220
0.0
230
1.0
  2
ANSI31
 70
0
 71
0
 91
1
 92
3
 72
0
 73
1
 93
4
 10
22750.0
 20
0.0
 10
23150.0
 20
0.0
 10
23150.0
 20
300.0
 10
22750.0
 20
300.0
 97
0
 75
1
 76
1
 52
0.0
 41
5.0
 77
0
 78
1
 53
45.0
 43
0.0
 44
0.0
 45
-11.2253201515
 46
11.2253201515
 79
0
 98
0
  0
LWPOLYLINE
  5
6D0
330
17
100
AcDbEntity
  8
A-WALL
100
AcDbPolyline
 90
4
 70
1
 10
22750.0
 20
0.0
 10
23150.0
 20
0.0
 10
23150.0
 20
300.0
 10
22750.0
 20
300.0
  0
HATCH
  5
6D1
330
17
100
AcDbEntity
  8
A-HATCH
 62
7
100
AcDbHatch
 10
0.0
 20
0.0
 30
0.0
210
0.0
220
0.0
230
1.0
  2
ANSI31
 70
0
 71
0
 91
1
 92
3
 72
0
 73
1
 93
4
 10
24950.0
 20
0.0
 10
25450.0
 20
0.0
 10
25450.0
 20
300.0
 10
24950.0
 20
300.0
 97
0
 75
1
 76
1
 52
0.0
 41
5.0
 77
0
 78
1
 53
45.0
 43
0.0
 44
0.0
 45
-11.2253201515
 46
11.2253201515
 79
0
 98
0
  0
LWPOLYLINE
  5
6D2
330
17
100
AcDbEntity
  8
A-WALL
100
AcDbPolyline
 90
4
 70
1
 10
24950.0
 20
0.0
 10
25450.0
 20
0.0
 10
25450.0
 20
300.0
 10
24950.0
 20
300.0
  0
HATCH
  5
6D3
330
17
100
AcDbEntity
  8
A-HATCH
 62
7
100
AcDbHatch
 10
0.0
 20
0.0
 30
0.0
210
0.0
220
0.0
230
1.0
  2
ANSI31
 70
0
 71
0
 91
1
 92
3
 72
0
 73
1
 93
4
 10
26350.0
 20
0.0
 10
27500.0
 20
0.0
 10
27500.0
 20
300.0
 10
26350.0
 20
300.0
 97
0
 75
1
 76
1
 52
0.0
 41
5.0
 77
0
 78
1
 53
45.0
 43
0.0
 44
0.0
 45
-11.2253201515
 46
11.2253201515
 79
0
 98
0
  0
LWPOLYLINE
  5
6D4
330
17
100
AcDbEntity
  8
A-WALL
100
AcDbPolyline
 90
4
 70
1
 10
26350.0
 20
0.0
 10
27500.0
 20
0.0
 10
27500.0
 20
300.0
 10
26350.0
 20
300.0
  0
HATCH
  5
6D5
330
17
100
AcDbEntity
  8
A-HATCH
 62
7
100
AcDbHatch
 10
0.0
 20
0.0
 30
0.0
210
0.0
220
0.0
230
1.0
  2
ANSI31
 70
0
 71
0
 91
1
 92
3
 72
0
 73
1
 93
4
 10
19750.0
 20
-8800.0
 10
20000.0
 20
-8800.0
 10
20000.0
 20
0.0
 10
19750.0
 20
0.0
 97
0
 75
1
 76
1
 52
0.0
 41
5.0
 77
0
 78
1
 53
45.0
 43
0.0
 44
0.0
 45
-11.2253201515
 46
11.2253201515
 79
0
 98
0
  0
LWPOLYLINE
  5
6D6
330
17
100
AcDbEntity
  8
A-WALL
100
AcDbPolyline
 90
4
 70
1
 10
19750.0
 20
-8800.0
 10
20000.0
 20
-8800.0
 10
20000.0
 20
0.0
 10
19750.0
 20
0.0
  0
HATCH
  5
6D7
330
17
100
AcDbEntity
  8
A-HATCH
 62
7
100
AcDbHatch
 10
0.0
 20
0.0
 30
0.0
210
0.0
220
0.0
230
1.0
  2
ANSI31
 70
0
 71
0
 91
1
 92
3
 72
0
 73
1
 93
4
 10
27200.0
 20
-5400.0
 10
27500.0
 20
-5400.0
 10
27500.0
 20
0.0
 10
27200.0
 20
0.0
 97
0
 75
1
 76
1
 52
0.0
 41
5.0
 77
0
 78
1
 53
45.0
 43
0.0
 44
0.0
 45
-11.2253201515
 46
11.2253201515
 79
0
 98
0
  0
LWPOLYLINE
  5
6D8
330
17
100
AcDbEntity
  8
A-WALL
100
AcDbPolyline
 90
4
 70
1
 10
27200.0
 20
-5400.0
 10
27500.0
 20
-5400.0
 10
27500.0
 20
0.0
 10
27200.0
 20
0.0
  0
LINE
  5
6D9
330
17
100
AcDbEntity
  8
A-WALL
  6
DASHED
100
AcDbLine
 10
19750.0
 20
3000.0
 30
0.0
 11
27500.0
 21
3000.0
 31
0.0
  0
LINE
  5
6DA
330
17
100
AcDbEntity
  8
A-WALL
  6
DASHED
100
AcDbLine
 10
23000.0
 20
300.0
 30
0.0
 11
23000.0
 21
3000.0
 31
0.0
  0
LINE
  5
6DB
330
17
100
AcDbEntity
  8
A-WALL
  6
DASHED
100
AcDbLine
 10
25200.0
 20
300.0
 30
0.0
 11
25200.0
 21
3000.0
 31
0.0
  0
LWPOLYLINE
  5
6DC
330
17
100
AcDbEntity
  8
A-WALL
100
AcDbPolyline
 90
4
 70
1
 10
21650.0
 20
110.0
 10
21700.0
 20
110.0
 10
21700.0
 20
190.0
 10
21650.0
 20
190.0
  0
LWPOLYLINE
  5
6DD
330
17
100
AcDbEntity
  8
A-WALL
100
AcDbPolyline
 90
4
 70
1
 10
22700.0
 20
110.0
 10
22750.0
 20
110.0
 10
22750.0
 20
190.0
 10
22700.0
 20
190.0
  0
LINE
  5
6DE
330
17
100
AcDbEntity
  8
A-DOOR
100
AcDbLine
 10
21700.0
 20
150.0
 30
0.0
 11
21700.0
 21
1150.0
 31
0.0
  0
LWPOLYLINE
  5
6DF
330
17
100
AcDbEntity
  8
A-WALL
100
AcDbPolyline
 90
4
 70
1
 10
21700.0
 20
150.0
 10
22700.0
 20
150.0
 10
22700.0
 20
150.01
 10
21700.0
 20
150.01
  0
LWPOLYLINE
  5
6E0
330
17
100
AcDbEntity
  8
A-DOOR
100
AcDbPolyline
 90
19
 70
0
 10
22700.0
 20
150.0
 10
22696.194698091746
 20
237.15574274765817
 10
22684.80775301221
 20
323.64817766693034
 10
22665.92582628907
 20
408.81904510252076
 10
22639.692620785907
 20
492.0201433256687
 10
22606.30778703665
 20
572.6182617406994
 10
22566.02540378444
 20
650.0
 10
22519.152044288992
 20
723.576436351046
 10
22466.04444311898
 20
792.7876096865392
 10
22407.106781186547
 20
857.1067811865474
 10
22342.78760968654
 20
916.044443118978
 10
22273.576436351046
 20
969.1520442889918
 10
22200.0
 20
1016.0254037844386
 10
22122.6182617407
 20
1056.30778703665
 10
22042.02014332567
 20
1089.6926207859083
 10
21958.819045102522
 20
1115.9258262890685
 10
21873.64817766693
 20
1134.807753012208
 10
21787.15574274766
 20
1146.1946980917455
 10
21700.0
 20
1150.0
  0
LWPOLYLINE
  5
6E1
330
17
100
AcDbEntity
  8
A-WALL
100
AcDbPolyline
 90
4
 70
1
 10
23150.0
 20
60.0
 10
23230.0
 20
60.0
 10
23230.0
 20
180.0
 10
23150.0
 20
180.0
  0
LWPOLYLINE
  5
6E2
330
17
100
AcDbEntity
  8
A-WALL
100
AcDbPolyline
 90
4
 70
1
 10
24870.0
 20
60.0
 10
24950.0
 20
60.0
 10
24950.0
 20
180.0
 10
24870.0
 20
180.0
  0
LINE
  5
6E3
330
17
100
AcDbEntity
  8
A-WALL
  6
DASHED
100
AcDbLine
 10
23230.0
 20
120.0
 30
0.0
 11
24870.0
 21
120.0
 31
0.0
  0
TEXT
  5
6E4
330
17
100
AcDbEntity
  8
A-TEXT
100
AcDbText
 10
24050.0
 20
420.0
 30
0.0
 40
46.8
  1
roller shutter — coil box above, inside
 72
1
 11
24050.0
 21
420.0
 31
0.0
100
AcDbText
 73
1
  0
LWPOLYLINE
  5
6E5
330
17
100
AcDbEntity
  8
A-WALL
100
AcDbPolyline
 90
4
 70
1
 10
25450.0
 20
0.0
 10
25480.0
 20
0.0
 10
25480.0
 20
120.0
 10
25450.0
 20
120.0
  0
LWPOLYLINE
  5
6E6
330
17
100
AcDbEntity
  8
A-WALL
100
AcDbPolyline
 90
4
 70
1
 10
26320.0
 20
0.0
 10
26350.0
 20
0.0
 10
26350.0
 20
120.0
 10
26320.0
 20
120.0
  0
LINE
  5
6E7
330
17
100
AcDbEntity
  8
A-DOOR
100
AcDbLine
 10
26317.0
 20
0.0
 30
0.0
 11
26317.0
 21
-834.0
 31
0.0
  0
LWPOLYLINE
  5
6E8
330
17
100
AcDbEntity
  8
A-DOOR
100
AcDbPolyline
 90
19
 70
0
 10
25483.0
 20
1.0213554304888925e-13
 10
25486.173621791484
 20
-72.68788945154672
 10
25495.67033398782
 20
-144.82258017422
 10
25511.417860874917
 20
-215.85508361550234
 10
25533.296354264552
 20
-285.24479953360765
 10
25561.139305611432
 20
-352.4636302917432
 10
25594.734813243776
 20
-417.0000000000001
 10
25633.82719506298
 20
-478.3627479167725
 10
25678.11893443877
 20
-536.0848664785738
 10
25727.272944490418
 20
-589.7270555095806
 10
25780.915133521426
 20
-638.8810655612276
 10
25838.637252083226
 20
-683.172804937019
 10
25900.0
 20
-722.2651867562216
 10
25964.536369708258
 20
-755.8606943885661
 10
26031.755200466392
 20
-783.7036457354476
 10
26101.1449163845
 20
-805.582139125083
 10
26172.17741982578
 20
-821.3296660121815
 10
26244.312110548453
 20
-830.8263782085157
 10
26317.0
 20
-834.0
  0
LWPOLYLINE
  5
6E9
330
17
100
AcDbEntity
  8
C-DRAIN
100
AcDbPolyline
 90
4
 70
1
 10
21500.0
 20
-130.0
 10
26500.0
 20
-130.0
 10
26500.0
 20
-30.0
 10
21500.0
 20
-30.0
  0
LINE
  5
6EA
330
17
100
AcDbEntity
  8
C-DRAIN
100
AcDbLine
 10
21500.0
 20
-80.0
 30
0.0
 11
26500.0
 21
-80.0
 31
0.0
  0
LWPOLYLINE
  5
6EB
330
17
100
AcDbEntity
  8
C-DRAIN
100
AcDbPolyline
 90
4
 70
1
 10
26450.0
 20
-2350.0
 10
26750.0
 20
-2350.0
 10
26750.0
 20
-2050.0
 10
26450.0
 20
-2050.0
  0
LINE
  5
6EC
330
17
100
AcDbEntity
  8
A-WALL
100
AcDbLine
 10
26500.0
 20
-2330.0
 30
0.0
 11
26500.0
 21
-2070.0
 31
0.0
  0
LINE
  5
6ED
330
17
100
AcDbEntity
  8
A-WALL
100
AcDbLine
 10
26550.0
 20
-2330.0
 30
0.0
 11
26550.0
 21
-2070.0
 31
0.0
  0
LINE
  5
6EE
330
17
100
AcDbEntity
  8
A-WALL
100
AcDbLine
 10
26600.0
 20
-2330.0
 30
0.0
 11
26600.0
 21
-2070.0
 31
0.0
  0
LINE
  5
6EF
330
17
100
AcDbEntity
  8
A-WALL
100
AcDbLine
 10
26650.0
 20
-2330.0
 30
0.0
 11
26650.0
 21
-2070.0
 31
0.0
  0
LINE
  5
6F0
330
17
100
AcDbEntity
  8
A-WALL
100
AcDbLine
 10
26700.0
 20
-2330.0
 30
0.0
 11
26700.0
 21
-2070.0
 31
0.0
  0
LWPOLYLINE
  5
6F1
330
17
100
AcDbEntity
  8
C-DRAIN
100
AcDbPolyline
 90
4
 70
1
 10
26450.0
 20
-6350.0
 10
26750.0
 20
-6350.0
 10
26750.0
 20
-6050.0
 10
26450.0
 20
-6050.0
  0
LINE
  5
6F2
330
17
100
AcDbEntity
  8
A-WALL
100
AcDbLine
 10
26500.0
 20
-6330.0
 30
0.0
 11
26500.0
 21
-6070.0
 31
0.0
  0
LINE
  5
6F3
330
17
100
AcDbEntity
  8
A-WALL
100
AcDbLine
 10
26550.0
 20
-6330.0
 30
0.0
 11
26550.0
 21
-6070.0
 31
0.0
  0
LINE
  5
6F4
330
17
100
AcDbEntity
  8
A-WALL
100
AcDbLine
 10
26600.0
 20
-6330.0
 30
0.0
 11
26600.0
 21
-6070.0
 31
0.0
  0
LINE
  5
6F5
330
17
100
AcDbEntity
  8
A-WALL
100
AcDbLine
 10
26650.0
 20
-6330.0
 30
0.0
 11
26650.0
 21
-6070.0
 31
0.0
  0
LINE
  5
6F6
330
17
100
AcDbEntity
  8
A-WALL
100
AcDbLine
 10
26700.0
 20
-6330.0
 30
0.0
 11
26700.0
 21
-6070.0
 31
0.0
  0
LWPOLYLINE
  5
6F7
330
17
100
AcDbEntity
  8
A-WALL
100
AcDbPolyline
 90
4
 70
1
 10
27200.0
 20
-5500.0
 10
27300.0
 20
-5500.0
 10
27300.0
 20
-5400.0
 10
27200.0
 20
-5400.0
  0
LWPOLYLINE
  5
6F8
330
17
100
AcDbEntity
  8
A-WALL
100
AcDbPolyline
 90
4
 70
1
 10
27200.0
 20
-6500.0
 10
27300.0
 20
-6500.0
 10
27300.0
 20
-6400.0
 10
27200.0
 20
-6400.0
  0
LWPOLYLINE
  5
6F9
330
17
100
AcDbEntity
  8
A-WALL
100
AcDbPolyline
 90
4
 70
1
 10
27200.0
 20
-7600.0
 10
27300.0
 20
-7600.0
 10
27300.0
 20
-7500.0
 10
27200.0
 20
-7500.0
  0
LWPOLYLINE
  5
6FA
330
17
100
AcDbEntity
  8
A-WALL
100
AcDbPolyline
 90
4
 70
1
 10
27200.0
 20
-8400.0
 10
27300.0
 20
-8400.0
 10
27300.0
 20
-8300.0
 10
27200.0
 20
-8300.0
  0
LWPOLYLINE
  5
6FB
330
17
100
AcDbEntity
  8
A-WALL
100
AcDbPolyline
 90
4
 70
1
 10
27230.0
 20
-6400.0
 10
27275.0
 20
-6400.0
 10
27275.0
 20
-5500.0
 10
27230.0
 20
-5500.0
  0
LWPOLYLINE
  5
6FC
330
17
100
AcDbEntity
  8
A-WALL
100
AcDbPolyline
 90
4
 70
1
 10
27230.0
 20
-8300.0
 10
27275.0
 20
-8300.0
 10
27275.0
 20
-7600.0
 10
27230.0
 20
-7600.0
  0
LINE
  5
6FD
330
17
100
AcDbEntity
  8
A-WALL
100
AcDbLine
 10
27250.0
 20
-6510.0
 30
0.0
 11
26270.0
 21
-6510.0
 31
0.0
  0
LWPOLYLINE
  5
6FE
330
17
100
AcDbEntity
  8
A-DOOR
100
AcDbPolyline
 90
19
 70
0
 10
26270.0
 20
-6510.0
 10
26273.729195870088
 20
-6595.412627892705
 10
26284.888402048036
 20
-6680.175214113592
 10
26303.392690236713
 20
-6763.642664200471
 10
26329.101231629807
 20
-6845.179740459155
 10
26361.818368704084
 20
-6924.165896505885
 10
26401.29510429125
 20
-7000.0
 10
26447.230996596787
 20
-7072.104907624025
 10
26499.276445743402
 20
-7139.931857492808
 10
26557.035354437183
 20
-7202.964645562816
 10
26620.068142507193
 20
-7260.723554256599
 10
26687.895092375977
 20
-7312.769003403212
 10
26760.0
 20
-7358.70489570875
 10
26835.834103494115
 20
-7398.181631295917
 10
26914.820259540844
 20
-7430.898768370191
 10
26996.35733579953
 20
-7456.607309763287
 10
27079.82478588641
 20
-7475.111597951964
 10
27164.587372107293
 20
-7486.27080412991
 10
27250.0
 20
-7490.0
  0
LWPOLYLINE
  5
6FF
330
17
100
AcDbEntity
  8
A-WALL
100
AcDbPolyline
 90
4
 70
1
 10
20520.0
 20
-3130.0
 10
20680.0
 20
-3130.0
 10
20680.0
 20
-2970.0
 10
20520.0
 20
-2970.0
  0
LWPOLYLINE
  5
700
330
17
100
AcDbEntity
  8
S-STEEL
100
AcDbPolyline
 90
4
 70
1
 10
20540.0
 20
-3110.0
 10
20660.0
 20
-3110.0
 10
20660.0
 20
-2990.0
 10
20540.0
 20
-2990.0
  0
LWPOLYLINE
  5
701
330
17
100
AcDbEntity
  8
A-WALL
100
AcDbPolyline
 90
4
 70
1
 10
20520.0
 20
-1480.0
 10
20680.0
 20
-1480.0
 10
20680.0
 20
-1320.0
 10
20520.0
 20
-1320.0
  0
LWPOLYLINE
  5
702
330
17
100
AcDbEntity
  8
S-STEEL
100
AcDbPolyline
 90
4
 70
1
 10
20540.0
 20
-1460.0
 10
20660.0
 20
-1460.0
 10
20660.0
 20
-1340.0
 10
20540.0
 20
-1340.0
  0
LWPOLYLINE
  5
703
330
17
100
AcDbEntity
  8
C-DRAIN
  6
DASHED
100
AcDbPolyline
 90
6
 70
0
 10
26500.0
 20
-80.0
 10
26600.0
 20
-80.0
 10
26600.0
 20
-2200.0
 10
26600.0
 20
-6200.0
 10
26600.0
 20
-8400.0
 10
26600.0
 20
-8700.0
  0
LWPOLYLINE
  5
704
330
17
100
AcDbEntity
  8
C-DRAIN
  6
DASHED
100
AcDbPolyline
 90
4
 70
0
 10
20600.0
 20
-3050.0
 10
21100.0
 20
-3550.0
 10
26300.0
 20
-3550.0
 10
26600.0
 20
-2350.0
  0
TEXT
  5
705
330
17
100
AcDbEntity
  8
A-TEXT
100
AcDbText
 10
26900.0
 20
-4700.0
 30
0.0
 40
50.4
  1
1:60
 72
1
 11
26900.0
 21
-4700.0
 31
0.0
100
AcDbText
 73
1
  0
HATCH
  5
706
330
17
100
AcDbEntity
  8
A-HATCH
 62
7
100
AcDbHatch
 10
0.0
 20
0.0
 30
0.0
210
0.0
220
0.0
230
1.0
  2
ANSI31
 70
0
 71
0
 91
1
 92
3
 72
0
 73
1
 93
4
 10
39750.0
 20
0.0
 10
46350.0
 20
0.0
 10
46350.0
 20
300.0
 10
39750.0
 20
300.0
 97
0
 75
1
 76
1
 52
0.0
 41
2.5
 77
0
 78
1
 53
45.0
 43
0.0
 44
0.0
 45
-5.6126600758
 46
5.6126600758
 79
0
 98
0
  0
LWPOLYLINE
  5
707
330
17
100
AcDbEntity
  8
A-WALL
100
AcDbPolyline
 90
4
 70
1
 10
39750.0
 20
0.0
 10
46350.0
 20
0.0
 10
46350.0
 20
300.0
 10
39750.0
 20
300.0
  0
LWPOLYLINE
  5
708
330
17
100
AcDbEntity
  8
A-WALL
100
AcDbPolyline
 90
4
 70
1
 10
39750.0
 20
300.0
 10
46350.0
 20
300.0
 10
46350.0
 20
600.0
 10
39750.0
 20
600.0
  0
TEXT
  5
709
330
17
100
AcDbEntity
  8
A-TEXT
100
AcDbText
 10
43000.0
 20
470.0
 30
0.0
 40
28.799999999999997
  1
EXISTING ANNEX ROOF (beyond) — parapet +3.400
 72
1
 11
43000.0
 21
470.0
 31
0.0
100
AcDbText
 73
1
  0
HATCH
  5
70A
330
17
100
AcDbEntity
  8
A-HATCH
 62
7
100
AcDbHatch
 10
0.0
 20
0.0
 30
0.0
210
0.0
220
0.0
230
1.0
  2
ANSI31
 70
0
 71
0
 91
1
 92
3
 72
0
 73
1
 93
4
 10
39750.0
 20
-3800.0
 10
40000.0
 20
-3800.0
 10
40000.0
 20
0.0
 10
39750.0
 20
0.0
 97
0
 75
1
 76
1
 52
0.0
 41
2.5
 77
0
 78
1
 53
45.0
 43
0.0
 44
0.0
 45
-5.6126600758
 46
5.6126600758
 79
0
 98
0
  0
LWPOLYLINE
  5
70B
330
17
100
AcDbEntity
  8
A-WALL
100
AcDbPolyline
 90
4
 70
1
 10
39750.0
 20
-3800.0
 10
40000.0
 20
-3800.0
 10
40000.0
 20
0.0
 10
39750.0
 20
0.0
  0
LWPOLYLINE
  5
70C
330
17
100
AcDbEntity
  8
A-WALL
100
AcDbPolyline
 90
4
 70
1
 10
40500.0
 20
-3150.0
 10
45350.0
 20
-3150.0
 10
45350.0
 20
0.0
 10
40500.0
 20
0.0
  0
LWPOLYLINE
  5
70D
330
17
100
AcDbEntity
  8
A-WALL
100
AcDbPolyline
 90
4
 70
1
 10
40550.0
 20
-2995.0
 10
45300.0
 20
-2995.0
 10
45300.0
 20
0.0
 10
40550.0
 20
0.0
  0
LWPOLYLINE
  5
70E
330
17
100
AcDbEntity
  8
A-WALL
100
AcDbPolyline
 90
4
 70
1
 10
40550.0
 20
-3115.0
 10
45300.0
 20
-3115.0
 10
45300.0
 20
-2995.0
 10
40550.0
 20
-2995.0
  0
TEXT
  5
70F
330
17
100
AcDbEntity
  8
A-TEXT
100
AcDbText
 10
43000.0
 20
-3075.0
 30
0.0
 40
25.2
  1
BOX GUTTER 120 wide, TPO lined, sole falls 1:200 to W outlet
 72
1
 11
43000.0
 21
-3075.0
 31
0.0
100
AcDbText
 73
1
  0
LWPOLYLINE
  5
710
330
17
100
AcDbEntity
  8
A-WALL
100
AcDbPolyline
 90
4
 70
1
 10
40500.0
 20
-3150.0
 10
45350.0
 20
-3150.0
 10
45350.0
 20
-3115.0
 10
40500.0
 20
-3115.0
  0
LWPOLYLINE
  5
711
330
17
100
AcDbEntity
  8
A-WALL
100
AcDbPolyline
 90
4
 70
1
 10
40500.0
 20
-3150.0
 10
40550.0
 20
-3150.0
 10
40550.0
 20
0.0
 10
40500.0
 20
0.0
  0
LWPOLYLINE
  5
712
330
17
100
AcDbEntity
  8
A-WALL
100
AcDbPolyline
 90
4
 70
1
 10
45300.0
 20
-3150.0
 10
45350.0
 20
-3150.0
 10
45350.0
 20
0.0
 10
45300.0
 20
0.0
  0
LINE
  5
713
330
17
100
AcDbEntity
  8
A-WALL
  6
DASHED
100
AcDbLine
 10
40650.0
 20
-60.0
 30
0.0
 11
40650.0
 21
-2990.0
 31
0.0
  0
LINE
  5
714
330
17
100
AcDbEntity
  8
A-WALL
  6
DASHED
100
AcDbLine
 10
41206.25
 20
-60.0
 30
0.0
 11
41206.25
 21
-2990.0
 31
0.0
  0
LINE
  5
715
330
17
100
AcDbEntity
  8
A-WALL
  6
DASHED
100
AcDbLine
 10
41762.5
 20
-60.0
 30
0.0
 11
41762.5
 21
-2990.0
 31
0.0
  0
LINE
  5
716
330
17
100
AcDbEntity
  8
A-WALL
  6
DASHED
100
AcDbLine
 10
42318.75
 20
-60.0
 30
0.0
 11
42318.75
 21
-2990.0
 31
0.0
  0
LINE
  5
717
330
17
100
AcDbEntity
  8
A-WALL
  6
DASHED
100
AcDbLine
 10
42875.0
 20
-60.0
 30
0.0
 11
42875.0
 21
-2990.0
 31
0.0
  0
LINE
  5
718
330
17
100
AcDbEntity
  8
A-WALL
  6
DASHED
100
AcDbLine
 10
43431.25
 20
-60.0
 30
0.0
 11
43431.25
 21
-2990.0
 31
0.0
  0
LINE
  5
719
330
17
100
AcDbEntity
  8
A-WALL
  6
DASHED
100
AcDbLine
 10
43987.5
 20
-60.0
 30
0.0
 11
43987.5
 21
-2990.0
 31
0.0
  0
LINE
  5
71A
330
17
100
AcDbEntity
  8
A-WALL
  6
DASHED
100
AcDbLine
 10
44543.75
 20
-60.0
 30
0.0
 11
44543.75
 21
-2990.0
 31
0.0
  0
LINE
  5
71B
330
17
100
AcDbEntity
  8
A-WALL
  6
DASHED
100
AcDbLine
 10
45100.0
 20
-60.0
 30
0.0
 11
45100.0
 21
-2990.0
 31
0.0
  0
CIRCLE
  5
71C
330
17
100
AcDbEntity
  8
A-WALL
100
AcDbCircle
 10
40600.0
 20
-3050.0
 30
0.0
 40
40.0
  0
LWPOLYLINE
  5
71D
330
17
100
AcDbEntity
  8
A-WALL
  6
DASHED
100
AcDbPolyline
 90
4
 70
1
 10
40540.0
 20
-3110.0
 10
40660.0
 20
-3110.0
 10
40660.0
 20
-2990.0
 10
40540.0
 20
-2990.0
  0
LWPOLYLINE
  5
71E
330
17
100
AcDbEntity
  8
A-WALL
100
AcDbPolyline
 90
4
 70
1
 10
40500.0
 20
-2650.0
 10
40550.0
 20
-2650.0
 10
40550.0
 20
-2550.0
 10
40500.0
 20
-2550.0
  0
LINE
  5
71F
330
17
100
AcDbEntity
  8
A-DIMS
100
AcDbLine
 10
40500.0
 20
-3170.0
 30
0.0
 11
40500.0
 21
-3422.5
 31
0.0
  0
LINE
  5
720
330
17
100
AcDbEntity
  8
A-DIMS
100
AcDbLine
 10
40600.0
 20
-3170.0
 30
0.0
 11
40600.0
 21
-3422.5
 31
0.0
  0
LINE
  5
721
330
17
100
AcDbEntity
  8
A-DIMS
100
AcDbLine
 10
40500.0
 20
-3400.0
 30
0.0
 11
40600.0
 21
-3400.0
 31
0.0
  0
TEXT
  5
722
330
17
100
AcDbEntity
  8
A-DIMS
100
AcDbText
 10
40550.0
 20
-3400.0
 30
0.0
 40
30.599999999999998
  1
100
 72
1
 11
40550.0
 21
-3400.0
 31
0.0
100
AcDbText
 73
1
  0
LINE
  5
723
330
17
100
AcDbEntity
  8
A-DIMS
100
AcDbLine
 10
40600.0
 20
-3170.0
 30
0.0
 11
40600.0
 21
-3422.5
 31
0.0
  0
LINE
  5
724
330
17
100
AcDbEntity
  8
A-DIMS
100
AcDbLine
 10
45200.0
 20
-3170.0
 30
0.0
 11
45200.0
 21
-3422.5
 31
0.0
  0
LINE
  5
725
330
17
100
AcDbEntity
  8
A-DIMS
100
AcDbLine
 10
40600.0
 20
-3400.0
 30
0.0
 11
45200.0
 21
-3400.0
 31
0.0
  0
TEXT
  5
726
330
17
100
AcDbEntity
  8
A-DIMS
100
AcDbText
 10
42900.0
 20
-3400.0
 30
0.0
 40
30.599999999999998
  1
4600
 72
1
 11
42900.0
 21
-3400.0
 31
0.0
100
AcDbText
 73
1
  0
LINE
  5
727
330
17
100
AcDbEntity
  8
A-DIMS
100
AcDbLine
 10
45200.0
 20
-3170.0
 30
0.0
 11
45200.0
 21
-3422.5
 31
0.0
  0
LINE
  5
728
330
17
100
AcDbEntity
  8
A-DIMS
100
AcDbLine
 10
45350.0
 20
-3170.0
 30
0.0
 11
45350.0
 21
-3422.5
 31
0.0
  0
LINE
  5
729
330
17
100
AcDbEntity
  8
A-DIMS
100
AcDbLine
 10
45200.0
 20
-3400.0
 30
0.0
 11
45350.0
 21
-3400.0
 31
0.0
  0
TEXT
  5
72A
330
17
100
AcDbEntity
  8
A-DIMS
100
AcDbText
 10
45275.0
 20
-3400.0
 30
0.0
 40
30.599999999999998
  1
150
 72
1
 11
45275.0
 21
-3400.0
 31
0.0
100
AcDbText
 73
1
  0
LINE
  5
72B
330
17
100
AcDbEntity
  8
A-DIMS
100
AcDbLine
 10
40500.0
 20
-3170.0
 30
0.0
 11
40500.0
 21
-3547.5
 31
0.0
  0
LINE
  5
72C
330
17
100
AcDbEntity
  8
A-DIMS
100
AcDbLine
 10
45350.0
 20
-3170.0
 30
0.0
 11
45350.0
 21
-3547.5
 31
0.0
  0
LINE
  5
72D
330
17
100
AcDbEntity
  8
A-DIMS
100
AcDbLine
 10
40500.0
 20
-3525.0
 30
0.0
 11
45350.0
 21
-3525.0
 31
0.0
  0
TEXT
  5
72E
330
17
100
AcDbEntity
  8
A-DIMS
100
AcDbText
 10
42925.0
 20
-3525.0
 30
0.0
 40
30.599999999999998
  1
4850
 72
1
 11
42925.0
 21
-3525.0
 31
0.0
100
AcDbText
 73
1
  0
LINE
  5
72F
330
17
100
AcDbEntity
  8
A-DIMS
100
AcDbLine
 10
45370.0
 20
0.0
 30
0.0
 11
45672.5
 21
0.0
 31
0.0
  0
LINE
  5
730
330
17
100
AcDbEntity
  8
A-DIMS
100
AcDbLine
 10
45370.0
 20
-2995.0
 30
0.0
 11
45672.5
 21
-2995.0
 31
0.0
  0
LINE
  5
731
330
17
100
AcDbEntity
  8
A-DIMS
100
AcDbLine
 10
45650.0
 20
0.0
 30
0.0
 11
45650.0
 21
-2995.0
 31
0.0
  0
TEXT
  5
732
330
17
100
AcDbEntity
  8
A-DIMS
100
AcDbText
 10
45650.0
 20
-1497.5
 30
0.0
 40
30.599999999999998
  1
2995
 50
90.0
 72
1
 11
45650.0
 21
-1497.5
 31
0.0
100
AcDbText
 73
1
  0
LINE
  5
733
330
17
100
AcDbEntity
  8
A-DIMS
100
AcDbLine
 10
45370.0
 20
-2995.0
 30
0.0
 11
45672.5
 21
-2995.0
 31
0.0
  0
LINE
  5
734
330
17
100
AcDbEntity
  8
A-DIMS
100
AcDbLine
 10
45370.0
 20
-3115.0
 30
0.0
 11
45672.5
 21
-3115.0
 31
0.0
  0
LINE
  5
735
330
17
100
AcDbEntity
  8
A-DIMS
100
AcDbLine
 10
45650.0
 20
-2995.0
 30
0.0
 11
45650.0
 21
-3115.0
 31
0.0
  0
TEXT
  5
736
330
17
100
AcDbEntity
  8
A-DIMS
100
AcDbText
 10
45650.0
 20
-3055.0
 30
0.0
 40
30.599999999999998
  1
120
 50
90.0
 72
1
 11
45650.0
 21
-3055.0
 31
0.0
100
AcDbText
 73
1
  0
LINE
  5
737
330
17
100
AcDbEntity
  8
A-DIMS
100
AcDbLine
 10
45370.0
 20
-3115.0
 30
0.0
 11
45672.5
 21
-3115.0
 31
0.0
  0
LINE
  5
738
330
17
100
AcDbEntity
  8
A-DIMS
100
AcDbLine
 10
45370.0
 20
-3150.0
 30
0.0
 11
45672.5
 21
-3150.0
 31
0.0
  0
LINE
  5
739
330
17
100
AcDbEntity
  8
A-DIMS
100
AcDbLine
 10
45650.0
 20
-3115.0
 30
0.0
 11
45650.0
 21
-3150.0
 31
0.0
  0
TEXT
  5
73A
330
17
100
AcDbEntity
  8
A-DIMS
100
AcDbText
 10
45650.0
 20
-3132.5
 30
0.0
 40
30.599999999999998
  1
35
 50
90.0
 72
1
 11
45650.0
 21
-3132.5
 31
0.0
100
AcDbText
 73
1
  0
LINE
  5
73B
330
17
100
AcDbEntity
  8
A-DIMS
100
AcDbLine
 10
45370.0
 20
0.0
 30
0.0
 11
45797.5
 21
0.0
 31
0.0
  0
LINE
  5
73C
330
17
100
AcDbEntity
  8
A-DIMS
100
AcDbLine
 10
45370.0
 20
-3150.0
 30
0.0
 11
45797.5
 21
-3150.0
 31
0.0
  0
LINE
  5
73D
330
17
100
AcDbEntity
  8
A-DIMS
100
AcDbLine
 10
45775.0
 20
0.0
 30
0.0
 11
45775.0
 21
-3150.0
 31
0.0
  0
TEXT
  5
73E
330
17
100
AcDbEntity
  8
A-DIMS
100
AcDbText
 10
45775.0
 20
-1575.0
 30
0.0
 40
30.599999999999998
  1
3150
 50
90.0
 72
1
 11
45775.0
 21
-1575.0
 31
0.0
100
AcDbText
 73
1
  0
LINE
  5
73F
330
17
100
AcDbEntity
  8
A-DIMS
100
AcDbLine
 10
40480.0
 20
0.0
 30
0.0
 11
40127.5
 21
0.0
 31
0.0
  0
LINE
  5
740
330
17
100
AcDbEntity
  8
A-DIMS
100
AcDbLine
 10
40480.0
 20
-3150.0
 30
0.0
 11
40127.5
 21
-3150.0
 31
0.0
  0
LINE
  5
741
330
17
100
AcDbEntity
  8
A-DIMS
100
AcDbLine
 10
40150.0
 20
0.0
 30
0.0
 11
40150.0
 21
-3150.0
 31
0.0
  0
TEXT
  5
742
330
17
100
AcDbEntity
  8
A-DIMS
100
AcDbText
 10
40150.0
 20
-1575.0
 30
0.0
 40
30.599999999999998
  1
3150
 50
90.0
 72
1
 11
40150.0
 21
-1575.0
 31
0.0
100
AcDbText
 73
1
  0
HATCH
  5
743
330
17
100
AcDbEntity
  8
A-HATCH
 62
7
100
AcDbHatch
 10
0.0
 20
0.0
 30
0.0
210
0.0
220
0.0
230
1.0
  2
ANSI31
 70
0
 71
0
 91
1
 92
3
 72
0
 73
1
 93
4
 10
59750.0
 20
0.0
 10
66350.0
 20
0.0
 10
66350.0
 20
300.0
 10
59750.0
 20
300.0
 97
0
 75
1
 76
1
 52
0.0
 41
2.5
 77
0
 78
1
 53
45.0
 43
0.0
 44
0.0
 45
-5.6126600758
 46
5.6126600758
 79
0
 98
0
  0
LWPOLYLINE
  5
744
330
17
100
AcDbEntity
  8
A-WALL
100
AcDbPolyline
 90
4
 70
1
 10
59750.0
 20
0.0
 10
66350.0
 20
0.0
 10
66350.0
 20
300.0
 10
59750.0
 20
300.0
  0
LWPOLYLINE
  5
745
330
17
100
AcDbEntity
  8
A-WALL
100
AcDbPolyline
 90
4
 70
1
 10
61650.0
 20
0.0
 10
62750.0
 20
0.0
 10
62750.0
 20
300.0
 10
61650.0
 20
300.0
  0
LWPOLYLINE
  5
746
330
17
100
AcDbEntity
  8
A-WALL
100
AcDbPolyline
 90
4
 70
1
 10
63150.0
 20
0.0
 10
64950.0
 20
0.0
 10
64950.0
 20
300.0
 10
63150.0
 20
300.0
  0
LWPOLYLINE
  5
747
330
17
100
AcDbEntity
  8
A-WALL
100
AcDbPolyline
 90
4
 70
1
 10
65450.0
 20
0.0
 10
66350.0
 20
0.0
 10
66350.0
 20
300.0
 10
65450.0
 20
300.0
  0
LWPOLYLINE
  5
748
330
17
100
AcDbEntity
  8
A-WALL
100
AcDbPolyline
 90
4
 70
1
 10
60500.0
 20
-3150.0
 10
65350.0
 20
-3150.0
 10
65350.0
 20
0.0
 10
60500.0
 20
0.0
  0
LINE
  5
749
330
17
100
AcDbEntity
  8
A-WALL
100
AcDbLine
 10
60550.0
 20
-40.0
 30
0.0
 11
65300.0
 21
-40.0
 31
0.0
  0
LINE
  5
74A
330
17
100
AcDbEntity
  8
A-WALL
100
AcDbLine
 10
60550.0
 20
-118.0
 30
0.0
 11
65300.0
 21
-118.0
 31
0.0
  0
LINE
  5
74B
330
17
100
AcDbEntity
  8
A-WALL
100
AcDbLine
 10
60550.0
 20
-196.0
 30
0.0
 11
65300.0
 21
-196.0
 31
0.0
  0
LINE
  5
74C
330
17
100
AcDbEntity
  8
A-WALL
100
AcDbLine
 10
60550.0
 20
-274.0
 30
0.0
 11
65300.0
 21
-274.0
 31
0.0
  0
LINE
  5
74D
330
17
100
AcDbEntity
  8
A-WALL
100
AcDbLine
 10
60550.0
 20
-352.0
 30
0.0
 11
65300.0
 21
-352.0
 31
0.0
  0
LINE
  5
74E
330
17
100
AcDbEntity
  8
A-WALL
100
AcDbLine
 10
60550.0
 20
-430.0
 30
0.0
 11
65300.0
 21
-430.0
 31
0.0
  0
LINE
  5
74F
330
17
100
AcDbEntity
  8
A-WALL
100
AcDbLine
 10
60550.0
 20
-508.0
 30
0.0
 11
65300.0
 21
-508.0
 31
0.0
  0
LINE
  5
750
330
17
100
AcDbEntity
  8
A-WALL
100
AcDbLine
 10
60550.0
 20
-586.0
 30
0.0
 11
65300.0
 21
-586.0
 31
0.0
  0
LINE
  5
751
330
17
100
AcDbEntity
  8
A-WALL
100
AcDbLine
 10
60550.0
 20
-664.0
 30
0.0
 11
65300.0
 21
-664.0
 31
0.0
  0
LINE
  5
752
330
17
100
AcDbEntity
  8
A-WALL
100
AcDbLine
 10
60550.0
 20
-742.0
 30
0.0
 11
65300.0
 21
-742.0
 31
0.0
  0
LINE
  5
753
330
17
100
AcDbEntity
  8
A-WALL
100
AcDbLine
 10
60550.0
 20
-820.0
 30
0.0
 11
65300.0
 21
-820.0
 31
0.0
  0
LINE
  5
754
330
17
100
AcDbEntity
  8
A-WALL
100
AcDbLine
 10
60550.0
 20
-898.0
 30
0.0
 11
65300.0
 21
-898.0
 31
0.0
  0
LINE
  5
755
330
17
100
AcDbEntity
  8
A-WALL
100
AcDbLine
 10
60550.0
 20
-976.0
 30
0.0
 11
65300.0
 21
-976.0
 31
0.0
  0
LINE
  5
756
330
17
100
AcDbEntity
  8
A-WALL
100
AcDbLine
 10
60550.0
 20
-1054.0
 30
0.0
 11
65300.0
 21
-1054.0
 31
0.0
  0
LINE
  5
757
330
17
100
AcDbEntity
  8
A-WALL
100
AcDbLine
 10
60550.0
 20
-1132.0
 30
0.0
 11
65300.0
 21
-1132.0
 31
0.0
  0
LINE
  5
758
330
17
100
AcDbEntity
  8
A-WALL
100
AcDbLine
 10
60550.0
 20
-1210.0
 30
0.0
 11
65300.0
 21
-1210.0
 31
0.0
  0
LINE
  5
759
330
17
100
AcDbEntity
  8
A-WALL
100
AcDbLine
 10
60550.0
 20
-1288.0
 30
0.0
 11
65300.0
 21
-1288.0
 31
0.0
  0
LINE
  5
75A
330
17
100
AcDbEntity
  8
A-WALL
100
AcDbLine
 10
60550.0
 20
-1366.0
 30
0.0
 11
65300.0
 21
-1366.0
 31
0.0
  0
LINE
  5
75B
330
17
100
AcDbEntity
  8
A-WALL
100
AcDbLine
 10
60550.0
 20
-1444.0
 30
0.0
 11
65300.0
 21
-1444.0
 31
0.0
  0
LINE
  5
75C
330
17
100
AcDbEntity
  8
A-WALL
100
AcDbLine
 10
60550.0
 20
-1522.0
 30
0.0
 11
65300.0
 21
-1522.0
 31
0.0
  0
LINE
  5
75D
330
17
100
AcDbEntity
  8
A-WALL
100
AcDbLine
 10
60550.0
 20
-1600.0
 30
0.0
 11
65300.0
 21
-1600.0
 31
0.0
  0
LINE
  5
75E
330
17
100
AcDbEntity
  8
A-WALL
100
AcDbLine
 10
60550.0
 20
-1678.0
 30
0.0
 11
65300.0
 21
-1678.0
 31
0.0
  0
LINE
  5
75F
330
17
100
AcDbEntity
  8
A-WALL
100
AcDbLine
 10
60550.0
 20
-1756.0
 30
0.0
 11
65300.0
 21
-1756.0
 31
0.0
  0
LINE
  5
760
330
17
100
AcDbEntity
  8
A-WALL
100
AcDbLine
 10
60550.0
 20
-1834.0
 30
0.0
 11
65300.0
 21
-1834.0
 31
0.0
  0
LINE
  5
761
330
17
100
AcDbEntity
  8
A-WALL
100
AcDbLine
 10
60550.0
 20
-1912.0
 30
0.0
 11
65300.0
 21
-1912.0
 31
0.0
  0
LINE
  5
762
330
17
100
AcDbEntity
  8
A-WALL
100
AcDbLine
 10
60550.0
 20
-1990.0
 30
0.0
 11
65300.0
 21
-1990.0
 31
0.0
  0
LINE
  5
763
330
17
100
AcDbEntity
  8
A-WALL
100
AcDbLine
 10
60550.0
 20
-2068.0
 30
0.0
 11
65300.0
 21
-2068.0
 31
0.0
  0
LINE
  5
764
330
17
100
AcDbEntity
  8
A-WALL
100
AcDbLine
 10
60550.0
 20
-2146.0
 30
0.0
 11
65300.0
 21
-2146.0
 31
0.0
  0
LINE
  5
765
330
17
100
AcDbEntity
  8
A-WALL
100
AcDbLine
 10
60550.0
 20
-2224.0
 30
0.0
 11
65300.0
 21
-2224.0
 31
0.0
  0
LINE
  5
766
330
17
100
AcDbEntity
  8
A-WALL
100
AcDbLine
 10
60550.0
 20
-2302.0
 30
0.0
 11
65300.0
 21
-2302.0
 31
0.0
  0
LINE
  5
767
330
17
100
AcDbEntity
  8
A-WALL
100
AcDbLine
 10
60550.0
 20
-2380.0
 30
0.0
 11
65300.0
 21
-2380.0
 31
0.0
  0
LINE
  5
768
330
17
100
AcDbEntity
  8
A-WALL
100
AcDbLine
 10
60550.0
 20
-2458.0
 30
0.0
 11
65300.0
 21
-2458.0
 31
0.0
  0
LINE
  5
769
330
17
100
AcDbEntity
  8
A-WALL
100
AcDbLine
 10
60550.0
 20
-2536.0
 30
0.0
 11
65300.0
 21
-2536.0
 31
0.0
  0
LINE
  5
76A
330
17
100
AcDbEntity
  8
A-WALL
100
AcDbLine
 10
60550.0
 20
-2614.0
 30
0.0
 11
65300.0
 21
-2614.0
 31
0.0
  0
LINE
  5
76B
330
17
100
AcDbEntity
  8
A-WALL
100
AcDbLine
 10
60550.0
 20
-2692.0
 30
0.0
 11
65300.0
 21
-2692.0
 31
0.0
  0
LINE
  5
76C
330
17
100
AcDbEntity
  8
A-WALL
100
AcDbLine
 10
60550.0
 20
-2770.0
 30
0.0
 11
65300.0
 21
-2770.0
 31
0.0
  0
LINE
  5
76D
330
17
100
AcDbEntity
  8
A-WALL
100
AcDbLine
 10
60550.0
 20
-2848.0
 30
0.0
 11
65300.0
 21
-2848.0
 31
0.0
  0
LINE
  5
76E
330
17
100
AcDbEntity
  8
A-WALL
100
AcDbLine
 10
60550.0
 20
-2926.0
 30
0.0
 11
65300.0
 21
-2926.0
 31
0.0
  0
LINE
  5
76F
330
17
100
AcDbEntity
  8
A-WALL
100
AcDbLine
 10
60550.0
 20
-3004.0
 30
0.0
 11
65300.0
 21
-3004.0
 31
0.0
  0
LINE
  5
770
330
17
100
AcDbEntity
  8
A-WALL
100
AcDbLine
 10
60550.0
 20
-3082.0
 30
0.0
 11
65300.0
 21
-3082.0
 31
0.0
  0
LWPOLYLINE
  5
771
330
17
100
AcDbEntity
  8
A-WALL
100
AcDbPolyline
 90
4
 70
1
 10
60500.0
 20
-3150.0
 10
65350.0
 20
-3150.0
 10
65350.0
 20
-3100.0
 10
60500.0
 20
-3100.0
  0
LWPOLYLINE
  5
772
330
17
100
AcDbEntity
  8
A-WALL
100
AcDbPolyline
 90
4
 70
1
 10
60500.0
 20
-3150.0
 10
60550.0
 20
-3150.0
 10
60550.0
 20
0.0
 10
60500.0
 20
0.0
  0
LWPOLYLINE
  5
773
330
17
100
AcDbEntity
  8
A-WALL
100
AcDbPolyline
 90
4
 70
1
 10
65300.0
 20
-3150.0
 10
65350.0
 20
-3150.0
 10
65350.0
 20
0.0
 10
65300.0
 20
0.0
  0
LWPOLYLINE
  5
774
330
17
100
AcDbEntity
  8
E-LIGHT
100
AcDbPolyline
 90
4
 70
0
 10
60720.0
 20
-30.0
 10
60720.0
 20
-2930.0
 10
65130.0
 20
-2930.0
 10
65130.0
 20
-30.0
  0
LWPOLYLINE
  5
775
330
17
100
AcDbEntity
  8
A-WALL
100
AcDbPolyline
 90
4
 70
1
 10
60520.0
 20
-3130.0
 10
60680.0
 20
-3130.0
 10
60680.0
 20
-2970.0
 10
60520.0
 20
-2970.0
  0
LWPOLYLINE
  5
776
330
17
100
AcDbEntity
  8
A-WALL
100
AcDbPolyline
 90
4
 70
1
 10
60520.0
 20
-1480.0
 10
60680.0
 20
-1480.0
 10
60680.0
 20
-1320.0
 10
60520.0
 20
-1320.0
  0
CIRCLE
  5
777
330
17
100
AcDbEntity
  8
E-LIGHT
100
AcDbCircle
 10
62200.0
 20
-1000.0
 30
0.0
 40
60.0
  0
LINE
  5
778
330
17
100
AcDbEntity
  8
A-WALL
100
AcDbLine
 10
62110.0
 20
-1000.0
 30
0.0
 11
62290.0
 21
-1000.0
 31
0.0
  0
LINE
  5
779
330
17
100
AcDbEntity
  8
A-WALL
100
AcDbLine
 10
62200.0
 20
-1090.0
 30
0.0
 11
62200.0
 21
-910.0
 31
0.0
  0
CIRCLE
  5
77A
330
17
100
AcDbEntity
  8
E-LIGHT
100
AcDbCircle
 10
64050.0
 20
-1000.0
 30
0.0
 40
60.0
  0
LINE
  5
77B
330
17
100
AcDbEntity
  8
A-WALL
100
AcDbLine
 10
63960.0
 20
-1000.0
 30
0.0
 11
64140.0
 21
-1000.0
 31
0.0
  0
LINE
  5
77C
330
17
100
AcDbEntity
  8
A-WALL
100
AcDbLine
 10
64050.0
 20
-1090.0
 30
0.0
 11
64050.0
 21
-910.0
 31
0.0
  0
CIRCLE
  5
77D
330
17
100
AcDbEntity
  8
A-WALL
100
AcDbCircle
 10
61400.0
 20
-60.0
 30
0.0
 40
70.0
  0
LWPOLYLINE
  5
77E
330
17
100
AcDbEntity
  8
A-WALL
  6
DASHED
100
AcDbPolyline
 90
4
 70
0
 10
65130.0
 20
-30.0
 10
65130.0
 20
150.0
 10
65700.0
 20
150.0
 10
65700.0
 20
900.0
  0
TEXT
  5
77F
330
17
100
AcDbEntity
  8
A-TEXT
100
AcDbText
 10
65750.0
 20
700.0
 30
0.0
 40
25.2
  1
→ LED drivers in UTILITY (behind D03)
 11
65750.0
 21
700.0
 31
0.0
100
AcDbText
 73
1
  0
LINE
  5
780
330
17
100
AcDbEntity
  8
A-DIMS
100
AcDbLine
 10
60500.0
 20
-3170.0
 30
0.0
 11
60500.0
 21
-3397.5
 31
0.0
  0
LINE
  5
781
330
17
100
AcDbEntity
  8
A-DIMS
100
AcDbLine
 10
60720.0
 20
-3170.0
 30
0.0
 11
60720.0
 21
-3397.5
 31
0.0
  0
LINE
  5
782
330
17
100
AcDbEntity
  8
A-DIMS
100
AcDbLine
 10
60500.0
 20
-3375.0
 30
0.0
 11
60720.0
 21
-3375.0
 31
0.0
  0
TEXT
  5
783
330
17
100
AcDbEntity
  8
A-DIMS
100
AcDbText
 10
60610.0
 20
-3375.0
 30
0.0
 40
28.799999999999997
  1
220
 72
1
 11
60610.0
 21
-3375.0
 31
0.0
100
AcDbText
 73
1
  0
LINE
  5
784
330
17
100
AcDbEntity
  8
A-DIMS
100
AcDbLine
 10
60720.0
 20
-3170.0
 30
0.0
 11
60720.0
 21
-3397.5
 31
0.0
  0
LINE
  5
785
330
17
100
AcDbEntity
  8
A-DIMS
100
AcDbLine
 10
62200.0
 20
-3170.0
 30
0.0
 11
62200.0
 21
-3397.5
 31
0.0
  0
LINE
  5
786
330
17
100
AcDbEntity
  8
A-DIMS
100
AcDbLine
 10
60720.0
 20
-3375.0
 30
0.0
 11
62200.0
 21
-3375.0
 31
0.0
  0
TEXT
  5
787
330
17
100
AcDbEntity
  8
A-DIMS
100
AcDbText
 10
61460.0
 20
-3375.0
 30
0.0
 40
28.799999999999997
  1
1480
 72
1
 11
61460.0
 21
-3375.0
 31
0.0
100
AcDbText
 73
1
  0
LINE
  5
788
330
17
100
AcDbEntity
  8
A-DIMS
100
AcDbLine
 10
62200.0
 20
-3170.0
 30
0.0
 11
62200.0
 21
-3397.5
 31
0.0
  0
LINE
  5
789
330
17
100
AcDbEntity
  8
A-DIMS
100
AcDbLine
 10
64050.0
 20
-3170.0
 30
0.0
 11
64050.0
 21
-3397.5
 31
0.0
  0
LINE
  5
78A
330
17
100
AcDbEntity
  8
A-DIMS
100
AcDbLine
 10
62200.0
 20
-3375.0
 30
0.0
 11
64050.0
 21
-3375.0
 31
0.0
  0
TEXT
  5
78B
330
17
100
AcDbEntity
  8
A-DIMS
100
AcDbText
 10
63125.0
 20
-3375.0
 30
0.0
 40
28.799999999999997
  1
1850
 72
1
 11
63125.0
 21
-3375.0
 31
0.0
100
AcDbText
 73
1
  0
LINE
  5
78C
330
17
100
AcDbEntity
  8
A-DIMS
100
AcDbLine
 10
64050.0
 20
-3170.0
 30
0.0
 11
64050.0
 21
-3397.5
 31
0.0
  0
LINE
  5
78D
330
17
100
AcDbEntity
  8
A-DIMS
100
AcDbLine
 10
65130.0
 20
-3170.0
 30
0.0
 11
65130.0
 21
-3397.5
 31
0.0
  0
LINE
  5
78E
330
17
100
AcDbEntity
  8
A-DIMS
100
AcDbLine
 10
64050.0
 20
-3375.0
 30
0.0
 11
65130.0
 21
-3375.0
 31
0.0
  0
TEXT
  5
78F
330
17
100
AcDbEntity
  8
A-DIMS
100
AcDbText
 10
64590.0
 20
-3375.0
 30
0.0
 40
28.799999999999997
  1
1080
 72
1
 11
64590.0
 21
-3375.0
 31
0.0
100
AcDbText
 73
1
  0
LINE
  5
790
330
17
100
AcDbEntity
  8
A-DIMS
100
AcDbLine
 10
65130.0
 20
-3170.0
 30
0.0
 11
65130.0
 21
-3397.5
 31
0.0
  0
LINE
  5
791
330
17
100
AcDbEntity
  8
A-DIMS
100
AcDbLine
 10
65350.0
 20
-3170.0
 30
0.0
 11
65350.0
 21
-3397.5
 31
0.0
  0
LINE
  5
792
330
17
100
AcDbEntity
  8
A-DIMS
100
AcDbLine
 10
65130.0
 20
-3375.0
 30
0.0
 11
65350.0
 21
-3375.0
 31
0.0
  0
TEXT
  5
793
330
17
100
AcDbEntity
  8
A-DIMS
100
AcDbText
 10
65240.0
 20
-3375.0
 30
0.0
 40
28.799999999999997
  1
220
 72
1
 11
65240.0
 21
-3375.0
 31
0.0
100
AcDbText
 73
1
  0
LINE
  5
794
330
17
100
AcDbEntity
  8
A-DIMS
100
AcDbLine
 10
60500.0
 20
-3170.0
 30
0.0
 11
60500.0
 21
-3522.5
 31
0.0
  0
LINE
  5
795
330
17
100
AcDbEntity
  8
A-DIMS
100
AcDbLine
 10
65350.0
 20
-3170.0
 30
0.0
 11
65350.0
 21
-3522.5
 31
0.0
  0
LINE
  5
796
330
17
100
AcDbEntity
  8
A-DIMS
100
AcDbLine
 10
60500.0
 20
-3500.0
 30
0.0
 11
65350.0
 21
-3500.0
 31
0.0
  0
TEXT
  5
797
330
17
100
AcDbEntity
  8
A-DIMS
100
AcDbText
 10
62925.0
 20
-3500.0
 30
0.0
 40
28.799999999999997
  1
4850
 72
1
 11
62925.0
 21
-3500.0
 31
0.0
100
AcDbText
 73
1
  0
LINE
  5
798
330
17
100
AcDbEntity
  8
A-DIMS
100
AcDbLine
 10
65370.0
 20
0.0
 30
0.0
 11
65572.5
 21
0.0
 31
0.0
  0
LINE
  5
799
330
17
100
AcDbEntity
  8
A-DIMS
100
AcDbLine
 10
65370.0
 20
-1000.0
 30
0.0
 11
65572.5
 21
-1000.0
 31
0.0
  0
LINE
  5
79A
330
17
100
AcDbEntity
  8
A-DIMS
100
AcDbLine
 10
65550.0
 20
0.0
 30
0.0
 11
65550.0
 21
-1000.0
 31
0.0
  0
TEXT
  5
79B
330
17
100
AcDbEntity
  8
A-DIMS
100
AcDbText
 10
65550.0
 20
-500.0
 30
0.0
 40
28.799999999999997
  1
1000
 50
90.0
 72
1
 11
65550.0
 21
-500.0
 31
0.0
100
AcDbText
 73
1
  0
LINE
  5
79C
330
17
100
AcDbEntity
  8
A-DIMS
100
AcDbLine
 10
65370.0
 20
-1000.0
 30
0.0
 11
65572.5
 21
-1000.0
 31
0.0
  0
LINE
  5
79D
330
17
100
AcDbEntity
  8
A-DIMS
100
AcDbLine
 10
65370.0
 20
-2930.0
 30
0.0
 11
65572.5
 21
-2930.0
 31
0.0
  0
LINE
  5
79E
330
17
100
AcDbEntity
  8
A-DIMS
100
AcDbLine
 10
65550.0
 20
-1000.0
 30
0.0
 11
65550.0
 21
-2930.0
 31
0.0
  0
TEXT
  5
79F
330
17
100
AcDbEntity
  8
A-DIMS
100
AcDbText
 10
65550.0
 20
-1965.0
 30
0.0
 40
28.799999999999997
  1
1930
 50
90.0
 72
1
 11
65550.0
 21
-1965.0
 31
0.0
100
AcDbText
 73
1
  0
LINE
  5
7A0
330
17
100
AcDbEntity
  8
A-DIMS
100
AcDbLine
 10
65370.0
 20
-2930.0
 30
0.0
 11
65572.5
 21
-2930.0
 31
0.0
  0
LINE
  5
7A1
330
17
100
AcDbEntity
  8
A-DIMS
100
AcDbLine
 10
65370.0
 20
-3150.0
 30
0.0
 11
65572.5
 21
-3150.0
 31
0.0
  0
LINE
  5
7A2
330
17
100
AcDbEntity
  8
A-DIMS
100
AcDbLine
 10
65550.0
 20
-2930.0
 30
0.0
 11
65550.0
 21
-3150.0
 31
0.0
  0
TEXT
  5
7A3
330
17
100
AcDbEntity
  8
A-DIMS
100
AcDbText
 10
65550.0
 20
-3040.0
 30
0.0
 40
28.799999999999997
  1
220
 50
90.0
 72
1
 11
65550.0
 21
-3040.0
 31
0.0
100
AcDbText
 73
1
  0
HATCH
  5
7A4
330
17
100
AcDbEntity
  8
A-HATCH
 62
7
100
AcDbHatch
 10
0.0
 20
0.0
 30
0.0
210
0.0
220
0.0
230
1.0
  2
EARTH
 70
0
 71
0
 91
1
 92
3
 72
0
 73
1
 93
4
 10
-250.0
 20
-20005.0
 10
7350.0
 20
-20005.0
 10
7350.0
 20
-20255.0
 10
-250.0
 20
-20255.0
 97
0
 75
1
 76
1
 52
0.0
 41
2.5
 77
0
 78
6
 53
0.0
 43
0.0
 44
0.0
 45
15.875
 46
15.875
 79
2
 49
15.875
 49
-15.875
 53
0.0
 43
0.0
 44
5.953125
 45
15.875
 46
15.875
 79
2
 49
15.875
 49
-15.875
 53
0.0
 43
0.0
 44
11.90625
 45
15.875
 46
15.875
 79
2
 49
15.875
 49
-15.875
 53
90.0
 43
1.984375
 44
13.890625
 45
-15.875
 46
15.875
 79
2
 49
15.875
 49
-15.875
 53
90.0
 43
7.9375
 44
13.890625
 45
-15.875
 46
15.875
 79
2
 49
15.875
 49
-15.875
 53
90.0
 43
13.890625
 44
13.890625
 45
-15.875
 46
15.875
 79
2
 49
15.875
 49
-15.875
 98
0
  0
LWPOLYLINE
  5
7A5
330
17
100
AcDbEntity
  8
A-WALL
100
AcDbPolyline
 90
4
 70
1
 10
-250.0
 20
-20005.0
 10
7350.0
 20
-20005.0
 10
7350.0
 20
-20255.0
 10
-250.0
 20
-20255.0
  0
LINE
  5
7A6
330
17
100
AcDbEntity
  8
A-WALL
100
AcDbLine
 10
-250.0
 20
-20005.0
 30
0.0
 11
7350.0
 21
-20005.0
 31
0.0
  0
LWPOLYLINE
  5
7A7
330
17
100
AcDbEntity
  8
A-WALL
100
AcDbPolyline
 90
4
 70
1
 10
0.0
 20
-20005.0
 10
7200.0
 20
-20005.0
 10
7200.0
 20
-16600.0
 10
0.0
 20
-16600.0
  0
LWPOLYLINE
  5
7A8
330
17
100
AcDbEntity
  8
A-WALL
100
AcDbPolyline
 90
4
 70
1
 10
0.0
 20
-16650.0
 10
7200.0
 20
-16650.0
 10
7200.0
 20
-16600.0
 10
0.0
 20
-16600.0
  0
LWPOLYLINE
  5
7A9
330
17
100
AcDbEntity
  8
A-WALL
  6
DASHED
100
AcDbPolyline
 90
4
 70
1
 10
2200.0
 20
-16450.0
 10
4400.0
 20
-16450.0
 10
4400.0
 20
-16000.0
 10
2200.0
 20
-16000.0
  0
CIRCLE
  5
7AA
330
17
100
AcDbEntity
  8
A-WALL
100
AcDbCircle
 10
2600.0
 20
-15950.0
 30
0.0
 40
220.0
  0
LWPOLYLINE
  5
7AB
330
17
100
AcDbEntity
  8
A-WALL
  6
DASHED
100
AcDbPolyline
 90
4
 70
1
 10
2350.0
 20
-16150.0
 10
4250.0
 20
-16150.0
 10
4250.0
 20
-15650.0
 10
2350.0
 20
-15650.0
  0
TEXT
  5
7AC
330
17
100
AcDbEntity
  8
A-TEXT
100
AcDbText
 10
3300.0
 20
-15520.0
 30
0.0
 40
25.2
  1
EXISTING SOLAR WATER HEATER (retain)
 72
1
 11
3300.0
 21
-15520.0
 31
0.0
100
AcDbText
 73
1
  0
LWPOLYLINE
  5
7AD
330
17
100
AcDbEntity
  8
A-DOOR
100
AcDbPolyline
 90
4
 70
1
 10
1650.0
 20
-20000.0
 10
2750.0
 20
-20000.0
 10
2750.0
 20
-17600.0
 10
1650.0
 20
-17600.0
  0
HATCH
  5
7AE
330
17
100
AcDbEntity
  8
A-HATCH
 62
8
100
AcDbHatch
 10
0.0
 20
0.0
 30
0.0
210
0.0
220
0.0
230
1.0
  2
SOLID
 70
1
 71
0
 91
1
 92
3
 72
0
 73
1
 93
4
 10
1710.0
 20
-19975.0
 10
2690.0
 20
-19975.0
 10
2690.0
 20
-17660.0
 10
1710.0
 20
-17660.0
 97
0
 75
0
 76
1
 98
0
  0
LWPOLYLINE
  5
7AF
330
17
100
AcDbEntity
  8
A-DOOR
100
AcDbPolyline
 90
4
 70
1
 10
1710.0
 20
-19975.0
 10
2690.0
 20
-19975.0
 10
2690.0
 20
-17660.0
 10
1710.0
 20
-17660.0
  0
LWPOLYLINE
  5
7B0
330
17
100
AcDbEntity
  8
A-DOOR
100
AcDbPolyline
 90
4
 70
1
 10
1710.0
 20
-19975.0
 10
2690.0
 20
-19975.0
 10
2690.0
 20
-17660.0
 10
1710.0
 20
-17660.0
  0
LWPOLYLINE
  5
7B1
330
17
100
AcDbEntity
  8
A-WALL
100
AcDbPolyline
 90
4
 70
1
 10
1750.0
 20
-19050.0
 10
1770.0
 20
-19050.0
 10
1770.0
 20
-18750.0
 10
1750.0
 20
-18750.0
  0
LINE
  5
7B2
330
17
100
AcDbEntity
  8
A-WALL
  6
DASHED
100
AcDbLine
 10
1710.0
 20
-19975.0
 30
0.0
 11
2690.0
 21
-18800.0
 31
0.0
  0
LINE
  5
7B3
330
17
100
AcDbEntity
  8
A-WALL
  6
DASHED
100
AcDbLine
 10
1710.0
 20
-17660.0
 30
0.0
 11
2690.0
 21
-18800.0
 31
0.0
  0
LWPOLYLINE
  5
7B4
330
17
100
AcDbEntity
  8
A-DOOR
100
AcDbPolyline
 90
4
 70
1
 10
3150.0
 20
-20000.0
 10
4950.0
 20
-20000.0
 10
4950.0
 20
-17600.0
 10
3150.0
 20
-17600.0
  0
LWPOLYLINE
  5
7B5
330
17
100
AcDbEntity
  8
A-DOOR
100
AcDbPolyline
 90
4
 70
1
 10
3230.0
 20
-20000.0
 10
4870.0
 20
-20000.0
 10
4870.0
 20
-17600.0
 10
3230.0
 20
-17600.0
  0
LINE
  5
7B6
330
17
100
AcDbEntity
  8
A-DOOR
100
AcDbLine
 10
3230.0
 20
-19940.0
 30
0.0
 11
4870.0
 21
-19940.0
 31
0.0
  0
LINE
  5
7B7
330
17
100
AcDbEntity
  8
A-DOOR
100
AcDbLine
 10
3230.0
 20
-19863.0
 30
0.0
 11
4870.0
 21
-19863.0
 31
0.0
  0
LINE
  5
7B8
330
17
100
AcDbEntity
  8
A-DOOR
100
AcDbLine
 10
3230.0
 20
-19786.0
 30
0.0
 11
4870.0
 21
-19786.0
 31
0.0
  0
LINE
  5
7B9
330
17
100
AcDbEntity
  8
A-DOOR
100
AcDbLine
 10
3230.0
 20
-19709.0
 30
0.0
 11
4870.0
 21
-19709.0
 31
0.0
  0
LINE
  5
7BA
330
17
100
AcDbEntity
  8
A-DOOR
100
AcDbLine
 10
3230.0
 20
-19632.0
 30
0.0
 11
4870.0
 21
-19632.0
 31
0.0
  0
LINE
  5
7BB
330
17
100
AcDbEntity
  8
A-DOOR
100
AcDbLine
 10
3230.0
 20
-19555.0
 30
0.0
 11
4870.0
 21
-19555.0
 31
0.0
  0
LINE
  5
7BC
330
17
100
AcDbEntity
  8
A-DOOR
100
AcDbLine
 10
3230.0
 20
-19478.0
 30
0.0
 11
4870.0
 21
-19478.0
 31
0.0
  0
LINE
  5
7BD
330
17
100
AcDbEntity
  8
A-DOOR
100
AcDbLine
 10
3230.0
 20
-19401.0
 30
0.0
 11
4870.0
 21
-19401.0
 31
0.0
  0
LINE
  5
7BE
330
17
100
AcDbEntity
  8
A-DOOR
100
AcDbLine
 10
3230.0
 20
-19324.0
 30
0.0
 11
4870.0
 21
-19324.0
 31
0.0
  0
LINE
  5
7BF
330
17
100
AcDbEntity
  8
A-DOOR
100
AcDbLine
 10
3230.0
 20
-19247.0
 30
0.0
 11
4870.0
 21
-19247.0
 31
0.0
  0
LINE
  5
7C0
330
17
100
AcDbEntity
  8
A-DOOR
100
AcDbLine
 10
3230.0
 20
-19170.0
 30
0.0
 11
4870.0
 21
-19170.0
 31
0.0
  0
LINE
  5
7C1
330
17
100
AcDbEntity
  8
A-DOOR
100
AcDbLine
 10
3230.0
 20
-19093.0
 30
0.0
 11
4870.0
 21
-19093.0
 31
0.0
  0
LINE
  5
7C2
330
17
100
AcDbEntity
  8
A-DOOR
100
AcDbLine
 10
3230.0
 20
-19016.0
 30
0.0
 11
4870.0
 21
-19016.0
 31
0.0
  0
LINE
  5
7C3
330
17
100
AcDbEntity
  8
A-DOOR
100
AcDbLine
 10
3230.0
 20
-18939.0
 30
0.0
 11
4870.0
 21
-18939.0
 31
0.0
  0
LINE
  5
7C4
330
17
100
AcDbEntity
  8
A-DOOR
100
AcDbLine
 10
3230.0
 20
-18862.0
 30
0.0
 11
4870.0
 21
-18862.0
 31
0.0
  0
LINE
  5
7C5
330
17
100
AcDbEntity
  8
A-DOOR
100
AcDbLine
 10
3230.0
 20
-18785.0
 30
0.0
 11
4870.0
 21
-18785.0
 31
0.0
  0
LINE
  5
7C6
330
17
100
AcDbEntity
  8
A-DOOR
100
AcDbLine
 10
3230.0
 20
-18708.0
 30
0.0
 11
4870.0
 21
-18708.0
 31
0.0
  0
LINE
  5
7C7
330
17
100
AcDbEntity
  8
A-DOOR
100
AcDbLine
 10
3230.0
 20
-18631.0
 30
0.0
 11
4870.0
 21
-18631.0
 31
0.0
  0
LINE
  5
7C8
330
17
100
AcDbEntity
  8
A-DOOR
100
AcDbLine
 10
3230.0
 20
-18554.0
 30
0.0
 11
4870.0
 21
-18554.0
 31
0.0
  0
LINE
  5
7C9
330
17
100
AcDbEntity
  8
A-DOOR
100
AcDbLine
 10
3230.0
 20
-18477.0
 30
0.0
 11
4870.0
 21
-18477.0
 31
0.0
  0
LINE
  5
7CA
330
17
100
AcDbEntity
  8
A-DOOR
100
AcDbLine
 10
3230.0
 20
-18400.0
 30
0.0
 11
4870.0
 21
-18400.0
 31
0.0
  0
LINE
  5
7CB
330
17
100
AcDbEntity
  8
A-DOOR
100
AcDbLine
 10
3230.0
 20
-18323.0
 30
0.0
 11
4870.0
 21
-18323.0
 31
0.0
  0
LINE
  5
7CC
330
17
100
AcDbEntity
  8
A-DOOR
100
AcDbLine
 10
3230.0
 20
-18246.0
 30
0.0
 11
4870.0
 21
-18246.0
 31
0.0
  0
LINE
  5
7CD
330
17
100
AcDbEntity
  8
A-DOOR
100
AcDbLine
 10
3230.0
 20
-18169.0
 30
0.0
 11
4870.0
 21
-18169.0
 31
0.0
  0
LINE
  5
7CE
330
17
100
AcDbEntity
  8
A-DOOR
100
AcDbLine
 10
3230.0
 20
-18092.0
 30
0.0
 11
4870.0
 21
-18092.0
 31
0.0
  0
LINE
  5
7CF
330
17
100
AcDbEntity
  8
A-DOOR
100
AcDbLine
 10
3230.0
 20
-18015.0
 30
0.0
 11
4870.0
 21
-18015.0
 31
0.0
  0
LINE
  5
7D0
330
17
100
AcDbEntity
  8
A-DOOR
100
AcDbLine
 10
3230.0
 20
-17938.0
 30
0.0
 11
4870.0
 21
-17938.0
 31
0.0
  0
LINE
  5
7D1
330
17
100
AcDbEntity
  8
A-DOOR
100
AcDbLine
 10
3230.0
 20
-17861.0
 30
0.0
 11
4870.0
 21
-17861.0
 31
0.0
  0
LINE
  5
7D2
330
17
100
AcDbEntity
  8
A-DOOR
100
AcDbLine
 10
3230.0
 20
-17784.0
 30
0.0
 11
4870.0
 21
-17784.0
 31
0.0
  0
LINE
  5
7D3
330
17
100
AcDbEntity
  8
A-DOOR
100
AcDbLine
 10
3230.0
 20
-17707.0
 30
0.0
 11
4870.0
 21
-17707.0
 31
0.0
  0
LINE
  5
7D4
330
17
100
AcDbEntity
  8
A-DOOR
100
AcDbLine
 10
3230.0
 20
-17630.0
 30
0.0
 11
4870.0
 21
-17630.0
 31
0.0
  0
LWPOLYLINE
  5
7D5
330
17
100
AcDbEntity
  8
A-WALL
100
AcDbPolyline
 90
4
 70
1
 10
3230.0
 20
-20000.0
 10
4870.0
 20
-20000.0
 10
4870.0
 20
-19940.0
 10
3230.0
 20
-19940.0
  0
LWPOLYLINE
  5
7D6
330
17
100
AcDbEntity
  8
A-DOOR
100
AcDbPolyline
 90
4
 70
1
 10
5450.0
 20
-20000.0
 10
6350.0
 20
-20000.0
 10
6350.0
 20
-17600.0
 10
5450.0
 20
-17600.0
  0
LWPOLYLINE
  5
7D7
330
17
100
AcDbEntity
  8
A-DOOR
100
AcDbPolyline
 90
4
 70
1
 10
5483.0
 20
-19990.0
 10
6317.0
 20
-19990.0
 10
6317.0
 20
-17633.0
 10
5483.0
 20
-17633.0
  0
LWPOLYLINE
  5
7D8
330
17
100
AcDbEntity
  8
A-DOOR
100
AcDbPolyline
 90
4
 70
1
 10
5573.0
 20
-19790.0
 10
5652.0
 20
-19790.0
 10
5652.0
 20
-19710.277777777777
 10
5573.0
 20
-19710.277777777777
  0
LWPOLYLINE
  5
7D9
330
17
100
AcDbEntity
  8
A-DOOR
100
AcDbPolyline
 90
4
 70
1
 10
5573.0
 20
-19674.277777777777
 10
5652.0
 20
-19674.277777777777
 10
5652.0
 20
-19594.555555555555
 10
5573.0
 20
-19594.555555555555
  0
LWPOLYLINE
  5
7DA
330
17
100
AcDbEntity
  8
A-DOOR
100
AcDbPolyline
 90
4
 70
1
 10
5573.0
 20
-19558.555555555555
 10
5652.0
 20
-19558.555555555555
 10
5652.0
 20
-19478.833333333332
 10
5573.0
 20
-19478.833333333332
  0
LWPOLYLINE
  5
7DB
330
17
100
AcDbEntity
  8
A-DOOR
100
AcDbPolyline
 90
4
 70
1
 10
5573.0
 20
-19442.833333333332
 10
5652.0
 20
-19442.833333333332
 10
5652.0
 20
-19363.11111111111
 10
5573.0
 20
-19363.11111111111
  0
LWPOLYLINE
  5
7DC
330
17
100
AcDbEntity
  8
A-DOOR
100
AcDbPolyline
 90
4
 70
1
 10
5573.0
 20
-19327.11111111111
 10
5652.0
 20
-19327.11111111111
 10
5652.0
 20
-19247.38888888889
 10
5573.0
 20
-19247.38888888889
  0
LWPOLYLINE
  5
7DD
330
17
100
AcDbEntity
  8
A-DOOR
100
AcDbPolyline
 90
4
 70
1
 10
5573.0
 20
-19211.38888888889
 10
5652.0
 20
-19211.38888888889
 10
5652.0
 20
-19131.666666666668
 10
5573.0
 20
-19131.666666666668
  0
LWPOLYLINE
  5
7DE
330
17
100
AcDbEntity
  8
A-DOOR
100
AcDbPolyline
 90
4
 70
1
 10
5573.0
 20
-19095.666666666668
 10
5652.0
 20
-19095.666666666668
 10
5652.0
 20
-19015.944444444445
 10
5573.0
 20
-19015.944444444445
  0
LWPOLYLINE
  5
7DF
330
17
100
AcDbEntity
  8
A-DOOR
100
AcDbPolyline
 90
4
 70
1
 10
5573.0
 20
-18979.944444444445
 10
5652.0
 20
-18979.944444444445
 10
5652.0
 20
-18900.222222222223
 10
5573.0
 20
-18900.222222222223
  0
LWPOLYLINE
  5
7E0
330
17
100
AcDbEntity
  8
A-DOOR
100
AcDbPolyline
 90
4
 70
1
 10
5573.0
 20
-18864.222222222223
 10
5652.0
 20
-18864.222222222223
 10
5652.0
 20
-18784.5
 10
5573.0
 20
-18784.5
  0
LWPOLYLINE
  5
7E1
330
17
100
AcDbEntity
  8
A-DOOR
100
AcDbPolyline
 90
4
 70
1
 10
5573.0
 20
-18748.5
 10
5652.0
 20
-18748.5
 10
5652.0
 20
-18668.777777777777
 10
5573.0
 20
-18668.777777777777
  0
LWPOLYLINE
  5
7E2
330
17
100
AcDbEntity
  8
A-DOOR
100
AcDbPolyline
 90
4
 70
1
 10
5573.0
 20
-18632.777777777777
 10
5652.0
 20
-18632.777777777777
 10
5652.0
 20
-18553.055555555555
 10
5573.0
 20
-18553.055555555555
  0
LWPOLYLINE
  5
7E3
330
17
100
AcDbEntity
  8
A-DOOR
100
AcDbPolyline
 90
4
 70
1
 10
5573.0
 20
-18517.055555555555
 10
5652.0
 20
-18517.055555555555
 10
5652.0
 20
-18437.333333333332
 10
5573.0
 20
-18437.333333333332
  0
LWPOLYLINE
  5
7E4
330
17
100
AcDbEntity
  8
A-DOOR
100
AcDbPolyline
 90
4
 70
1
 10
5573.0
 20
-18401.333333333332
 10
5652.0
 20
-18401.333333333332
 10
5652.0
 20
-18321.61111111111
 10
5573.0
 20
-18321.61111111111
  0
LWPOLYLINE
  5
7E5
330
17
100
AcDbEntity
  8
A-DOOR
100
AcDbPolyline
 90
4
 70
1
 10
5573.0
 20
-18285.61111111111
 10
5652.0
 20
-18285.61111111111
 10
5652.0
 20
-18205.88888888889
 10
5573.0
 20
-18205.88888888889
  0
LWPOLYLINE
  5
7E6
330
17
100
AcDbEntity
  8
A-DOOR
100
AcDbPolyline
 90
4
 70
1
 10
5573.0
 20
-18169.88888888889
 10
5652.0
 20
-18169.88888888889
 10
5652.0
 20
-18090.166666666668
 10
5573.0
 20
-18090.166666666668
  0
LWPOLYLINE
  5
7E7
330
17
100
AcDbEntity
  8
A-DOOR
100
AcDbPolyline
 90
4
 70
1
 10
5573.0
 20
-18054.166666666668
 10
5652.0
 20
-18054.166666666668
 10
5652.0
 20
-17974.444444444445
 10
5573.0
 20
-17974.444444444445
  0
LWPOLYLINE
  5
7E8
330
17
100
AcDbEntity
  8
A-DOOR
100
AcDbPolyline
 90
4
 70
1
 10
5573.0
 20
-17938.444444444445
 10
5652.0
 20
-17938.444444444445
 10
5652.0
 20
-17858.722222222223
 10
5573.0
 20
-17858.722222222223
  0
LWPOLYLINE
  5
7E9
330
17
100
AcDbEntity
  8
A-DOOR
100
AcDbPolyline
 90
4
 70
1
 10
5573.0
 20
-17822.722222222223
 10
5652.0
 20
-17822.722222222223
 10
5652.0
 20
-17743.0
 10
5573.0
 20
-17743.0
  0
LWPOLYLINE
  5
7EA
330
17
100
AcDbEntity
  8
A-DOOR
100
AcDbPolyline
 90
4
 70
1
 10
5688.0
 20
-19790.0
 10
5767.0
 20
-19790.0
 10
5767.0
 20
-19710.277777777777
 10
5688.0
 20
-19710.277777777777
  0
LWPOLYLINE
  5
7EB
330
17
100
AcDbEntity
  8
A-DOOR
100
AcDbPolyline
 90
4
 70
1
 10
5688.0
 20
-19674.277777777777
 10
5767.0
 20
-19674.277777777777
 10
5767.0
 20
-19594.555555555555
 10
5688.0
 20
-19594.555555555555
  0
LWPOLYLINE
  5
7EC
330
17
100
AcDbEntity
  8
A-DOOR
100
AcDbPolyline
 90
4
 70
1
 10
5688.0
 20
-19558.555555555555
 10
5767.0
 20
-19558.555555555555
 10
5767.0
 20
-19478.833333333332
 10
5688.0
 20
-19478.833333333332
  0
LWPOLYLINE
  5
7ED
330
17
100
AcDbEntity
  8
A-DOOR
100
AcDbPolyline
 90
4
 70
1
 10
5688.0
 20
-19442.833333333332
 10
5767.0
 20
-19442.833333333332
 10
5767.0
 20
-19363.11111111111
 10
5688.0
 20
-19363.11111111111
  0
LWPOLYLINE
  5
7EE
330
17
100
AcDbEntity
  8
A-DOOR
100
AcDbPolyline
 90
4
 70
1
 10
5688.0
 20
-19327.11111111111
 10
5767.0
 20
-19327.11111111111
 10
5767.0
 20
-19247.38888888889
 10
5688.0
 20
-19247.38888888889
  0
LWPOLYLINE
  5
7EF
330
17
100
AcDbEntity
  8
A-DOOR
100
AcDbPolyline
 90
4
 70
1
 10
5688.0
 20
-19211.38888888889
 10
5767.0
 20
-19211.38888888889
 10
5767.0
 20
-19131.666666666668
 10
5688.0
 20
-19131.666666666668
  0
LWPOLYLINE
  5
7F0
330
17
100
AcDbEntity
  8
A-DOOR
100
AcDbPolyline
 90
4
 70
1
 10
5688.0
 20
-19095.666666666668
 10
5767.0
 20
-19095.666666666668
 10
5767.0
 20
-19015.944444444445
 10
5688.0
 20
-19015.944444444445
  0
LWPOLYLINE
  5
7F1
330
17
100
AcDbEntity
  8
A-DOOR
100
AcDbPolyline
 90
4
 70
1
 10
5688.0
 20
-18979.944444444445
 10
5767.0
 20
-18979.944444444445
 10
5767.0
 20
-18900.222222222223
 10
5688.0
 20
-18900.222222222223
  0
LWPOLYLINE
  5
7F2
330
17
100
AcDbEntity
  8
A-DOOR
100
AcDbPolyline
 90
4
 70
1
 10
5688.0
 20
-18864.222222222223
 10
5767.0
 20
-18864.222222222223
 10
5767.0
 20
-18784.5
 10
5688.0
 20
-18784.5
  0
LWPOLYLINE
  5
7F3
330
17
100
AcDbEntity
  8
A-DOOR
100
AcDbPolyline
 90
4
 70
1
 10
5688.0
 20
-18748.5
 10
5767.0
 20
-18748.5
 10
5767.0
 20
-18668.777777777777
 10
5688.0
 20
-18668.777777777777
  0
LWPOLYLINE
  5
7F4
330
17
100
AcDbEntity
  8
A-DOOR
100
AcDbPolyline
 90
4
 70
1
 10
5688.0
 20
-18632.777777777777
 10
5767.0
 20
-18632.777777777777
 10
5767.0
 20
-18553.055555555555
 10
5688.0
 20
-18553.055555555555
  0
LWPOLYLINE
  5
7F5
330
17
100
AcDbEntity
  8
A-DOOR
100
AcDbPolyline
 90
4
 70
1
 10
5688.0
 20
-18517.055555555555
 10
5767.0
 20
-18517.055555555555
 10
5767.0
 20
-18437.333333333332
 10
5688.0
 20
-18437.333333333332
  0
LWPOLYLINE
  5
7F6
330
17
100
AcDbEntity
  8
A-DOOR
100
AcDbPolyline
 90
4
 70
1
 10
5688.0
 20
-18401.333333333332
 10
5767.0
 20
-18401.333333333332
 10
5767.0
 20
-18321.61111111111
 10
5688.0
 20
-18321.61111111111
  0
LWPOLYLINE
  5
7F7
330
17
100
AcDbEntity
  8
A-DOOR
100
AcDbPolyline
 90
4
 70
1
 10
5688.0
 20
-18285.61111111111
 10
5767.0
 20
-18285.61111111111
 10
5767.0
 20
-18205.88888888889
 10
5688.0
 20
-18205.88888888889
  0
LWPOLYLINE
  5
7F8
330
17
100
AcDbEntity
  8
A-DOOR
100
AcDbPolyline
 90
4
 70
1
 10
5688.0
 20
-18169.88888888889
 10
5767.0
 20
-18169.88888888889
 10
5767.0
 20
-18090.166666666668
 10
5688.0
 20
-18090.166666666668
  0
LWPOLYLINE
  5
7F9
330
17
100
AcDbEntity
  8
A-DOOR
100
AcDbPolyline
 90
4
 70
1
 10
5688.0
 20
-18054.166666666668
 10
5767.0
 20
-18054.166666666668
 10
5767.0
 20
-17974.444444444445
 10
5688.0
 20
-17974.444444444445
  0
LWPOLYLINE
  5
7FA
330
17
100
AcDbEntity
  8
A-DOOR
100
AcDbPolyline
 90
4
 70
1
 10
5688.0
 20
-17938.444444444445
 10
5767.0
 20
-17938.444444444445
 10
5767.0
 20
-17858.722222222223
 10
5688.0
 20
-17858.722222222223
  0
LWPOLYLINE
  5
7FB
330
17
100
AcDbEntity
  8
A-DOOR
100
AcDbPolyline
 90
4
 70
1
 10
5688.0
 20
-17822.722222222223
 10
5767.0
 20
-17822.722222222223
 10
5767.0
 20
-17743.0
 10
5688.0
 20
-17743.0
  0
LWPOLYLINE
  5
7FC
330
17
100
AcDbEntity
  8
A-DOOR
100
AcDbPolyline
 90
4
 70
1
 10
5803.0
 20
-19790.0
 10
5882.0
 20
-19790.0
 10
5882.0
 20
-19710.277777777777
 10
5803.0
 20
-19710.277777777777
  0
LWPOLYLINE
  5
7FD
330
17
100
AcDbEntity
  8
A-DOOR
100
AcDbPolyline
 90
4
 70
1
 10
5803.0
 20
-19674.277777777777
 10
5882.0
 20
-19674.277777777777
 10
5882.0
 20
-19594.555555555555
 10
5803.0
 20
-19594.555555555555
  0
LWPOLYLINE
  5
7FE
330
17
100
AcDbEntity
  8
A-DOOR
100
AcDbPolyline
 90
4
 70
1
 10
5803.0
 20
-19558.555555555555
 10
5882.0
 20
-19558.555555555555
 10
5882.0
 20
-19478.833333333332
 10
5803.0
 20
-19478.833333333332
  0
LWPOLYLINE
  5
7FF
330
17
100
AcDbEntity
  8
A-DOOR
100
AcDbPolyline
 90
4
 70
1
 10
5803.0
 20
-19442.833333333332
 10
5882.0
 20
-19442.833333333332
 10
5882.0
 20
-19363.11111111111
 10
5803.0
 20
-19363.11111111111
  0
LWPOLYLINE
  5
800
330
17
100
AcDbEntity
  8
A-DOOR
100
AcDbPolyline
 90
4
 70
1
 10
5803.0
 20
-19327.11111111111
 10
5882.0
 20
-19327.11111111111
 10
5882.0
 20
-19247.38888888889
 10
5803.0
 20
-19247.38888888889
  0
LWPOLYLINE
  5
801
330
17
100
AcDbEntity
  8
A-DOOR
100
AcDbPolyline
 90
4
 70
1
 10
5803.0
 20
-19211.38888888889
 10
5882.0
 20
-19211.38888888889
 10
5882.0
 20
-19131.666666666668
 10
5803.0
 20
-19131.666666666668
  0
LWPOLYLINE
  5
802
330
17
100
AcDbEntity
  8
A-DOOR
100
AcDbPolyline
 90
4
 70
1
 10
5803.0
 20
-19095.666666666668
 10
5882.0
 20
-19095.666666666668
 10
5882.0
 20
-19015.944444444445
 10
5803.0
 20
-19015.944444444445
  0
LWPOLYLINE
  5
803
330
17
100
AcDbEntity
  8
A-DOOR
100
AcDbPolyline
 90
4
 70
1
 10
5803.0
 20
-18979.944444444445
 10
5882.0
 20
-18979.944444444445
 10
5882.0
 20
-18900.222222222223
 10
5803.0
 20
-18900.222222222223
  0
LWPOLYLINE
  5
804
330
17
100
AcDbEntity
  8
A-DOOR
100
AcDbPolyline
 90
4
 70
1
 10
5803.0
 20
-18864.222222222223
 10
5882.0
 20
-18864.222222222223
 10
5882.0
 20
-18784.5
 10
5803.0
 20
-18784.5
  0
LWPOLYLINE
  5
805
330
17
100
AcDbEntity
  8
A-DOOR
100
AcDbPolyline
 90
4
 70
1
 10
5803.0
 20
-18748.5
 10
5882.0
 20
-18748.5
 10
5882.0
 20
-18668.777777777777
 10
5803.0
 20
-18668.777777777777
  0
LWPOLYLINE
  5
806
330
17
100
AcDbEntity
  8
A-DOOR
100
AcDbPolyline
 90
4
 70
1
 10
5803.0
 20
-18632.777777777777
 10
5882.0
 20
-18632.777777777777
 10
5882.0
 20
-18553.055555555555
 10
5803.0
 20
-18553.055555555555
  0
LWPOLYLINE
  5
807
330
17
100
AcDbEntity
  8
A-DOOR
100
AcDbPolyline
 90
4
 70
1
 10
5803.0
 20
-18517.055555555555
 10
5882.0
 20
-18517.055555555555
 10
5882.0
 20
-18437.333333333332
 10
5803.0
 20
-18437.333333333332
  0
LWPOLYLINE
  5
808
330
17
100
AcDbEntity
  8
A-DOOR
100
AcDbPolyline
 90
4
 70
1
 10
5803.0
 20
-18401.333333333332
 10
5882.0
 20
-18401.333333333332
 10
5882.0
 20
-18321.61111111111
 10
5803.0
 20
-18321.61111111111
  0
LWPOLYLINE
  5
809
330
17
100
AcDbEntity
  8
A-DOOR
100
AcDbPolyline
 90
4
 70
1
 10
5803.0
 20
-18285.61111111111
 10
5882.0
 20
-18285.61111111111
 10
5882.0
 20
-18205.88888888889
 10
5803.0
 20
-18205.88888888889
  0
LWPOLYLINE
  5
80A
330
17
100
AcDbEntity
  8
A-DOOR
100
AcDbPolyline
 90
4
 70
1
 10
5803.0
 20
-18169.88888888889
 10
5882.0
 20
-18169.88888888889
 10
5882.0
 20
-18090.166666666668
 10
5803.0
 20
-18090.166666666668
  0
LWPOLYLINE
  5
80B
330
17
100
AcDbEntity
  8
A-DOOR
100
AcDbPolyline
 90
4
 70
1
 10
5803.0
 20
-18054.166666666668
 10
5882.0
 20
-18054.166666666668
 10
5882.0
 20
-17974.444444444445
 10
5803.0
 20
-17974.444444444445
  0
LWPOLYLINE
  5
80C
330
17
100
AcDbEntity
  8
A-DOOR
100
AcDbPolyline
 90
4
 70
1
 10
5803.0
 20
-17938.444444444445
 10
5882.0
 20
-17938.444444444445
 10
5882.0
 20
-17858.722222222223
 10
5803.0
 20
-17858.722222222223
  0
LWPOLYLINE
  5
80D
330
17
100
AcDbEntity
  8
A-DOOR
100
AcDbPolyline
 90
4
 70
1
 10
5803.0
 20
-17822.722222222223
 10
5882.0
 20
-17822.722222222223
 10
5882.0
 20
-17743.0
 10
5803.0
 20
-17743.0
  0
LWPOLYLINE
  5
80E
330
17
100
AcDbEntity
  8
A-DOOR
100
AcDbPolyline
 90
4
 70
1
 10
5918.0
 20
-19790.0
 10
5997.0
 20
-19790.0
 10
5997.0
 20
-19710.277777777777
 10
5918.0
 20
-19710.277777777777
  0
LWPOLYLINE
  5
80F
330
17
100
AcDbEntity
  8
A-DOOR
100
AcDbPolyline
 90
4
 70
1
 10
5918.0
 20
-19674.277777777777
 10
5997.0
 20
-19674.277777777777
 10
5997.0
 20
-19594.555555555555
 10
5918.0
 20
-19594.555555555555
  0
LWPOLYLINE
  5
810
330
17
100
AcDbEntity
  8
A-DOOR
100
AcDbPolyline
 90
4
 70
1
 10
5918.0
 20
-19558.555555555555
 10
5997.0
 20
-19558.555555555555
 10
5997.0
 20
-19478.833333333332
 10
5918.0
 20
-19478.833333333332
  0
LWPOLYLINE
  5
811
330
17
100
AcDbEntity
  8
A-DOOR
100
AcDbPolyline
 90
4
 70
1
 10
5918.0
 20
-19442.833333333332
 10
5997.0
 20
-19442.833333333332
 10
5997.0
 20
-19363.11111111111
 10
5918.0
 20
-19363.11111111111
  0
LWPOLYLINE
  5
812
330
17
100
AcDbEntity
  8
A-DOOR
100
AcDbPolyline
 90
4
 70
1
 10
5918.0
 20
-19327.11111111111
 10
5997.0
 20
-19327.11111111111
 10
5997.0
 20
-19247.38888888889
 10
5918.0
 20
-19247.38888888889
  0
LWPOLYLINE
  5
813
330
17
100
AcDbEntity
  8
A-DOOR
100
AcDbPolyline
 90
4
 70
1
 10
5918.0
 20
-19211.38888888889
 10
5997.0
 20
-19211.38888888889
 10
5997.0
 20
-19131.666666666668
 10
5918.0
 20
-19131.666666666668
  0
LWPOLYLINE
  5
814
330
17
100
AcDbEntity
  8
A-DOOR
100
AcDbPolyline
 90
4
 70
1
 10
5918.0
 20
-19095.666666666668
 10
5997.0
 20
-19095.666666666668
 10
5997.0
 20
-19015.944444444445
 10
5918.0
 20
-19015.944444444445
  0
LWPOLYLINE
  5
815
330
17
100
AcDbEntity
  8
A-DOOR
100
AcDbPolyline
 90
4
 70
1
 10
5918.0
 20
-18979.944444444445
 10
5997.0
 20
-18979.944444444445
 10
5997.0
 20
-18900.222222222223
 10
5918.0
 20
-18900.222222222223
  0
LWPOLYLINE
  5
816
330
17
100
AcDbEntity
  8
A-DOOR
100
AcDbPolyline
 90
4
 70
1
 10
5918.0
 20
-18864.222222222223
 10
5997.0
 20
-18864.222222222223
 10
5997.0
 20
-18784.5
 10
5918.0
 20
-18784.5
  0
LWPOLYLINE
  5
817
330
17
100
AcDbEntity
  8
A-DOOR
100
AcDbPolyline
 90
4
 70
1
 10
5918.0
 20
-18748.5
 10
5997.0
 20
-18748.5
 10
5997.0
 20
-18668.777777777777
 10
5918.0
 20
-18668.777777777777
  0
LWPOLYLINE
  5
818
330
17
100
AcDbEntity
  8
A-DOOR
100
AcDbPolyline
 90
4
 70
1
 10
5918.0
 20
-18632.777777777777
 10
5997.0
 20
-18632.777777777777
 10
5997.0
 20
-18553.055555555555
 10
5918.0
 20
-18553.055555555555
  0
LWPOLYLINE
  5
819
330
17
100
AcDbEntity
  8
A-DOOR
100
AcDbPolyline
 90
4
 70
1
 10
5918.0
 20
-18517.055555555555
 10
5997.0
 20
-18517.055555555555
 10
5997.0
 20
-18437.333333333332
 10
5918.0
 20
-18437.333333333332
  0
LWPOLYLINE
  5
81A
330
17
100
AcDbEntity
  8
A-DOOR
100
AcDbPolyline
 90
4
 70
1
 10
5918.0
 20
-18401.333333333332
 10
5997.0
 20
-18401.333333333332
 10
5997.0
 20
-18321.61111111111
 10
5918.0
 20
-18321.61111111111
  0
LWPOLYLINE
  5
81B
330
17
100
AcDbEntity
  8
A-DOOR
100
AcDbPolyline
 90
4
 70
1
 10
5918.0
 20
-18285.61111111111
 10
5997.0
 20
-18285.61111111111
 10
5997.0
 20
-18205.88888888889
 10
5918.0
 20
-18205.88888888889
  0
LWPOLYLINE
  5
81C
330
17
100
AcDbEntity
  8
A-DOOR
100
AcDbPolyline
 90
4
 70
1
 10
5918.0
 20
-18169.88888888889
 10
5997.0
 20
-18169.88888888889
 10
5997.0
 20
-18090.166666666668
 10
5918.0
 20
-18090.166666666668
  0
LWPOLYLINE
  5
81D
330
17
100
AcDbEntity
  8
A-DOOR
100
AcDbPolyline
 90
4
 70
1
 10
5918.0
 20
-18054.166666666668
 10
5997.0
 20
-18054.166666666668
 10
5997.0
 20
-17974.444444444445
 10
5918.0
 20
-17974.444444444445
  0
LWPOLYLINE
  5
81E
330
17
100
AcDbEntity
  8
A-DOOR
100
AcDbPolyline
 90
4
 70
1
 10
5918.0
 20
-17938.444444444445
 10
5997.0
 20
-17938.444444444445
 10
5997.0
 20
-17858.722222222223
 10
5918.0
 20
-17858.722222222223
  0
LWPOLYLINE
  5
81F
330
17
100
AcDbEntity
  8
A-DOOR
100
AcDbPolyline
 90
4
 70
1
 10
5918.0
 20
-17822.722222222223
 10
5997.0
 20
-17822.722222222223
 10
5997.0
 20
-17743.0
 10
5918.0
 20
-17743.0
  0
LWPOLYLINE
  5
820
330
17
100
AcDbEntity
  8
A-DOOR
100
AcDbPolyline
 90
4
 70
1
 10
6033.0
 20
-19790.0
 10
6112.0
 20
-19790.0
 10
6112.0
 20
-19710.277777777777
 10
6033.0
 20
-19710.277777777777
  0
LWPOLYLINE
  5
821
330
17
100
AcDbEntity
  8
A-DOOR
100
AcDbPolyline
 90
4
 70
1
 10
6033.0
 20
-19674.277777777777
 10
6112.0
 20
-19674.277777777777
 10
6112.0
 20
-19594.555555555555
 10
6033.0
 20
-19594.555555555555
  0
LWPOLYLINE
  5
822
330
17
100
AcDbEntity
  8
A-DOOR
100
AcDbPolyline
 90
4
 70
1
 10
6033.0
 20
-19558.555555555555
 10
6112.0
 20
-19558.555555555555
 10
6112.0
 20
-19478.833333333332
 10
6033.0
 20
-19478.833333333332
  0
LWPOLYLINE
  5
823
330
17
100
AcDbEntity
  8
A-DOOR
100
AcDbPolyline
 90
4
 70
1
 10
6033.0
 20
-19442.833333333332
 10
6112.0
 20
-19442.833333333332
 10
6112.0
 20
-19363.11111111111
 10
6033.0
 20
-19363.11111111111
  0
LWPOLYLINE
  5
824
330
17
100
AcDbEntity
  8
A-DOOR
100
AcDbPolyline
 90
4
 70
1
 10
6033.0
 20
-19327.11111111111
 10
6112.0
 20
-19327.11111111111
 10
6112.0
 20
-19247.38888888889
 10
6033.0
 20
-19247.38888888889
  0
LWPOLYLINE
  5
825
330
17
100
AcDbEntity
  8
A-DOOR
100
AcDbPolyline
 90
4
 70
1
 10
6033.0
 20
-19211.38888888889
 10
6112.0
 20
-19211.38888888889
 10
6112.0
 20
-19131.666666666668
 10
6033.0
 20
-19131.666666666668
  0
LWPOLYLINE
  5
826
330
17
100
AcDbEntity
  8
A-DOOR
100
AcDbPolyline
 90
4
 70
1
 10
6033.0
 20
-19095.666666666668
 10
6112.0
 20
-19095.666666666668
 10
6112.0
 20
-19015.944444444445
 10
6033.0
 20
-19015.944444444445
  0
LWPOLYLINE
  5
827
330
17
100
AcDbEntity
  8
A-DOOR
100
AcDbPolyline
 90
4
 70
1
 10
6033.0
 20
-18979.944444444445
 10
6112.0
 20
-18979.944444444445
 10
6112.0
 20
-18900.222222222223
 10
6033.0
 20
-18900.222222222223
  0
LWPOLYLINE
  5
828
330
17
100
AcDbEntity
  8
A-DOOR
100
AcDbPolyline
 90
4
 70
1
 10
6033.0
 20
-18864.222222222223
 10
6112.0
 20
-18864.222222222223
 10
6112.0
 20
-18784.5
 10
6033.0
 20
-18784.5
  0
LWPOLYLINE
  5
829
330
17
100
AcDbEntity
  8
A-DOOR
100
AcDbPolyline
 90
4
 70
1
 10
6033.0
 20
-18748.5
 10
6112.0
 20
-18748.5
 10
6112.0
 20
-18668.777777777777
 10
6033.0
 20
-18668.777777777777
  0
LWPOLYLINE
  5
82A
330
17
100
AcDbEntity
  8
A-DOOR
100
AcDbPolyline
 90
4
 70
1
 10
6033.0
 20
-18632.777777777777
 10
6112.0
 20
-18632.777777777777
 10
6112.0
 20
-18553.055555555555
 10
6033.0
 20
-18553.055555555555
  0
LWPOLYLINE
  5
82B
330
17
100
AcDbEntity
  8
A-DOOR
100
AcDbPolyline
 90
4
 70
1
 10
6033.0
 20
-18517.055555555555
 10
6112.0
 20
-18517.055555555555
 10
6112.0
 20
-18437.333333333332
 10
6033.0
 20
-18437.333333333332
  0
LWPOLYLINE
  5
82C
330
17
100
AcDbEntity
  8
A-DOOR
100
AcDbPolyline
 90
4
 70
1
 10
6033.0
 20
-18401.333333333332
 10
6112.0
 20
-18401.333333333332
 10
6112.0
 20
-18321.61111111111
 10
6033.0
 20
-18321.61111111111
  0
LWPOLYLINE
  5
82D
330
17
100
AcDbEntity
  8
A-DOOR
100
AcDbPolyline
 90
4
 70
1
 10
6033.0
 20
-18285.61111111111
 10
6112.0
 20
-18285.61111111111
 10
6112.0
 20
-18205.88888888889
 10
6033.0
 20
-18205.88888888889
  0
LWPOLYLINE
  5
82E
330
17
100
AcDbEntity
  8
A-DOOR
100
AcDbPolyline
 90
4
 70
1
 10
6033.0
 20
-18169.88888888889
 10
6112.0
 20
-18169.88888888889
 10
6112.0
 20
-18090.166666666668
 10
6033.0
 20
-18090.166666666668
  0
LWPOLYLINE
  5
82F
330
17
100
AcDbEntity
  8
A-DOOR
100
AcDbPolyline
 90
4
 70
1
 10
6033.0
 20
-18054.166666666668
 10
6112.0
 20
-18054.166666666668
 10
6112.0
 20
-17974.444444444445
 10
6033.0
 20
-17974.444444444445
  0
LWPOLYLINE
  5
830
330
17
100
AcDbEntity
  8
A-DOOR
100
AcDbPolyline
 90
4
 70
1
 10
6033.0
 20
-17938.444444444445
 10
6112.0
 20
-17938.444444444445
 10
6112.0
 20
-17858.722222222223
 10
6033.0
 20
-17858.722222222223
  0
LWPOLYLINE
  5
831
330
17
100
AcDbEntity
  8
A-DOOR
100
AcDbPolyline
 90
4
 70
1
 10
6033.0
 20
-17822.722222222223
 10
6112.0
 20
-17822.722222222223
 10
6112.0
 20
-17743.0
 10
6033.0
 20
-17743.0
  0
LWPOLYLINE
  5
832
330
17
100
AcDbEntity
  8
A-DOOR
100
AcDbPolyline
 90
4
 70
1
 10
6148.0
 20
-19790.0
 10
6227.0
 20
-19790.0
 10
6227.0
 20
-19710.277777777777
 10
6148.0
 20
-19710.277777777777
  0
LWPOLYLINE
  5
833
330
17
100
AcDbEntity
  8
A-DOOR
100
AcDbPolyline
 90
4
 70
1
 10
6148.0
 20
-19674.277777777777
 10
6227.0
 20
-19674.277777777777
 10
6227.0
 20
-19594.555555555555
 10
6148.0
 20
-19594.555555555555
  0
LWPOLYLINE
  5
834
330
17
100
AcDbEntity
  8
A-DOOR
100
AcDbPolyline
 90
4
 70
1
 10
6148.0
 20
-19558.555555555555
 10
6227.0
 20
-19558.555555555555
 10
6227.0
 20
-19478.833333333332
 10
6148.0
 20
-19478.833333333332
  0
LWPOLYLINE
  5
835
330
17
100
AcDbEntity
  8
A-DOOR
100
AcDbPolyline
 90
4
 70
1
 10
6148.0
 20
-19442.833333333332
 10
6227.0
 20
-19442.833333333332
 10
6227.0
 20
-19363.11111111111
 10
6148.0
 20
-19363.11111111111
  0
LWPOLYLINE
  5
836
330
17
100
AcDbEntity
  8
A-DOOR
100
AcDbPolyline
 90
4
 70
1
 10
6148.0
 20
-19327.11111111111
 10
6227.0
 20
-19327.11111111111
 10
6227.0
 20
-19247.38888888889
 10
6148.0
 20
-19247.38888888889
  0
LWPOLYLINE
  5
837
330
17
100
AcDbEntity
  8
A-DOOR
100
AcDbPolyline
 90
4
 70
1
 10
6148.0
 20
-19211.38888888889
 10
6227.0
 20
-19211.38888888889
 10
6227.0
 20
-19131.666666666668
 10
6148.0
 20
-19131.666666666668
  0
LWPOLYLINE
  5
838
330
17
100
AcDbEntity
  8
A-DOOR
100
AcDbPolyline
 90
4
 70
1
 10
6148.0
 20
-19095.666666666668
 10
6227.0
 20
-19095.666666666668
 10
6227.0
 20
-19015.944444444445
 10
6148.0
 20
-19015.944444444445
  0
LWPOLYLINE
  5
839
330
17
100
AcDbEntity
  8
A-DOOR
100
AcDbPolyline
 90
4
 70
1
 10
6148.0
 20
-18979.944444444445
 10
6227.0
 20
-18979.944444444445
 10
6227.0
 20
-18900.222222222223
 10
6148.0
 20
-18900.222222222223
  0
LWPOLYLINE
  5
83A
330
17
100
AcDbEntity
  8
A-DOOR
100
AcDbPolyline
 90
4
 70
1
 10
6148.0
 20
-18864.222222222223
 10
6227.0
 20
-18864.222222222223
 10
6227.0
 20
-18784.5
 10
6148.0
 20
-18784.5
  0
LWPOLYLINE
  5
83B
330
17
100
AcDbEntity
  8
A-DOOR
100
AcDbPolyline
 90
4
 70
1
 10
6148.0
 20
-18748.5
 10
6227.0
 20
-18748.5
 10
6227.0
 20
-18668.777777777777
 10
6148.0
 20
-18668.777777777777
  0
LWPOLYLINE
  5
83C
330
17
100
AcDbEntity
  8
A-DOOR
100
AcDbPolyline
 90
4
 70
1
 10
6148.0
 20
-18632.777777777777
 10
6227.0
 20
-18632.777777777777
 10
6227.0
 20
-18553.055555555555
 10
6148.0
 20
-18553.055555555555
  0
LWPOLYLINE
  5
83D
330
17
100
AcDbEntity
  8
A-DOOR
100
AcDbPolyline
 90
4
 70
1
 10
6148.0
 20
-18517.055555555555
 10
6227.0
 20
-18517.055555555555
 10
6227.0
 20
-18437.333333333332
 10
6148.0
 20
-18437.333333333332
  0
LWPOLYLINE
  5
83E
330
17
100
AcDbEntity
  8
A-DOOR
100
AcDbPolyline
 90
4
 70
1
 10
6148.0
 20
-18401.333333333332
 10
6227.0
 20
-18401.333333333332
 10
6227.0
 20
-18321.61111111111
 10
6148.0
 20
-18321.61111111111
  0
LWPOLYLINE
  5
83F
330
17
100
AcDbEntity
  8
A-DOOR
100
AcDbPolyline
 90
4
 70
1
 10
6148.0
 20
-18285.61111111111
 10
6227.0
 20
-18285.61111111111
 10
6227.0
 20
-18205.88888888889
 10
6148.0
 20
-18205.88888888889
  0
LWPOLYLINE
  5
840
330
17
100
AcDbEntity
  8
A-DOOR
100
AcDbPolyline
 90
4
 70
1
 10
6148.0
 20
-18169.88888888889
 10
6227.0
 20
-18169.88888888889
 10
6227.0
 20
-18090.166666666668
 10
6148.0
 20
-18090.166666666668
  0
LWPOLYLINE
  5
841
330
17
100
AcDbEntity
  8
A-DOOR
100
AcDbPolyline
 90
4
 70
1
 10
6148.0
 20
-18054.166666666668
 10
6227.0
 20
-18054.166666666668
 10
6227.0
 20
-17974.444444444445
 10
6148.0
 20
-17974.444444444445
  0
LWPOLYLINE
  5
842
330
17
100
AcDbEntity
  8
A-DOOR
100
AcDbPolyline
 90
4
 70
1
 10
6148.0
 20
-17938.444444444445
 10
6227.0
 20
-17938.444444444445
 10
6227.0
 20
-17858.722222222223
 10
6148.0
 20
-17858.722222222223
  0
LWPOLYLINE
  5
843
330
17
100
AcDbEntity
  8
A-DOOR
100
AcDbPolyline
 90
4
 70
1
 10
6148.0
 20
-17822.722222222223
 10
6227.0
 20
-17822.722222222223
 10
6227.0
 20
-17743.0
 10
6148.0
 20
-17743.0
  0
LWPOLYLINE
  5
844
330
17
100
AcDbEntity
  8
A-WALL
100
AcDbPolyline
 90
4
 70
1
 10
5600.0
 20
-17380.0
 10
6450.0
 20
-17380.0
 10
6450.0
 20
-16760.0
 10
5600.0
 20
-16760.0
  0
CIRCLE
  5
845
330
17
100
AcDbEntity
  8
A-WALL
100
AcDbCircle
 10
6127.0
 20
-17070.0
 30
0.0
 40
223.2
  0
CIRCLE
  5
846
330
17
100
AcDbEntity
  8
A-WALL
100
AcDbCircle
 10
6127.0
 20
-17070.0
 30
0.0
 40
44.64
  0
TEXT
  5
847
330
17
100
AcDbEntity
  8
A-TEXT
100
AcDbText
 10
5640.0
 20
-16880.0
 30
0.0
 40
21.599999999999998
  1
AC (exist.)
 11
5640.0
 21
-16880.0
 31
0.0
100
AcDbText
 73
1
  0
LWPOLYLINE
  5
848
330
17
100
AcDbEntity
  8
A-WALL
100
AcDbPolyline
 90
4
 70
1
 10
1350.0
 20
-18020.0
 10
1450.0
 20
-18020.0
 10
1450.0
 20
-17780.0
 10
1350.0
 20
-17780.0
  0
LINE
  5
849
330
17
100
AcDbEntity
  8
A-WALL
  6
DASHED
100
AcDbLine
 10
100.0
 20
-19700.0
 30
0.0
 11
100.0
 21
-17400.0
 31
0.0
  0
LINE
  5
84A
330
17
100
AcDbEntity
  8
A-WALL
  6
DASHED
100
AcDbLine
 10
400.0
 20
-19700.0
 30
0.0
 11
400.0
 21
-17400.0
 31
0.0
  0
LINE
  5
84B
330
17
100
AcDbEntity
  8
A-WALL
  6
DASHED
100
AcDbLine
 10
700.0
 20
-19700.0
 30
0.0
 11
700.0
 21
-17400.0
 31
0.0
  0
LINE
  5
84C
330
17
100
AcDbEntity
  8
A-WALL
  6
DASHED
100
AcDbLine
 10
1000.0
 20
-19700.0
 30
0.0
 11
1000.0
 21
-17400.0
 31
0.0
  0
LINE
  5
84D
330
17
100
AcDbEntity
  8
A-WALL
  6
DASHED
100
AcDbLine
 10
1300.0
 20
-19700.0
 30
0.0
 11
1300.0
 21
-17400.0
 31
0.0
  0
LWPOLYLINE
  5
84E
330
17
100
AcDbEntity
  8
L-PLANT
100
AcDbPolyline
 90
55
 70
0
 10
333.22179149001187
 20
-19650.0
 10
350.8398112044104
 20
-19610.0
 10
365.957537686143
 20
-19570.0
 10
377.8314837286264
 20
-19530.0
 10
385.87769069331074
 20
-19490.0
 10
389.7004474957952
 20
-19450.0
 10
389.1117516093797
 20
-19410.0
 10
384.14055499722144
 20
-19370.0
 10
375.0313402597309
 20
-19330.0
 10
362.23209702203604
 20
-19290.0
 10
346.3722898807262
 20
-19250.0
 10
328.2319014424908
 20
-19210.0
 10
308.70307291272667
 20
-19170.0
 10
288.7462287434158
 20
-19130.0
 10
269.34284312259683
 20
-19090.0
 10
251.44717124141346
 20
-19050.0
 10
235.93931918677893
 20
-19010.0
 10
223.58196047432628
 20
-18970.0
 10
214.9828278951579
 20
-18930.0
 10
210.56482532096686
 20
-18890.0
 10
210.54522936385047
 20
-18850.0
 10
214.92500374963296
 20
-18810.0
 10
223.48875192199463
 20
-18770.0
 10
235.8153102083264
 20
-18730.0
 10
251.29846057722207
 20
-18690.0
 10
269.1767443377349
 20
-18650.0
 10
288.5709105477563
 20
-18610.0
 10
308.52715742519183
 20
-18570.0
 10
328.0640401567149
 20
-18530.0
 10
346.22073818607686
 20
-18490.0
 10
362.1043082049738
 20
-18450.0
 10
374.9335989524555
 20
-18410.0
 10
384.07766810053243
 20
-18370.0
 10
389.08681189011645
 20
-18330.0
 10
389.71468148509194
 20
-18290.0
 10
385.93039836600474
 20
-18250.0
 10
377.920072930376
 20
-18210.0
 10
366.0776516151353
 20
-18170.0
 10
350.9855426781304
 20
-18130.0
 10
333.3859734594699
 20
-18090.0
 10
314.144487767692
 20
-18050.0
 10
294.2073785830793
 20
-18010.0
 10
274.5551495304933
 20
-17970.0
 10
256.15429387855414
 20
-17930.0
 10
239.90976256574646
 20
-17890.0
 10
226.620458867811
 20
-17850.0
 10
216.93994847107962
 20
-17810.0
 10
211.3443172236366
 20
-17770.0
 10
210.10875731461573
 20
-17730.0
 10
213.29403336933498
 20
-17690.0
 10
220.74349405540113
 20
-17650.0
 10
232.09077616848413
 20
-17610.0
 10
246.77782231213882
 20
-17570.0
 10
264.0823260652578
 20
-17530.0
 10
283.15325488850675
 20
-17490.0
  0
CIRCLE
  5
84F
330
17
100
AcDbEntity
  8
L-PLANT
100
AcDbCircle
 10
309.54101148762675
 20
-18654.7649822784
 30
0.0
 40
24.260547630851104
  0
CIRCLE
  5
850
330
17
100
AcDbEntity
  8
A-WALL
100
AcDbCircle
 10
334.54101148762675
 20
-18634.7649822784
 30
0.0
 40
12.0
  0
CIRCLE
  5
851
330
17
100
AcDbEntity
  8
L-PLANT
100
AcDbCircle
 10
288.27939114679634
 20
-17881.41931201369
 30
0.0
 40
23.51572247023943
  0
CIRCLE
  5
852
330
17
100
AcDbEntity
  8
A-WALL
100
AcDbCircle
 10
313.27939114679634
 20
-17861.41931201369
 30
0.0
 40
12.0
  0
CIRCLE
  5
853
330
17
100
AcDbEntity
  8
L-PLANT
100
AcDbCircle
 10
180.13542577073554
 20
-18982.517222226044
 30
0.0
 40
24.68456590414987
  0
CIRCLE
  5
854
330
17
100
AcDbEntity
  8
L-PLANT
100
AcDbCircle
 10
456.4732543241671
 20
-18340.039687150525
 30
0.0
 40
21.847070402406086
  0
CIRCLE
  5
855
330
17
100
AcDbEntity
  8
L-PLANT
100
AcDbCircle
 10
305.34809171211276
 20
-19303.51299069164
 30
0.0
 40
14.757979040701786
  0
CIRCLE
  5
856
330
17
100
AcDbEntity
  8
A-WALL
100
AcDbCircle
 10
330.34809171211276
 20
-19283.51299069164
 30
0.0
 40
12.0
  0
CIRCLE
  5
857
330
17
100
AcDbEntity
  8
L-PLANT
100
AcDbCircle
 10
151.8862892863433
 20
-17714.95706042443
 30
0.0
 40
17.915520230579176
  0
CIRCLE
  5
858
330
17
100
AcDbEntity
  8
L-PLANT
100
AcDbCircle
 10
281.0552299161642
 20
-19220.29296947961
 30
0.0
 40
19.9972778264815
  0
CIRCLE
  5
859
330
17
100
AcDbEntity
  8
L-PLANT
100
AcDbCircle
 10
312.4106157346232
 20
-18643.874260480974
 30
0.0
 40
20.615212827535714
  0
CIRCLE
  5
85A
330
17
100
AcDbEntity
  8
L-PLANT
100
AcDbCircle
 10
424.376825210584
 20
-19466.952349564574
 30
0.0
 40
16.755990819294865
  0
CIRCLE
  5
85B
330
17
100
AcDbEntity
  8
L-PLANT
100
AcDbCircle
 10
344.9936336982576
 20
-19495.508300968162
 30
0.0
 40
24.159003462574145
  0
CIRCLE
  5
85C
330
17
100
AcDbEntity
  8
L-PLANT
100
AcDbCircle
 10
227.85343647715638
 20
-17542.30675669641
 30
0.0
 40
25.12450578006553
  0
CIRCLE
  5
85D
330
17
100
AcDbEntity
  8
A-WALL
100
AcDbCircle
 10
252.85343647715638
 20
-17522.30675669641
 30
0.0
 40
12.0
  0
CIRCLE
  5
85E
330
17
100
AcDbEntity
  8
L-PLANT
100
AcDbCircle
 10
253.89260500579348
 20
-18823.980938220102
 30
0.0
 40
20.794900950442695
  0
CIRCLE
  5
85F
330
17
100
AcDbEntity
  8
A-WALL
100
AcDbCircle
 10
278.8926050057935
 20
-18803.980938220102
 30
0.0
 40
12.0
  0
CIRCLE
  5
860
330
17
100
AcDbEntity
  8
L-PLANT
100
AcDbCircle
 10
388.7820519289602
 20
-18165.19982819627
 30
0.0
 40
17.991027505560176
  0
CIRCLE
  5
861
330
17
100
AcDbEntity
  8
L-PLANT
100
AcDbCircle
 10
253.78451648350898
 20
-17982.31086261373
 30
0.0
 40
22.48419235060033
  0
CIRCLE
  5
862
330
17
100
AcDbEntity
  8
A-WALL
100
AcDbCircle
 10
278.784516483509
 20
-17962.31086261373
 30
0.0
 40
12.0
  0
CIRCLE
  5
863
330
17
100
AcDbEntity
  8
L-PLANT
100
AcDbCircle
 10
309.02255239644256
 20
-18627.13233863229
 30
0.0
 40
20.711541699324737
  0
CIRCLE
  5
864
330
17
100
AcDbEntity
  8
L-PLANT
100
AcDbCircle
 10
296.7965049413777
 20
-19230.494286361194
 30
0.0
 40
18.605021457359907
  0
CIRCLE
  5
865
330
17
100
AcDbEntity
  8
L-PLANT
100
AcDbCircle
 10
258.63111196678415
 20
-17471.88505628478
 30
0.0
 40
25.6511486746243
  0
CIRCLE
  5
866
330
17
100
AcDbEntity
  8
L-PLANT
100
AcDbCircle
 10
196.05812526045085
 20
-18980.880670283823
 30
0.0
 40
18.73129564486465
  0
CIRCLE
  5
867
330
17
100
AcDbEntity
  8
L-PLANT
100
AcDbCircle
 10
361.84467908146564
 20
-18237.961555500988
 30
0.0
 40
15.756303240052763
  0
CIRCLE
  5
868
330
17
100
AcDbEntity
  8
L-PLANT
100
AcDbCircle
 10
404.2756003051658
 20
-19628.93447503509
 30
0.0
 40
18.634039468175043
  0
CIRCLE
  5
869
330
17
100
AcDbEntity
  8
A-WALL
100
AcDbCircle
 10
429.2756003051658
 20
-19608.93447503509
 30
0.0
 40
12.0
  0
LWPOLYLINE
  5
86A
330
17
100
AcDbEntity
  8
L-PLANT
100
AcDbPolyline
 90
52
 70
0
 10
1208.6289223876827
 20
-19750.0
 10
1219.1835410921124
 20
-19710.0
 10
1226.3357250607207
 20
-19670.0
 10
1229.7337311073734
 20
-19630.0
 10
1229.210445875004
 20
-19590.0
 10
1224.7916044419746
 20
-19550.0
 10
1216.6945246753164
 20
-19510.0
 10
1205.3174195751433
 20
-19470.0
 10
1191.2198132273124
 20
-19430.0
 10
1175.0950235044363
 20
-19390.0
 10
1157.7360648113126
 20
-19350.0
 10
1139.996647771925
 20
-19310.0
 10
1122.7491938867527
 20
-19270.0
 10
1106.8419299923676
 20
-19230.0
 10
1093.0571726104702
 20
-19190.0
 10
1082.0728537549567
 20
-19150.0
 10
1074.4291803512515
 20
-19110.0
 10
1070.5020669519706
 20
-19070.0
 10
1070.4846483234226
 20
-19030.0
 10
1074.3777811107848
 20
-18990.0
 10
1081.9900017084396
 20
-18950.0
 10
1092.9469424074011
 20
-18910.0
 10
1106.7097427353085
 20
-18870.0
 10
1122.601550522431
 20
-18830.0
 10
1139.8408093757835
 20
-18790.0
 10
1157.5796954890593
 20
-18750.0
 10
1174.9458134726358
 20
-18710.0
 10
1191.085100609846
 20
-18670.0
 10
1205.2038295155323
 20
-18630.0
 10
1216.6076435132936
 20
-18590.0
 10
1224.735704978251
 20
-18550.0
 10
1229.1882772356591
 20
-18510.0
 10
1229.7463835423039
 20
-18470.0
 10
1226.3825763253376
 20
-18430.0
 10
1219.262287049223
 20
-18390.0
 10
1208.7356903245648
 20
-18350.0
 10
1195.3204823805604
 20
-18310.0
 10
1179.676420852862
 20
-18270.0
 10
1162.5728780157262
 20
-18230.0
 10
1144.8510031849594
 20
-18190.0
 10
1127.3823551382163
 20
-18150.0
 10
1111.0260390031592
 20
-18110.0
 10
1096.5864556139968
 20
-18070.0
 10
1084.773741215832
 20
-18030.0
 10
1076.1688430854042
 20
-17990.0
 10
1071.1949486432325
 20
-17950.0
 10
1070.0966731685473
 20
-17910.0
 10
1072.9280296616312
 20
-17870.0
 10
1079.54977249369
 20
-17830.0
 10
1089.636245483097
 20
-17790.0
 10
1102.69139761079
 20
-17750.0
 10
1118.0731787246737
 20
-17710.0
  0
CIRCLE
  5
86B
330
17
100
AcDbEntity
  8
L-PLANT
100
AcDbCircle
 10
1172.6655938563204
 20
-18777.130108688478
 30
0.0
 40
14.130325317080816
  0
CIRCLE
  5
86C
330
17
100
AcDbEntity
  8
L-PLANT
100
AcDbCircle
 10
1147.0281501448906
 20
-19188.20131406942
 30
0.0
 40
21.2174844647328
  0
CIRCLE
  5
86D
330
17
100
AcDbEntity
  8
L-PLANT
100
AcDbCircle
 10
1151.2950300755608
 20
-18394.2917739624
 30
0.0
 40
18.411864325010832
  0
CIRCLE
  5
86E
330
17
100
AcDbEntity
  8
L-PLANT
100
AcDbCircle
 10
1120.2385793704882
 20
-19318.984113107697
 30
0.0
 40
22.2433460491225
  0
CIRCLE
  5
86F
330
17
100
AcDbEntity
  8
L-PLANT
100
AcDbCircle
 10
1068.8323893676436
 20
-18920.540719586268
 30
0.0
 40
14.729416354267627
  0
CIRCLE
  5
870
330
17
100
AcDbEntity
  8
L-PLANT
100
AcDbCircle
 10
1106.8617005407973
 20
-18706.70187132321
 30
0.0
 40
19.085712279085488
  0
CIRCLE
  5
871
330
17
100
AcDbEntity
  8
L-PLANT
100
AcDbCircle
 10
1173.4210739047826
 20
-18395.227641853886
 30
0.0
 40
24.5843484659301
  0
CIRCLE
  5
872
330
17
100
AcDbEntity
  8
L-PLANT
100
AcDbCircle
 10
1055.3347660975674
 20
-17748.884000044236
 30
0.0
 40
20.08697204134145
  0
CIRCLE
  5
873
330
17
100
AcDbEntity
  8
A-WALL
100
AcDbCircle
 10
1080.3347660975674
 20
-17728.884000044236
 30
0.0
 40
12.0
  0
CIRCLE
  5
874
330
17
100
AcDbEntity
  8
L-PLANT
100
AcDbCircle
 10
1273.3245076266476
 20
-18504.75005091263
 30
0.0
 40
18.614976692898495
  0
CIRCLE
  5
875
330
17
100
AcDbEntity
  8
A-WALL
100
AcDbCircle
 10
1298.3245076266476
 20
-18484.75005091263
 30
0.0
 40
12.0
  0
CIRCLE
  5
876
330
17
100
AcDbEntity
  8
L-PLANT
100
AcDbCircle
 10
1107.1231870766467
 20
-18261.028773937665
 30
0.0
 40
21.96315252139244
  0
CIRCLE
  5
877
330
17
100
AcDbEntity
  8
L-PLANT
100
AcDbCircle
 10
1126.0924264782575
 20
-19005.586458552105
 30
0.0
 40
15.365988813553246
  0
CIRCLE
  5
878
330
17
100
AcDbEntity
  8
A-WALL
100
AcDbCircle
 10
1151.0924264782575
 20
-18985.586458552105
 30
0.0
 40
12.0
  0
CIRCLE
  5
879
330
17
100
AcDbEntity
  8
L-PLANT
100
AcDbCircle
 10
1051.0397753585278
 20
-19005.189121059364
 30
0.0
 40
23.8708114200011
  0
CIRCLE
  5
87A
330
17
100
AcDbEntity
  8
L-PLANT
100
AcDbCircle
 10
1131.0242927169177
 20
-18686.05552611672
 30
0.0
 40
14.52180171503837
  0
CIRCLE
  5
87B
330
17
100
AcDbEntity
  8
A-WALL
100
AcDbCircle
 10
1156.0242927169177
 20
-18666.05552611672
 30
0.0
 40
12.0
  0
CIRCLE
  5
87C
330
17
100
AcDbEntity
  8
L-PLANT
100
AcDbCircle
 10
1200.567971885562
 20
-18505.058828664147
 30
0.0
 40
22.35074647728684
  0
CIRCLE
  5
87D
330
17
100
AcDbEntity
  8
A-WALL
100
AcDbCircle
 10
1225.567971885562
 20
-18485.058828664147
 30
0.0
 40
12.0
  0
CIRCLE
  5
87E
330
17
100
AcDbEntity
  8
L-PLANT
100
AcDbCircle
 10
1141.0421174308917
 20
-19183.077359784285
 30
0.0
 40
22.71051624882747
  0
CIRCLE
  5
87F
330
17
100
AcDbEntity
  8
L-PLANT
100
AcDbCircle
 10
1107.7803190095376
 20
-18994.973606034917
 30
0.0
 40
19.71514919670949
  0
CIRCLE
  5
880
330
17
100
AcDbEntity
  8
L-PLANT
100
AcDbCircle
 10
1108.1769647278857
 20
-18763.899763734487
 30
0.0
 40
20.5862791565829
  0
CIRCLE
  5
881
330
17
100
AcDbEntity
  8
A-WALL
100
AcDbCircle
 10
1133.1769647278857
 20
-18743.899763734487
 30
0.0
 40
12.0
  0
CIRCLE
  5
882
330
17
100
AcDbEntity
  8
L-PLANT
100
AcDbCircle
 10
1074.2955551048096
 20
-18178.80211931108
 30
0.0
 40
14.080091024729441
  0
HATCH
  5
883
330
17
100
AcDbEntity
  8
A-HATCH
 62
7
100
AcDbHatch
 10
0.0
 20
0.0
 30
0.0
210
0.0
220
0.0
230
1.0
  2
ANSI31
 70
0
 71
0
 91
1
 92
3
 72
0
 73
1
 93
4
 10
-250.0
 20
-20005.0
 10
0.0
 20
-20005.0
 10
0.0
 20
-18200.0
 10
-250.0
 20
-18200.0
 97
0
 75
1
 76
1
 52
0.0
 41
2.5
 77
0
 78
1
 53
45.0
 43
0.0
 44
0.0
 45
-5.6126600758
 46
5.6126600758
 79
0
 98
0
  0
LWPOLYLINE
  5
884
330
17
100
AcDbEntity
  8
A-WALL
100
AcDbPolyline
 90
4
 70
1
 10
-250.0
 20
-20005.0
 10
0.0
 20
-20005.0
 10
0.0
 20
-18200.0
 10
-250.0
 20
-18200.0
  0
LWPOLYLINE
  5
885
330
17
100
AcDbEntity
  8
A-WALL
100
AcDbPolyline
 90
4
 70
1
 10
-275.0
 20
-18200.0
 10
25.0
 20
-18200.0
 10
25.0
 20
-18150.0
 10
-275.0
 20
-18150.0
  0
HATCH
  5
886
330
17
100
AcDbEntity
  8
A-HATCH
 62
8
100
AcDbHatch
 10
0.0
 20
0.0
 30
0.0
210
0.0
220
0.0
230
1.0
  2
SOLID
 70
1
 71
0
 91
1
 92
3
 72
0
 73
1
 93
4
 10
0.0
 20
-20005.0
 10
1000.0
 20
-20005.0
 10
1000.0
 20
-19660.0
 10
0.0
 20
-19660.0
 97
0
 75
0
 76
1
 98
0
  0
LWPOLYLINE
  5
887
330
17
100
AcDbEntity
  8
A-WALL
100
AcDbPolyline
 90
4
 70
1
 10
0.0
 20
-20005.0
 10
1000.0
 20
-20005.0
 10
1000.0
 20
-19660.0
 10
0.0
 20
-19660.0
  0
LWPOLYLINE
  5
888
330
17
100
AcDbEntity
  8
A-WALL
100
AcDbPolyline
 90
4
 70
1
 10
0.0
 20
-19660.0
 10
1040.0
 20
-19660.0
 10
1040.0
 20
-19600.0
 10
0.0
 20
-19600.0
  0
LWPOLYLINE
  5
889
330
17
100
AcDbEntity
  8
L-PLANT
100
AcDbPolyline
 90
15
 70
1
 10
-89.8101821895986
 20
-19610.0
 10
-71.28179896948893
 20
-19403.527648947907
 10
-56.196204670329905
 20
-19200.514049979563
 10
-30.902086128047756
 20
-19004.52031515115
 10
33.92225658469866
 20
-18950.567492750994
 10
69.37486593942478
 20
-18783.024351648317
 10
119.97007966597963
 20
-18663.17024383765
 10
179.99999999999997
 20
-18645.318185934197
 10
235.96662657564826
 20
-18727.259075157905
 10
279.49639448302696
 20
-18866.216988707092
 10
331.27968019159323
 20
-18927.0846121236
 10
394.73868772041936
 20
-18993.50579952597
 10
383.32941887549873
 20
-19257.49416540563
 10
411.59671220457295
 20
-19419.702422296734
 10
452.2521509374425
 20
-19610.0
  0
LINE
  5
88A
330
17
100
AcDbEntity
  8
L-PLANT
100
AcDbLine
 10
160.5387522508944
 20
-19352.93824518552
 30
0.0
 11
138.56723024036555
 21
-19267.506452940714
 31
0.0
  0
LINE
  5
88B
330
17
100
AcDbEntity
  8
L-PLANT
100
AcDbLine
 10
116.75723479556689
 20
-19224.98750098613
 30
0.0
 11
132.07929524753604
 21
-19144.7082474729
 31
0.0
  0
LINE
  5
88C
330
17
100
AcDbEntity
  8
L-PLANT
100
AcDbLine
 10
176.9667637718784
 20
-19427.34239968873
 30
0.0
 11
185.75195695527876
 21
-19385.58754201381
 31
0.0
  0
LINE
  5
88D
330
17
100
AcDbEntity
  8
L-PLANT
100
AcDbLine
 10
24.048066447994643
 20
-19363.652538744715
 30
0.0
 11
47.26065317671373
 21
-19309.478917691817
 31
0.0
  0
LINE
  5
88E
330
17
100
AcDbEntity
  8
L-PLANT
100
AcDbLine
 10
253.17300386378074
 20
-19379.440573602806
 30
0.0
 11
207.29663042883874
 21
-19338.273337234612
 31
0.0
  0
LINE
  5
88F
330
17
100
AcDbEntity
  8
L-PLANT
100
AcDbLine
 10
259.1475813949327
 20
-18972.41910470961
 30
0.0
 11
225.50745502408344
 21
-18920.540636219957
 31
0.0
  0
LINE
  5
890
330
17
100
AcDbEntity
  8
L-PLANT
100
AcDbLine
 10
-7.3153511174918435
 20
-19097.757808593375
 30
0.0
 11
-31.22582177061026
 21
-19050.91419338377
 31
0.0
  0
LINE
  5
891
330
17
100
AcDbEntity
  8
L-PLANT
100
AcDbLine
 10
236.48983022300624
 20
-19124.155872226085
 30
0.0
 11
230.17645639492713
 21
-19076.505207806244
 31
0.0
  0
LINE
  5
892
330
17
100
AcDbEntity
  8
L-PLANT
100
AcDbLine
 10
233.3348702289812
 20
-19149.921752905913
 30
0.0
 11
225.28299245324962
 21
-19101.688173506558
 31
0.0
  0
LINE
  5
893
330
17
100
AcDbEntity
  8
L-PLANT
100
AcDbLine
 10
344.9362384892612
 20
-18970.04522378888
 30
0.0
 11
367.71258391378353
 21
-18880.245106929586
 31
0.0
  0
CIRCLE
  5
894
330
17
100
AcDbEntity
  8
A-WALL
100
AcDbCircle
 10
212.1445954696824
 20
-19147.61418614533
 30
0.0
 40
18.0
  0
CIRCLE
  5
895
330
17
100
AcDbEntity
  8
A-WALL
100
AcDbCircle
 10
26.539386829151397
 20
-19000.91137915162
 30
0.0
 40
18.0
  0
CIRCLE
  5
896
330
17
100
AcDbEntity
  8
A-WALL
100
AcDbCircle
 10
187.79530463634865
 20
-19096.46809738757
 30
0.0
 40
18.0
  0
CIRCLE
  5
897
330
17
100
AcDbEntity
  8
A-WALL
100
AcDbCircle
 10
377.05393961765185
 20
-18871.56873907749
 30
0.0
 40
18.0
  0
CIRCLE
  5
898
330
17
100
AcDbEntity
  8
A-WALL
100
AcDbCircle
 10
25.932578396619306
 20
-18846.60877447008
 30
0.0
 40
18.0
  0
LWPOLYLINE
  5
899
330
17
100
AcDbEntity
  8
L-PLANT
100
AcDbPolyline
 90
15
 70
1
 10
245.11333433100896
 20
-19610.0
 10
218.23581138091077
 20
-19449.290017333795
 10
244.38461716374138
 20
-19300.29812983732
 10
288.87448369533263
 20
-19179.928286262417
 10
346.5096312734715
 20
-19102.383236851063
 10
382.7565850094195
 20
-18945.025928544608
 10
449.39001684662696
 20
-18888.15405107161
 10
520.0
 20
-18915.08173909581
 10
586.163385203208
 20
-18933.611627656326
 10
641.3050942910264
 20
-19022.25054444674
 10
684.7321916801396
 20
-19128.00885235933
 10
745.5498463804767
 20
-19190.30333250513
 10
792.6637446285536
 20
-19303.614809275034
 10
781.8378267792343
 20
-19470.553524274663
 10
836.3875674425597
 20
-19610.0
  0
LINE
  5
89A
330
17
100
AcDbEntity
  8
L-PLANT
100
AcDbLine
 10
396.424330661486
 20
-19399.123797113203
 30
0.0
 11
341.50458065962863
 21
-19309.245736669738
 31
0.0
  0
LINE
  5
89B
330
17
100
AcDbEntity
  8
L-PLANT
100
AcDbLine
 10
630.1635778318281
 20
-19106.85701798588
 30
0.0
 11
644.0703885105249
 21
-19065.153515019134
 31
0.0
  0
LINE
  5
89C
330
17
100
AcDbEntity
  8
L-PLANT
100
AcDbLine
 10
441.04431370181305
 20
-19278.613695273314
 30
0.0
 11
394.941490964849
 21
-19191.015489417114
 31
0.0
  0
LINE
  5
89D
330
17
100
AcDbEntity
  8
L-PLANT
100
AcDbLine
 10
459.2830650046152
 20
-19434.560059181116
 30
0.0
 11
497.38419819184713
 21
-19388.31620411876
 31
0.0
  0
LINE
  5
89E
330
17
100
AcDbEntity
  8
L-PLANT
100
AcDbLine
 10
717.5125522093688
 20
-19298.826944728942
 30
0.0
 11
723.7528972062306
 21
-19241.680873532838
 31
0.0
  0
LINE
  5
89F
330
17
100
AcDbEntity
  8
L-PLANT
100
AcDbLine
 10
512.9401409778375
 20
-19419.956512319863
 30
0.0
 11
457.3968873801685
 21
-19336.66223310954
 31
0.0
  0
LINE
  5
8A0
330
17
100
AcDbEntity
  8
L-PLANT
100
AcDbLine
 10
397.63051714332056
 20
-19149.981995785187
 30
0.0
 11
362.6579829700057
 21
-19061.543545909582
 31
0.0
  0
LINE
  5
8A1
330
17
100
AcDbEntity
  8
L-PLANT
100
AcDbLine
 10
701.830383234284
 20
-19161.569434576224
 30
0.0
 11
733.3655007687361
 21
-19092.53114911634
 31
0.0
  0
LINE
  5
8A2
330
17
100
AcDbEntity
  8
L-PLANT
100
AcDbLine
 10
626.0418660970611
 20
-19449.272568748474
 30
0.0
 11
623.200912829495
 21
-19367.921664496836
 31
0.0
  0
LINE
  5
8A3
330
17
100
AcDbEntity
  8
L-PLANT
100
AcDbLine
 10
382.03665690203513
 20
-19084.958812136214
 30
0.0
 11
428.5438228130746
 21
-19024.478727608188
 31
0.0
  0
CIRCLE
  5
8A4
330
17
100
AcDbEntity
  8
A-WALL
100
AcDbCircle
 10
455.30586226406695
 20
-19204.126413467344
 30
0.0
 40
18.0
  0
CIRCLE
  5
8A5
330
17
100
AcDbEntity
  8
A-WALL
100
AcDbCircle
 10
465.173288528747
 20
-18968.238256646302
 30
0.0
 40
18.0
  0
CIRCLE
  5
8A6
330
17
100
AcDbEntity
  8
A-WALL
100
AcDbCircle
 10
465.56477284087407
 20
-19388.35332188004
 30
0.0
 40
18.0
  0
CIRCLE
  5
8A7
330
17
100
AcDbEntity
  8
A-WALL
100
AcDbCircle
 10
324.7660153828039
 20
-19088.347826311416
 30
0.0
 40
18.0
  0
CIRCLE
  5
8A8
330
17
100
AcDbEntity
  8
A-WALL
100
AcDbCircle
 10
756.555235322923
 20
-19184.731327792786
 30
0.0
 40
18.0
  0
LWPOLYLINE
  5
8A9
330
17
100
AcDbEntity
  8
L-PLANT
100
AcDbPolyline
 90
15
 70
1
 10
574.568635699045
 20
-19610.0
 10
620.1902351932742
 20
-19504.601142368825
 10
640.5549321944027
 20
-19410.282582821364
 10
626.5497026935741
 20
-19253.46150502179
 10
690.8624459139452
 20
-19235.75398719166
 10
731.5010343575831
 20
-19185.287120977246
 10
768.7655893656772
 20
-19091.21883438468
 10
820.0
 20
-19112.858230582842
 10
873.8573583666416
 20
-19064.659811550737
 10
910.8861491223762
 20
-19173.83085636252
 10
973.0633237470327
 20
-19166.416109744914
 10
987.1656300020933
 20
-19301.90545084238
 10
1025.2015549609946
 20
-19381.616322147966
 10
1058.017278604641
 20
-19484.446830535653
 10
1051.9203882350762
 20
-19610.0
  0
LINE
  5
8AA
330
17
100
AcDbEntity
  8
L-PLANT
100
AcDbLine
 10
966.717019915036
 20
-19292.657136495025
 30
0.0
 11
912.5298599987045
 21
-19208.588767217712
 31
0.0
  0
LINE
  5
8AB
330
17
100
AcDbEntity
  8
L-PLANT
100
AcDbLine
 10
851.0000904408075
 20
-19426.98975282555
 30
0.0
 11
813.8160280020791
 21
-19344.49932894072
 31
0.0
  0
LINE
  5
8AC
330
17
100
AcDbEntity
  8
L-PLANT
100
AcDbLine
 10
848.6698085693163
 20
-19214.959750083362
 30
0.0
 11
881.5440655226531
 21
-19126.9001476476
 31
0.0
  0
LINE
  5
8AD
330
17
100
AcDbEntity
  8
L-PLANT
100
AcDbLine
 10
842.9544712805252
 20
-19295.945765850436
 30
0.0
 11
856.4334257162432
 21
-19243.025220367632
 31
0.0
  0
LINE
  5
8AE
330
17
100
AcDbEntity
  8
L-PLANT
100
AcDbLine
 10
978.0943547013297
 20
-19426.38433809245
 30
0.0
 11
1011.8275058427745
 21
-19338.65262117795
 31
0.0
  0
LINE
  5
8AF
330
17
100
AcDbEntity
  8
L-PLANT
100
AcDbLine
 10
872.2263220977388
 20
-19483.928494166732
 30
0.0
 11
911.2534371482369
 21
-19410.553456074937
 31
0.0
  0
CIRCLE
  5
8B0
330
17
100
AcDbEntity
  8
A-WALL
100
AcDbCircle
 10
706.6102131864986
 20
-19438.162065279517
 30
0.0
 40
18.0
  0
CIRCLE
  5
8B1
330
17
100
AcDbEntity
  8
A-WALL
100
AcDbCircle
 10
831.4539656373928
 20
-19443.59797916405
 30
0.0
 40
18.0
  0
CIRCLE
  5
8B2
330
17
100
AcDbEntity
  8
A-WALL
100
AcDbCircle
 10
973.0291230274026
 20
-19290.775429001078
 30
0.0
 40
18.0
  0
CIRCLE
  5
8B3
330
17
100
AcDbEntity
  8
A-WALL
100
AcDbCircle
 10
826.2321927965121
 20
-19321.995859783292
 30
0.0
 40
18.0
  0
CIRCLE
  5
8B4
330
17
100
AcDbEntity
  8
A-WALL
100
AcDbCircle
 10
877.9599402309032
 20
-19158.53214977683
 30
0.0
 40
18.0
  0
LWPOLYLINE
  5
8B5
330
17
100
AcDbEntity
  8
L-PLANT
100
AcDbPolyline
 90
15
 70
1
 10
144.1406324820355
 20
-19610.0
 10
148.33448300717848
 20
-19307.178695637318
 10
165.74852051268428
 20
-19026.244500007717
 10
216.54729356108584
 20
-18909.835644346254
 10
230.3231663046865
 20
-18622.697350059352
 10
269.7694116246224
 20
-18513.94385907198
 10
307.8639524565212
 20
-18395.45995743133
 10
350.0
 20
-18474.16669115694
 10
388.9913377262625
 20
-18486.10386491522
 10
430.60829880243165
 20
-18508.78383418062
 10
460.0081898882674
 20
-18702.461138566086
 10
495.5929539471814
 20
-18846.141405383823
 10
501.5747310596914
 20
-19129.772741243916
 10
516.50341134244
 20
-19359.97817695651
 10
546.8783427702373
 20
-19610.0
  0
LINE
  5
8B6
330
17
100
AcDbEntity
  8
L-PLANT
100
AcDbLine
 10
326.9802903179952
 20
-19005.98493643121
 30
0.0
 11
355.0853797720147
 21
-18948.0351184419
 31
0.0
  0
LINE
  5
8B7
330
17
100
AcDbEntity
  8
L-PLANT
100
AcDbLine
 10
220.66978558977155
 20
-18786.22933561959
 30
0.0
 11
231.36460352241215
 21
-18713.333700114596
 31
0.0
  0
LINE
  5
8B8
330
17
100
AcDbEntity
  8
L-PLANT
100
AcDbLine
 10
385.36673304035804
 20
-18633.7776275921
 30
0.0
 11
368.9018352577311
 21
-18555.78829697992
 31
0.0
  0
LINE
  5
8B9
330
17
100
AcDbEntity
  8
L-PLANT
100
AcDbLine
 10
311.61526893224504
 20
-18957.711990281678
 30
0.0
 11
330.8791220422832
 21
-18901.992434749867
 31
0.0
  0
LINE
  5
8BA
330
17
100
AcDbEntity
  8
L-PLANT
100
AcDbLine
 10
228.9074824946701
 20
-19037.321031545656
 30
0.0
 11
255.05716294500598
 21
-18967.790546648946
 31
0.0
  0
LINE
  5
8BB
330
17
100
AcDbEntity
  8
L-PLANT
100
AcDbLine
 10
334.63968655682083
 20
-18900.56749673253
 30
0.0
 11
296.48319247491156
 21
-18851.640499199988
 31
0.0
  0
LINE
  5
8BC
330
17
100
AcDbEntity
  8
L-PLANT
100
AcDbLine
 10
298.3820712101006
 20
-18759.602787214855
 30
0.0
 11
261.8550135465686
 21
-18713.887726950114
 31
0.0
  0
LINE
  5
8BD
330
17
100
AcDbEntity
  8
L-PLANT
100
AcDbLine
 10
232.6689194139043
 20
-19390.866799697218
 30
0.0
 11
205.73665479392258
 21
-19322.225704952798
 31
0.0
  0
LINE
  5
8BE
330
17
100
AcDbEntity
  8
L-PLANT
100
AcDbLine
 10
443.73231440889174
 20
-19153.721061005446
 30
0.0
 11
428.09078624962365
 21
-19099.29684480125
 31
0.0
  0
LINE
  5
8BF
330
17
100
AcDbEntity
  8
L-PLANT
100
AcDbLine
 10
292.9378652797578
 20
-18790.71421891848
 30
0.0
 11
298.81708166908174
 21
-18737.793292724018
 31
0.0
  0
CIRCLE
  5
8C0
330
17
100
AcDbEntity
  8
A-WALL
100
AcDbCircle
 10
230.56667837779437
 20
-18627.547973301036
 30
0.0
 40
18.0
  0
CIRCLE
  5
8C1
330
17
100
AcDbEntity
  8
A-WALL
100
AcDbCircle
 10
412.97161008197537
 20
-18592.861872709647
 30
0.0
 40
18.0
  0
CIRCLE
  5
8C2
330
17
100
AcDbEntity
  8
A-WALL
100
AcDbCircle
 10
270.3600249572969
 20
-18812.25375715346
 30
0.0
 40
18.0
  0
CIRCLE
  5
8C3
330
17
100
AcDbEntity
  8
A-WALL
100
AcDbCircle
 10
477.2979256106575
 20
-18775.660804489482
 30
0.0
 40
18.0
  0
CIRCLE
  5
8C4
330
17
100
AcDbEntity
  8
A-WALL
100
AcDbCircle
 10
485.4217998120379
 20
-19105.373689024018
 30
0.0
 40
18.0
  0
HATCH
  5
8C5
330
17
100
AcDbEntity
  8
A-HATCH
 62
7
100
AcDbHatch
 10
0.0
 20
0.0
 30
0.0
210
0.0
220
0.0
230
1.0
  2
ANSI36
 70
0
 71
0
 91
1
 92
3
 72
0
 73
1
 93
4
 10
520.0
 20
-19580.0
 10
680.0
 20
-19580.0
 10
680.0
 20
-17350.0
 10
520.0
 20
-17350.0
 97
0
 75
1
 76
1
 52
0.0
 41
2.5
 77
0
 78
1
 53
45.0
 43
0.0
 44
0.0
 45
4.2094950567
 46
15.434815208
 79
4
 49
19.84375
 49
-3.96875
 49
0.0
 49
-3.96875
 98
0
  0
LWPOLYLINE
  5
8C6
330
17
100
AcDbEntity
  8
A-TIMBER
100
AcDbPolyline
 90
4
 70
1
 10
520.0
 20
-19580.0
 10
680.0
 20
-19580.0
 10
680.0
 20
-17350.0
 10
520.0
 20
-17350.0
  0
LWPOLYLINE
  5
8C7
330
17
100
AcDbEntity
  8
L-PLANT
100
AcDbPolyline
 90
52
 70
0
 10
620.7247808733165
 20
-19400.0
 10
626.9060301889717
 20
-19360.0
 10
629.7968523660712
 20
-19320.0
 10
629.2550772636367
 20
-19280.0
 10
625.3073492886822
 20
-19240.0
 10
618.1478170288271
 20
-19200.0
 10
608.1285850579143
 20
-19160.0
 10
595.7423974931999
 20
-19120.0
 10
581.5984049238169
 20
-19080.0
 10
566.3922064888326
 20
-19040.0
 10
550.8716404303813
 20
-19000.0
 10
535.8000055366325
 20
-18960.0
 10
521.9185222377441
 20
-18920.0
 10
509.9098795116907
 20
-18880.0
 10
500.36466035691683
 20
-18840.0
 10
493.7522970213324
 20
-18800.0
 10
490.3979844045294
 20
-18760.0
 10
490.46668702815623
 20
-18720.0
 10
493.95502610891606
 20
-18680.0
 10
500.6914457265517
 20
-18640.0
 10
510.3446499147062
 20
-18600.0
 10
522.4398957399695
 20
-18560.0
 10
536.382341078268
 20
-18520.0
 10
551.4862988489398
 20
-18480.0
 10
567.0089589882601
 20
-18440.0
 10
582.1869197215201
 20
-18400.0
 10
596.2737315319333
 20
-18360.0
 10
608.5766074203939
 20
-18320.0
 10
618.4904940517788
 20
-18280.0
 10
625.5278281746392
 20
-18240.0
 10
629.342514898641
 20
-18200.0
 10
629.7469485821656
 20
-18160.0
 10
626.7212392457261
 20
-18120.0
 10
620.4141907577614
 20
-18080.0
 10
611.1359826857986
 20
-18040.0
 10
599.342915718295
 20
-18000.0
 10
585.6149708747051
 20
-17960.0
 10
570.6272861379939
 20
-17920.0
 10
555.1169532839322
 20
-17880.0
 10
539.8467678334455
 20
-17840.0
 10
525.5677148991631
 20
-17800.0
 10
512.9820358658324
 20
-17760.0
 10
502.708692278944
 20
-17720.0
 10
495.25292542163083
 20
-17680.0
 10
490.98140863464806
 20
-17640.0
 10
490.1042143840946
 20
-17600.0
 10
492.6644829334063
 20
-17560.0
 10
498.5363007125679
 20
-17520.0
 10
507.4308927259827
 20
-17480.0
 10
518.9108244574396
 20
-17440.0
 10
532.4115148249156
 20
-17400.0
 10
547.2690021817713
 20
-17360.0
  0
CIRCLE
  5
8C8
330
17
100
AcDbEntity
  8
L-PLANT
100
AcDbCircle
 10
464.59457841339025
 20
-18916.10141603826
 30
0.0
 40
19.74654073908677
  0
CIRCLE
  5
8C9
330
17
100
AcDbEntity
  8
A-WALL
100
AcDbCircle
 10
489.59457841339025
 20
-18896.10141603826
 30
0.0
 40
12.0
  0
CIRCLE
  5
8CA
330
17
100
AcDbEntity
  8
L-PLANT
100
AcDbCircle
 10
686.9997305151038
 20
-19359.374788230198
 30
0.0
 40
23.18195123006526
  0
CIRCLE
  5
8CB
330
17
100
AcDbEntity
  8
A-WALL
100
AcDbCircle
 10
711.9997305151038
 20
-19339.374788230198
 30
0.0
 40
12.0
  0
CIRCLE
  5
8CC
330
17
100
AcDbEntity
  8
L-PLANT
100
AcDbCircle
 10
672.9011449987836
 20
-18299.805983241633
 30
0.0
 40
23.922460148291286
  0
CIRCLE
  5
8CD
330
17
100
AcDbEntity
  8
L-PLANT
100
AcDbCircle
 10
449.4757877569525
 20
-17466.933311512134
 30
0.0
 40
23.67982816042788
  0
CIRCLE
  5
8CE
330
17
100
AcDbEntity
  8
L-PLANT
100
AcDbCircle
 10
586.6881788805073
 20
-19003.456983060558
 30
0.0
 40
24.407859837880256
  0
CIRCLE
  5
8CF
330
17
100
AcDbEntity
  8
L-PLANT
100
AcDbCircle
 10
517.0934704495178
 20
-17660.514979406416
 30
0.0
 40
21.27022260463856
  0
CIRCLE
  5
8D0
330
17
100
AcDbEntity
  8
L-PLANT
100
AcDbCircle
 10
562.9737435351204
 20
-18362.794759793647
 30
0.0
 40
17.359971143842895
  0
CIRCLE
  5
8D1
330
17
100
AcDbEntity
  8
L-PLANT
100
AcDbCircle
 10
523.8254152925114
 20
-17723.340081615428
 30
0.0
 40
17.503300032529246
  0
CIRCLE
  5
8D2
330
17
100
AcDbEntity
  8
L-PLANT
100
AcDbCircle
 10
449.73828002910665
 20
-18760.88751004271
 30
0.0
 40
21.186949666279872
  0
CIRCLE
  5
8D3
330
17
100
AcDbEntity
  8
L-PLANT
100
AcDbCircle
 10
610.5845330608818
 20
-19069.2927574507
 30
0.0
 40
23.568690184644325
  0
CIRCLE
  5
8D4
330
17
100
AcDbEntity
  8
A-WALL
100
AcDbCircle
 10
635.5845330608818
 20
-19049.2927574507
 30
0.0
 40
12.0
  0
CIRCLE
  5
8D5
330
17
100
AcDbEntity
  8
L-PLANT
100
AcDbCircle
 10
608.4810387286964
 20
-18451.527028277374
 30
0.0
 40
21.775976998022802
  0
CIRCLE
  5
8D6
330
17
100
AcDbEntity
  8
L-PLANT
100
AcDbCircle
 10
566.4520950004166
 20
-19102.621343028382
 30
0.0
 40
24.96238182807004
  0
CIRCLE
  5
8D7
330
17
100
AcDbEntity
  8
L-PLANT
100
AcDbCircle
 10
507.6979777628245
 20
-18495.63848960083
 30
0.0
 40
22.96331217188555
  0
CIRCLE
  5
8D8
330
17
100
AcDbEntity
  8
L-PLANT
100
AcDbCircle
 10
648.2975839556817
 20
-18255.015583654047
 30
0.0
 40
14.73932290448211
  0
CIRCLE
  5
8D9
330
17
100
AcDbEntity
  8
A-WALL
100
AcDbCircle
 10
673.2975839556817
 20
-18235.015583654047
 30
0.0
 40
12.0
  0
CIRCLE
  5
8DA
330
17
100
AcDbEntity
  8
L-PLANT
100
AcDbCircle
 10
510.5672566469113
 20
-17831.417405281136
 30
0.0
 40
25.21496902503428
  0
CIRCLE
  5
8DB
330
17
100
AcDbEntity
  8
L-PLANT
100
AcDbCircle
 10
683.0494401951587
 20
-19347.364037202577
 30
0.0
 40
24.75113334934187
  0
CIRCLE
  5
8DC
330
17
100
AcDbEntity
  8
L-PLANT
100
AcDbCircle
 10
581.2724325377708
 20
-17893.500189228453
 30
0.0
 40
17.467957614810118
  0
CIRCLE
  5
8DD
330
17
100
AcDbEntity
  8
L-PLANT
100
AcDbCircle
 10
592.338625060613
 20
-17810.759157788445
 30
0.0
 40
24.434078421042305
  0
LWPOLYLINE
  5
8DE
330
17
100
AcDbEntity
  8
L-PLANT
100
AcDbPolyline
 90
54
 70
0
 10
619.2571476028279
 20
-19500.0
 10
607.3587333466378
 20
-19460.0
 10
597.0656110100206
 20
-19420.0
 10
588.883994591643
 20
-19380.0
 10
583.2162545897136
 20
-19340.0
 10
580.3411294895966
 20
-19300.0
 10
580.4000174527054
 20
-19260.0
 10
583.3900223790708
 20
-19220.0
 10
589.1640963370443
 20
-19180.0
 10
597.4382713554625
 20
-19140.0
 10
607.8056249199739
 20
-19100.0
 10
619.7562923528012
 20
-19060.0
 10
632.7025418705199
 20
-19020.0
 10
646.0076791327945
 20
-18980.0
 10
659.0173597613029
 20
-18940.0
 10
671.0917698845143
 20
-18900.0
 10
681.6370920746233
 20
-18860.0
 10
690.134709187239
 20
-18820.0
 10
696.1667098639765
 20
-18780.0
 10
699.4364413416922
 20
-18740.0
 10
699.7830987847133
 20
-18700.0
 10
697.1896336391937
 20
-18660.0
 10
691.7835920780811
 20
-18620.0
 10
683.8308423021131
 20
-18580.0
 10
673.72249918711
 20
-18540.0
 10
661.9556893211759
 20
-18500.0
 10
649.1091024039948
 20
-18460.0
 10
635.8145313862276
 20
-18420.0
 10
622.7258010000961
 20
-18380.0
 10
610.4866127707113
 20
-18340.0
 10
599.6988878849992
 20
-18300.0
 10
590.8931648105234
 20
-18260.0
 10
584.5025075042549
 20
-18220.0
 10
580.8412074011269
 20
-18180.0
 10
580.0893266149383
 20
-18140.0
 10
582.2838425143483
 20
-18100.0
 10
587.316829182201
 20
-18060.0
 10
594.9407651936995
 20
-18020.0
 10
604.7807066778054
 20
-17980.0
 10
616.3527269927848
 20
-17940.0
 10
629.087716155804
 20
-17900.0
 10
642.359369574693
 20
-17860.0
 10
655.514989600829
 20
-17820.0
 10
667.9075850880294
 20
-17780.0
 10
678.9276903066266
 20
-17740.0
 10
688.033338363972
 20
-17700.0
 10
694.7767150436576
 20
-17660.0
 10
698.8261822322031
 20
-17620.0
 10
699.9825878248394
 20
-17580.0
 10
698.18905999201
 20
-17540.0
 10
693.5338041262369
 20
-17500.0
 10
686.2457649159794
 20
-17460.0
 10
676.6833668849546
 20
-17420.0
 10
665.3168871352727
 20
-17380.0
  0
CIRCLE
  5
8DF
330
17
100
AcDbEntity
  8
L-PLANT
100
AcDbCircle
 10
653.1595889474448
 20
-18803.7595556087
 30
0.0
 40
14.579437083521748
  0
CIRCLE
  5
8E0
330
17
100
AcDbEntity
  8
L-PLANT
100
AcDbCircle
 10
514.776679842014
 20
-19297.620409829684
 30
0.0
 40
16.57637817002794
  0
CIRCLE
  5
8E1
330
17
100
AcDbEntity
  8
A-WALL
100
AcDbCircle
 10
539.776679842014
 20
-19277.620409829684
 30
0.0
 40
12.0
  0
CIRCLE
  5
8E2
330
17
100
AcDbEntity
  8
L-PLANT
100
AcDbCircle
 10
663.7528132398644
 20
-18600.92987455287
 30
0.0
 40
19.094230269710167
  0
CIRCLE
  5
8E3
330
17
100
AcDbEntity
  8
L-PLANT
100
AcDbCircle
 10
530.4999719247761
 20
-19233.825783528264
 30
0.0
 40
20.995962853524887
  0
CIRCLE
  5
8E4
330
17
100
AcDbEntity
  8
A-WALL
100
AcDbCircle
 10
555.4999719247761
 20
-19213.825783528264
 30
0.0
 40
12.0
  0
CIRCLE
  5
8E5
330
17
100
AcDbEntity
  8
L-PLANT
100
AcDbCircle
 10
518.7353700184759
 20
-18241.08594132317
 30
0.0
 40
14.558992167413075
  0
CIRCLE
  5
8E6
330
17
100
AcDbEntity
  8
L-PLANT
100
AcDbCircle
 10
630.2544481501377
 20
-18877.340034386896
 30
0.0
 40
20.850964275760813
  0
CIRCLE
  5
8E7
330
17
100
AcDbEntity
  8
L-PLANT
100
AcDbCircle
 10
542.9798313734841
 20
-18033.69420626341
 30
0.0
 40
21.66696162711421
  0
CIRCLE
  5
8E8
330
17
100
AcDbEntity
  8
L-PLANT
100
AcDbCircle
 10
557.2956408883208
 20
-18322.34939872445
 30
0.0
 40
21.428115118082644
  0
CIRCLE
  5
8E9
330
17
100
AcDbEntity
  8
L-PLANT
100
AcDbCircle
 10
658.764213326239
 20
-18356.801469852602
 30
0.0
 40
25.08129660366634
  0
CIRCLE
  5
8EA
330
17
100
AcDbEntity
  8
L-PLANT
100
AcDbCircle
 10
595.7167625344343
 20
-18965.882842556268
 30
0.0
 40
16.929158128665833
  0
CIRCLE
  5
8EB
330
17
100
AcDbEntity
  8
L-PLANT
100
AcDbCircle
 10
676.2937175058969
 20
-18370.82751680538
 30
0.0
 40
17.455253178682238
  0
CIRCLE
  5
8EC
330
17
100
AcDbEntity
  8
L-PLANT
100
AcDbCircle
 10
609.3556021654343
 20
-19246.15857675183
 30
0.0
 40
18.104669673918295
  0
CIRCLE
  5
8ED
330
17
100
AcDbEntity
  8
L-PLANT
100
AcDbCircle
 10
628.5176081046434
 20
-18593.348537875
 30
0.0
 40
20.876311283328608
  0
CIRCLE
  5
8EE
330
17
100
AcDbEntity
  8
L-PLANT
100
AcDbCircle
 10
738.8337222786066
 20
-18825.44284737659
 30
0.0
 40
20.958742451389906
  0
CIRCLE
  5
8EF
330
17
100
AcDbEntity
  8
L-PLANT
100
AcDbCircle
 10
732.8966502970094
 20
-17694.069271898035
 30
0.0
 40
21.969826465696094
  0
CIRCLE
  5
8F0
330
17
100
AcDbEntity
  8
A-WALL
100
AcDbCircle
 10
757.8966502970094
 20
-17674.069271898035
 30
0.0
 40
12.0
  0
CIRCLE
  5
8F1
330
17
100
AcDbEntity
  8
L-PLANT
100
AcDbCircle
 10
635.9060179227047
 20
-17991.79215419549
 30
0.0
 40
18.62949730936053
  0
CIRCLE
  5
8F2
330
17
100
AcDbEntity
  8
L-PLANT
100
AcDbCircle
 10
642.7890520926989
 20
-19451.489704680484
 30
0.0
 40
21.331034521796923
  0
CIRCLE
  5
8F3
330
17
100
AcDbEntity
  8
L-PLANT
100
AcDbCircle
 10
655.5940858972948
 20
-19030.853284137687
 30
0.0
 40
16.971378004362972
  0
CIRCLE
  5
8F4
330
17
100
AcDbEntity
  8
L-PLANT
100
AcDbCircle
 10
670.0475572550672
 20
-17626.442755628457
 30
0.0
 40
18.81973107601165
  0
LWPOLYLINE
  5
8F5
330
17
100
AcDbEntity
  8
A-WALL
  6
DASHED
100
AcDbPolyline
 90
4
 70
1
 10
5140.0
 20
-20040.0
 10
5260.0
 20
-20040.0
 10
5260.0
 20
-17350.0
 10
5140.0
 20
-17350.0
  0
TEXT
  5
8F6
330
17
100
AcDbEntity
  8
A-TEXT
100
AcDbText
 10
5320.0
 20
-18800.0
 30
0.0
 40
25.2
  1
P3 (ALT. S2 only)
 50
90.0
 11
5320.0
 21
-18800.0
 31
0.0
100
AcDbText
 73
1
  0
LWPOLYLINE
  5
8F7
330
17
100
AcDbEntity
  8
A-WALL
100
AcDbPolyline
 90
4
 70
1
 10
500.0
 20
-17350.0
 10
5350.0
 20
-17350.0
 10
5350.0
 20
-16980.0
 10
500.0
 20
-16980.0
  0
LINE
  5
8F8
330
17
100
AcDbEntity
  8
A-WALL
100
AcDbLine
 10
500.0
 20
-17338.0
 30
0.0
 11
5350.0
 21
-17338.0
 31
0.0
  0
LINE
  5
8F9
330
17
100
AcDbEntity
  8
A-WALL
100
AcDbLine
 10
560.0
 20
-17356.0
 30
0.0
 11
5290.0
 21
-17356.0
 31
0.0
  0
CIRCLE
  5
8FA
330
17
100
AcDbEntity
  8
A-WALL
100
AcDbCircle
 10
530.0
 20
-16974.764199071888
 30
0.0
 40
26.0
  0
CIRCLE
  5
8FB
330
17
100
AcDbEntity
  8
A-WALL
100
AcDbCircle
 10
650.0
 20
-16990.92449512198
 30
0.0
 40
26.0
  0
CIRCLE
  5
8FC
330
17
100
AcDbEntity
  8
A-WALL
100
AcDbCircle
 10
770.0
 20
-16994.392273210484
 30
0.0
 40
26.0
  0
CIRCLE
  5
8FD
330
17
100
AcDbEntity
  8
A-WALL
100
AcDbCircle
 10
890.0
 20
-16983.064025681968
 30
0.0
 40
26.0
  0
CIRCLE
  5
8FE
330
17
100
AcDbEntity
  8
A-WALL
100
AcDbCircle
 10
1010.0
 20
-16963.811315476934
 30
0.0
 40
26.0
  0
CIRCLE
  5
8FF
330
17
100
AcDbEntity
  8
A-WALL
100
AcDbCircle
 10
1130.0
 20
-16948.31257825953
 30
0.0
 40
26.0
  0
CIRCLE
  5
900
330
17
100
AcDbEntity
  8
A-WALL
100
AcDbCircle
 10
1250.0
 20
-16945.96914005301
 30
0.0
 40
26.0
  0
CIRCLE
  5
901
330
17
100
AcDbEntity
  8
A-WALL
100
AcDbCircle
 10
1370.0
 20
-16958.20249902757
 30
0.0
 40
26.0
  0
CIRCLE
  5
902
330
17
100
AcDbEntity
  8
A-WALL
100
AcDbCircle
 10
1490.0
 20
-16977.59206378495
 30
0.0
 40
26.0
  0
CIRCLE
  5
903
330
17
100
AcDbEntity
  8
A-WALL
100
AcDbCircle
 10
1610.0
 20
-16992.37638452596
 30
0.0
 40
26.0
  0
CIRCLE
  5
904
330
17
100
AcDbEntity
  8
A-WALL
100
AcDbCircle
 10
1730.0
 20
-16993.58749067539
 30
0.0
 40
26.0
  0
CIRCLE
  5
905
330
17
100
AcDbEntity
  8
A-WALL
100
AcDbCircle
 10
1850.0
 20
-16980.490741494454
 30
0.0
 40
26.0
  0
CIRCLE
  5
906
330
17
100
AcDbEntity
  8
A-WALL
100
AcDbCircle
 10
1970.0
 20
-16961.030449295038
 30
0.0
 40
26.0
  0
CIRCLE
  5
907
330
17
100
AcDbEntity
  8
A-WALL
100
AcDbCircle
 10
2090.0
 20
-16947.010966193593
 30
0.0
 40
26.0
  0
CIRCLE
  5
908
330
17
100
AcDbEntity
  8
A-WALL
100
AcDbCircle
 10
2210.0
 20
-16946.936322516296
 30
0.0
 40
26.0
  0
CIRCLE
  5
909
330
17
100
AcDbEntity
  8
A-WALL
100
AcDbCircle
 10
2330.0
 20
-16960.851796116178
 30
0.0
 40
26.0
  0
LWPOLYLINE
  5
90A
330
17
100
AcDbEntity
  8
A-WALL
100
AcDbPolyline
 90
4
 70
1
 10
1100.0
 20
-19460.0
 10
1700.0
 20
-19460.0
 10
1628.0
 20
-20010.0
 10
1172.0
 20
-20010.0
  0
LINE
  5
90B
330
17
100
AcDbEntity
  8
A-WALL
100
AcDbLine
 10
1380.0
 20
-19460.0
 30
0.0
 11
1340.0
 21
-18965.0
 31
0.0
  0
LINE
  5
90C
330
17
100
AcDbEntity
  8
A-WALL
100
AcDbLine
 10
1420.0
 20
-19460.0
 30
0.0
 11
1470.0
 21
-18870.0
 31
0.0
  0
LWPOLYLINE
  5
90D
330
17
100
AcDbEntity
  8
L-PLANT
100
AcDbPolyline
 90
15
 70
1
 10
942.3327322059195
 20
-19155.0
 10
942.3328515443611
 20
-18912.421734708343
 10
972.2883083040716
 20
-18676.68005742678
 10
1017.4478399933953
 20
-18446.54766666519
 10
1107.4274361036857
 20
-18303.03613642243
 10
1188.5640393042036
 20
-18135.425322828483
 10
1311.2427373750581
 20
-18251.955178228094
 10
1400.0
 20
-18128.353351758473
 10
1508.9000350010228
 20
-18047.0161596915
 10
1599.6943317555654
 20
-18192.04514992321
 10
1702.5104861765656
 20
-18274.09715954414
 10
1718.3675577870697
 20
-18565.41180065887
 10
1798.6227159752457
 20
-18709.21093620884
 10
1809.8701361777764
 20
-18937.755683984826
 10
1849.832325064357
 20
-19155.0
  0
LINE
  5
90E
330
17
100
AcDbEntity
  8
L-PLANT
100
AcDbLine
 10
1451.190053180993
 20
-18989.342186721737
 30
0.0
 11
1417.1976292366546
 21
-18935.368068421183
 31
0.0
  0
LINE
  5
90F
330
17
100
AcDbEntity
  8
L-PLANT
100
AcDbLine
 10
1688.2391035597666
 20
-18478.130986980905
 30
0.0
 11
1647.3916090427313
 21
-18398.273637409344
 31
0.0
  0
LINE
  5
910
330
17
100
AcDbEntity
  8
L-PLANT
100
AcDbLine
 10
1149.9159050453945
 20
-18578.84537547339
 30
0.0
 11
1105.1198129514269
 21
-18538.756632363264
 31
0.0
  0
LINE
  5
911
330
17
100
AcDbEntity
  8
L-PLANT
100
AcDbLine
 10
1657.1263617321952
 20
-18855.976752190192
 30
0.0
 11
1622.984102039163
 21
-18766.855696748895
 31
0.0
  0
LINE
  5
912
330
17
100
AcDbEntity
  8
L-PLANT
100
AcDbLine
 10
1657.8207606870167
 20
-18801.7394648079
 30
0.0
 11
1713.1981193610268
 21
-18734.77829136436
 31
0.0
  0
LINE
  5
913
330
17
100
AcDbEntity
  8
L-PLANT
100
AcDbLine
 10
1523.113407327333
 20
-18859.15351475292
 30
0.0
 11
1576.030527457893
 21
-18784.621417697577
 31
0.0
  0
LINE
  5
914
330
17
100
AcDbEntity
  8
L-PLANT
100
AcDbLine
 10
1723.006062373443
 20
-18391.175965506176
 30
0.0
 11
1698.8607301159072
 21
-18333.11646877006
 31
0.0
  0
LINE
  5
915
330
17
100
AcDbEntity
  8
L-PLANT
100
AcDbLine
 10
1168.7388087821316
 20
-18899.28197794449
 30
0.0
 11
1116.5555743872128
 21
-18844.214022906017
 31
0.0
  0
LINE
  5
916
330
17
100
AcDbEntity
  8
L-PLANT
100
AcDbLine
 10
1471.3838443591453
 20
-18995.952016164967
 30
0.0
 11
1492.7359543048683
 21
-18939.057173083576
 31
0.0
  0
LINE
  5
917
330
17
100
AcDbEntity
  8
L-PLANT
100
AcDbLine
 10
1268.4324141867814
 20
-18442.271597795978
 30
0.0
 11
1266.121836582386
 21
-18386.481942503655
 31
0.0
  0
LINE
  5
918
330
17
100
AcDbEntity
  8
L-PLANT
100
AcDbLine
 10
1386.9973443178287
 20
-18519.60349063479
 30
0.0
 11
1333.8374558621235
 21
-18430.848512477576
 31
0.0
  0
LINE
  5
919
330
17
100
AcDbEntity
  8
L-PLANT
100
AcDbLine
 10
1069.6761591749605
 20
-18488.951731108653
 30
0.0
 11
1111.061865901536
 21
-18448.048354339728
 31
0.0
  0
LINE
  5
91A
330
17
100
AcDbEntity
  8
L-PLANT
100
AcDbLine
 10
1599.2034412172236
 20
-18749.519194784418
 30
0.0
 11
1608.6257007040485
 21
-18709.06527544344
 31
0.0
  0
LINE
  5
91B
330
17
100
AcDbEntity
  8
L-PLANT
100
AcDbLine
 10
1086.1956975608057
 20
-18875.36043780925
 30
0.0
 11
1140.8172855117457
 21
-18825.5343542836
 31
0.0
  0
LINE
  5
91C
330
17
100
AcDbEntity
  8
L-PLANT
100
AcDbLine
 10
1577.04828554322
 20
-18366.781624163385
 30
0.0
 11
1630.0935450745437
 21
-18309.562533510732
 31
0.0
  0
LINE
  5
91D
330
17
100
AcDbEntity
  8
L-PLANT
100
AcDbLine
 10
1299.472218886247
 20
-18641.846288294197
 30
0.0
 11
1332.5445806501264
 21
-18596.443644840958
 31
0.0
  0
LINE
  5
91E
330
17
100
AcDbEntity
  8
L-PLANT
100
AcDbLine
 10
1571.9678852586128
 20
-18456.733779246086
 30
0.0
 11
1615.1312035611224
 21
-18414.902200248947
 31
0.0
  0
LINE
  5
91F
330
17
100
AcDbEntity
  8
L-PLANT
100
AcDbLine
 10
1708.6308973368964
 20
-18936.316077261326
 30
0.0
 11
1689.519761597403
 21
-18865.774700356695
 31
0.0
  0
LWPOLYLINE
  5
920
330
17
100
AcDbEntity
  8
A-WALL
100
AcDbPolyline
 90
4
 70
1
 10
7200.0
 20
-20065.0
 10
7350.0
 20
-20065.0
 10
7350.0
 20
-15865.0
 10
7200.0
 20
-15865.0
  0
LWPOLYLINE
  5
921
330
17
100
AcDbEntity
  8
A-WALL
100
AcDbPolyline
 90
4
 70
1
 10
7200.0
 20
-20065.0
 10
7300.0
 20
-20065.0
 10
7300.0
 20
-18200.0
 10
7200.0
 20
-18200.0
  0
LINE
  5
922
330
17
100
AcDbEntity
  8
A-DIMS
100
AcDbLine
 10
0.0
 20
-20320.0
 30
0.0
 11
0.0
 21
-20472.5
 31
0.0
  0
LINE
  5
923
330
17
100
AcDbEntity
  8
A-DIMS
100
AcDbLine
 10
1650.0
 20
-20320.0
 30
0.0
 11
1650.0
 21
-20472.5
 31
0.0
  0
LINE
  5
924
330
17
100
AcDbEntity
  8
A-DIMS
100
AcDbLine
 10
0.0
 20
-20450.0
 30
0.0
 11
1650.0
 21
-20450.0
 31
0.0
  0
TEXT
  5
925
330
17
100
AcDbEntity
  8
A-DIMS
100
AcDbText
 10
825.0
 20
-20450.0
 30
0.0
 40
28.799999999999997
  1
1650
 72
1
 11
825.0
 21
-20450.0
 31
0.0
100
AcDbText
 73
1
  0
LINE
  5
926
330
17
100
AcDbEntity
  8
A-DIMS
100
AcDbLine
 10
1650.0
 20
-20320.0
 30
0.0
 11
1650.0
 21
-20472.5
 31
0.0
  0
LINE
  5
927
330
17
100
AcDbEntity
  8
A-DIMS
100
AcDbLine
 10
2750.0
 20
-20320.0
 30
0.0
 11
2750.0
 21
-20472.5
 31
0.0
  0
LINE
  5
928
330
17
100
AcDbEntity
  8
A-DIMS
100
AcDbLine
 10
1650.0
 20
-20450.0
 30
0.0
 11
2750.0
 21
-20450.0
 31
0.0
  0
TEXT
  5
929
330
17
100
AcDbEntity
  8
A-DIMS
100
AcDbText
 10
2200.0
 20
-20450.0
 30
0.0
 40
28.799999999999997
  1
1100
 72
1
 11
2200.0
 21
-20450.0
 31
0.0
100
AcDbText
 73
1
  0
LINE
  5
92A
330
17
100
AcDbEntity
  8
A-DIMS
100
AcDbLine
 10
2750.0
 20
-20320.0
 30
0.0
 11
2750.0
 21
-20472.5
 31
0.0
  0
LINE
  5
92B
330
17
100
AcDbEntity
  8
A-DIMS
100
AcDbLine
 10
3150.0
 20
-20320.0
 30
0.0
 11
3150.0
 21
-20472.5
 31
0.0
  0
LINE
  5
92C
330
17
100
AcDbEntity
  8
A-DIMS
100
AcDbLine
 10
2750.0
 20
-20450.0
 30
0.0
 11
3150.0
 21
-20450.0
 31
0.0
  0
TEXT
  5
92D
330
17
100
AcDbEntity
  8
A-DIMS
100
AcDbText
 10
2950.0
 20
-20450.0
 30
0.0
 40
28.799999999999997
  1
400
 72
1
 11
2950.0
 21
-20450.0
 31
0.0
100
AcDbText
 73
1
  0
LINE
  5
92E
330
17
100
AcDbEntity
  8
A-DIMS
100
AcDbLine
 10
3150.0
 20
-20320.0
 30
0.0
 11
3150.0
 21
-20472.5
 31
0.0
  0
LINE
  5
92F
330
17
100
AcDbEntity
  8
A-DIMS
100
AcDbLine
 10
4950.0
 20
-20320.0
 30
0.0
 11
4950.0
 21
-20472.5
 31
0.0
  0
LINE
  5
930
330
17
100
AcDbEntity
  8
A-DIMS
100
AcDbLine
 10
3150.0
 20
-20450.0
 30
0.0
 11
4950.0
 21
-20450.0
 31
0.0
  0
TEXT
  5
931
330
17
100
AcDbEntity
  8
A-DIMS
100
AcDbText
 10
4050.0
 20
-20450.0
 30
0.0
 40
28.799999999999997
  1
1800
 72
1
 11
4050.0
 21
-20450.0
 31
0.0
100
AcDbText
 73
1
  0
LINE
  5
932
330
17
100
AcDbEntity
  8
A-DIMS
100
AcDbLine
 10
4950.0
 20
-20320.0
 30
0.0
 11
4950.0
 21
-20472.5
 31
0.0
  0
LINE
  5
933
330
17
100
AcDbEntity
  8
A-DIMS
100
AcDbLine
 10
5450.0
 20
-20320.0
 30
0.0
 11
5450.0
 21
-20472.5
 31
0.0
  0
LINE
  5
934
330
17
100
AcDbEntity
  8
A-DIMS
100
AcDbLine
 10
4950.0
 20
-20450.0
 30
0.0
 11
5450.0
 21
-20450.0
 31
0.0
  0
TEXT
  5
935
330
17
100
AcDbEntity
  8
A-DIMS
100
AcDbText
 10
5200.0
 20
-20450.0
 30
0.0
 40
28.799999999999997
  1
500
 72
1
 11
5200.0
 21
-20450.0
 31
0.0
100
AcDbText
 73
1
  0
LINE
  5
936
330
17
100
AcDbEntity
  8
A-DIMS
100
AcDbLine
 10
5450.0
 20
-20320.0
 30
0.0
 11
5450.0
 21
-20472.5
 31
0.0
  0
LINE
  5
937
330
17
100
AcDbEntity
  8
A-DIMS
100
AcDbLine
 10
6350.0
 20
-20320.0
 30
0.0
 11
6350.0
 21
-20472.5
 31
0.0
  0
LINE
  5
938
330
17
100
AcDbEntity
  8
A-DIMS
100
AcDbLine
 10
5450.0
 20
-20450.0
 30
0.0
 11
6350.0
 21
-20450.0
 31
0.0
  0
TEXT
  5
939
330
17
100
AcDbEntity
  8
A-DIMS
100
AcDbText
 10
5900.0
 20
-20450.0
 30
0.0
 40
28.799999999999997
  1
900
 72
1
 11
5900.0
 21
-20450.0
 31
0.0
100
AcDbText
 73
1
  0
LINE
  5
93A
330
17
100
AcDbEntity
  8
A-DIMS
100
AcDbLine
 10
6350.0
 20
-20320.0
 30
0.0
 11
6350.0
 21
-20472.5
 31
0.0
  0
LINE
  5
93B
330
17
100
AcDbEntity
  8
A-DIMS
100
AcDbLine
 10
7200.0
 20
-20320.0
 30
0.0
 11
7200.0
 21
-20472.5
 31
0.0
  0
LINE
  5
93C
330
17
100
AcDbEntity
  8
A-DIMS
100
AcDbLine
 10
6350.0
 20
-20450.0
 30
0.0
 11
7200.0
 21
-20450.0
 31
0.0
  0
TEXT
  5
93D
330
17
100
AcDbEntity
  8
A-DIMS
100
AcDbText
 10
6775.0
 20
-20450.0
 30
0.0
 40
28.799999999999997
  1
850
 72
1
 11
6775.0
 21
-20450.0
 31
0.0
100
AcDbText
 73
1
  0
LINE
  5
93E
330
17
100
AcDbEntity
  8
A-DIMS
100
AcDbLine
 10
0.0
 20
-20320.0
 30
0.0
 11
0.0
 21
-20597.5
 31
0.0
  0
LINE
  5
93F
330
17
100
AcDbEntity
  8
A-DIMS
100
AcDbLine
 10
7200.0
 20
-20320.0
 30
0.0
 11
7200.0
 21
-20597.5
 31
0.0
  0
LINE
  5
940
330
17
100
AcDbEntity
  8
A-DIMS
100
AcDbLine
 10
0.0
 20
-20575.0
 30
0.0
 11
7200.0
 21
-20575.0
 31
0.0
  0
TEXT
  5
941
330
17
100
AcDbEntity
  8
A-DIMS
100
AcDbText
 10
3600.0
 20
-20575.0
 30
0.0
 40
28.799999999999997
  1
7200
 72
1
 11
3600.0
 21
-20575.0
 31
0.0
100
AcDbText
 73
1
  0
LINE
  5
942
330
17
100
AcDbEntity
  8
A-DIMS
100
AcDbLine
 10
0.0
 20
-20320.0
 30
0.0
 11
0.0
 21
-20722.5
 31
0.0
  0
LINE
  5
943
330
17
100
AcDbEntity
  8
A-DIMS
100
AcDbLine
 10
500.0
 20
-20320.0
 30
0.0
 11
500.0
 21
-20722.5
 31
0.0
  0
LINE
  5
944
330
17
100
AcDbEntity
  8
A-DIMS
100
AcDbLine
 10
0.0
 20
-20700.0
 30
0.0
 11
500.0
 21
-20700.0
 31
0.0
  0
TEXT
  5
945
330
17
100
AcDbEntity
  8
A-DIMS
100
AcDbText
 10
250.0
 20
-20700.0
 30
0.0
 40
28.799999999999997
  1
500
 72
1
 11
250.0
 21
-20700.0
 31
0.0
100
AcDbText
 73
1
  0
LINE
  5
946
330
17
100
AcDbEntity
  8
A-DIMS
100
AcDbLine
 10
500.0
 20
-20320.0
 30
0.0
 11
500.0
 21
-20722.5
 31
0.0
  0
LINE
  5
947
330
17
100
AcDbEntity
  8
A-DIMS
100
AcDbLine
 10
600.0
 20
-20320.0
 30
0.0
 11
600.0
 21
-20722.5
 31
0.0
  0
LINE
  5
948
330
17
100
AcDbEntity
  8
A-DIMS
100
AcDbLine
 10
500.0
 20
-20700.0
 30
0.0
 11
600.0
 21
-20700.0
 31
0.0
  0
TEXT
  5
949
330
17
100
AcDbEntity
  8
A-DIMS
100
AcDbText
 10
550.0
 20
-20700.0
 30
0.0
 40
28.799999999999997
  1
100
 72
1
 11
550.0
 21
-20700.0
 31
0.0
100
AcDbText
 73
1
  0
LINE
  5
94A
330
17
100
AcDbEntity
  8
A-DIMS
100
AcDbLine
 10
600.0
 20
-20320.0
 30
0.0
 11
600.0
 21
-20722.5
 31
0.0
  0
LINE
  5
94B
330
17
100
AcDbEntity
  8
A-DIMS
100
AcDbLine
 10
5200.0
 20
-20320.0
 30
0.0
 11
5200.0
 21
-20722.5
 31
0.0
  0
LINE
  5
94C
330
17
100
AcDbEntity
  8
A-DIMS
100
AcDbLine
 10
600.0
 20
-20700.0
 30
0.0
 11
5200.0
 21
-20700.0
 31
0.0
  0
TEXT
  5
94D
330
17
100
AcDbEntity
  8
A-DIMS
100
AcDbText
 10
2900.0
 20
-20700.0
 30
0.0
 40
28.799999999999997
  1
4600
 72
1
 11
2900.0
 21
-20700.0
 31
0.0
100
AcDbText
 73
1
  0
LINE
  5
94E
330
17
100
AcDbEntity
  8
A-DIMS
100
AcDbLine
 10
5200.0
 20
-20320.0
 30
0.0
 11
5200.0
 21
-20722.5
 31
0.0
  0
LINE
  5
94F
330
17
100
AcDbEntity
  8
A-DIMS
100
AcDbLine
 10
5350.0
 20
-20320.0
 30
0.0
 11
5350.0
 21
-20722.5
 31
0.0
  0
LINE
  5
950
330
17
100
AcDbEntity
  8
A-DIMS
100
AcDbLine
 10
5200.0
 20
-20700.0
 30
0.0
 11
5350.0
 21
-20700.0
 31
0.0
  0
TEXT
  5
951
330
17
100
AcDbEntity
  8
A-DIMS
100
AcDbText
 10
5275.0
 20
-20700.0
 30
0.0
 40
28.799999999999997
  1
150
 72
1
 11
5275.0
 21
-20700.0
 31
0.0
100
AcDbText
 73
1
  0
LINE
  5
952
330
17
100
AcDbEntity
  8
A-DIMS
100
AcDbLine
 10
5350.0
 20
-20320.0
 30
0.0
 11
5350.0
 21
-20722.5
 31
0.0
  0
LINE
  5
953
330
17
100
AcDbEntity
  8
A-DIMS
100
AcDbLine
 10
7200.0
 20
-20320.0
 30
0.0
 11
7200.0
 21
-20722.5
 31
0.0
  0
LINE
  5
954
330
17
100
AcDbEntity
  8
A-DIMS
100
AcDbLine
 10
5350.0
 20
-20700.0
 30
0.0
 11
7200.0
 21
-20700.0
 31
0.0
  0
TEXT
  5
955
330
17
100
AcDbEntity
  8
A-DIMS
100
AcDbText
 10
6275.0
 20
-20700.0
 30
0.0
 40
28.799999999999997
  1
1850
 72
1
 11
6275.0
 21
-20700.0
 31
0.0
100
AcDbText
 73
1
  0
LINE
  5
956
330
17
100
AcDbEntity
  8
A-DIMS
100
AcDbLine
 10
5370.0
 20
-17350.0
 30
0.0
 11
5572.5
 21
-17350.0
 31
0.0
  0
LINE
  5
957
330
17
100
AcDbEntity
  8
A-DIMS
100
AcDbLine
 10
5370.0
 20
-16980.0
 30
0.0
 11
5572.5
 21
-16980.0
 31
0.0
  0
LINE
  5
958
330
17
100
AcDbEntity
  8
A-DIMS
100
AcDbLine
 10
5550.0
 20
-17350.0
 30
0.0
 11
5550.0
 21
-16980.0
 31
0.0
  0
TEXT
  5
959
330
17
100
AcDbEntity
  8
A-DIMS
100
AcDbText
 10
5550.0
 20
-17165.0
 30
0.0
 40
27.0
  1
370
 50
90.0
 72
1
 11
5550.0
 21
-17165.0
 31
0.0
100
AcDbText
 73
1
  0
LINE
  5
95A
330
17
100
AcDbEntity
  8
A-DIMS
100
AcDbLine
 10
4970.0
 20
-20000.0
 30
0.0
 11
5097.5
 21
-20000.0
 31
0.0
  0
LINE
  5
95B
330
17
100
AcDbEntity
  8
A-DIMS
100
AcDbLine
 10
4970.0
 20
-17600.0
 30
0.0
 11
5097.5
 21
-17600.0
 31
0.0
  0
LINE
  5
95C
330
17
100
AcDbEntity
  8
A-DIMS
100
AcDbLine
 10
5075.0
 20
-20000.0
 30
0.0
 11
5075.0
 21
-17600.0
 31
0.0
  0
TEXT
  5
95D
330
17
100
AcDbEntity
  8
A-DIMS
100
AcDbText
 10
5075.0
 20
-18800.0
 30
0.0
 40
27.0
  1
2400
 50
90.0
 72
1
 11
5075.0
 21
-18800.0
 31
0.0
100
AcDbText
 73
1
  0
LINE
  5
95E
330
17
100
AcDbEntity
  8
A-DIMS
100
AcDbLine
 10
6470.0
 20
-17600.0
 30
0.0
 11
6597.5
 21
-17600.0
 31
0.0
  0
LINE
  5
95F
330
17
100
AcDbEntity
  8
A-DIMS
100
AcDbLine
 10
6470.0
 20
-17350.0
 30
0.0
 11
6597.5
 21
-17350.0
 31
0.0
  0
LINE
  5
960
330
17
100
AcDbEntity
  8
A-DIMS
100
AcDbLine
 10
6575.0
 20
-17600.0
 30
0.0
 11
6575.0
 21
-17350.0
 31
0.0
  0
TEXT
  5
961
330
17
100
AcDbEntity
  8
A-DIMS
100
AcDbText
 10
6575.0
 20
-17475.0
 30
0.0
 40
25.2
  1
250
 50
90.0
 72
1
 11
6575.0
 21
-17475.0
 31
0.0
100
AcDbText
 73
1
  0
HATCH
  5
962
330
17
100
AcDbEntity
  8
A-HATCH
 62
7
100
AcDbHatch
 10
0.0
 20
0.0
 30
0.0
210
0.0
220
0.0
230
1.0
  2
EARTH
 70
0
 71
0
 91
1
 92
3
 72
0
 73
1
 93
4
 10
21350.0
 20
-20005.0
 10
30300.0
 20
-20005.0
 10
30300.0
 20
-20205.0
 10
21350.0
 20
-20205.0
 97
0
 75
1
 76
1
 52
0.0
 41
5.0
 77
0
 78
6
 53
0.0
 43
0.0
 44
0.0
 45
31.75
 46
31.75
 79
2
 49
31.75
 49
-31.75
 53
0.0
 43
0.0
 44
11.90625
 45
31.75
 46
31.75
 79
2
 49
31.75
 49
-31.75
 53
0.0
 43
0.0
 44
23.8125
 45
31.75
 46
31.75
 79
2
 49
31.75
 49
-31.75
 53
90.0
 43
3.96875
 44
27.78125
 45
-31.75
 46
31.75
 79
2
 49
31.75
 49
-31.75
 53
90.0
 43
15.875
 44
27.78125
 45
-31.75
 46
31.75
 79
2
 49
31.75
 49
-31.75
 53
90.0
 43
27.78125
 44
27.78125
 45
-31.75
 46
31.75
 79
2
 49
31.75
 49
-31.75
 98
0
  0
LWPOLYLINE
  5
963
330
17
100
AcDbEntity
  8
A-WALL
100
AcDbPolyline
 90
4
 70
1
 10
21350.0
 20
-20005.0
 10
30300.0
 20
-20005.0
 10
30300.0
 20
-20205.0
 10
21350.0
 20
-20205.0
  0
LINE
  5
964
330
17
100
AcDbEntity
  8
A-WALL
100
AcDbLine
 10
21350.0
 20
-20005.0
 30
0.0
 11
30300.0
 21
-20005.0
 31
0.0
  0
LWPOLYLINE
  5
965
330
17
100
AcDbEntity
  8
A-WALL
100
AcDbPolyline
 90
4
 70
1
 10
21350.0
 20
-20000.0
 10
30000.0
 20
-20000.0
 10
30000.0
 20
-18200.0
 10
21350.0
 20
-18200.0
  0
LWPOLYLINE
  5
966
330
17
100
AcDbEntity
  8
A-WALL
100
AcDbPolyline
 90
4
 70
1
 10
21350.0
 20
-18200.0
 10
30000.0
 20
-18200.0
 10
30000.0
 20
-18150.0
 10
21350.0
 20
-18150.0
  0
LINE
  5
967
330
17
100
AcDbEntity
  8
A-WALL
  6
DASHED
100
AcDbLine
 10
21750.0
 20
-19400.0
 30
0.0
 11
30000.0
 21
-19400.0
 31
0.0
  0
LINE
  5
968
330
17
100
AcDbEntity
  8
A-WALL
  6
DASHED
100
AcDbLine
 10
21750.0
 20
-19000.0
 30
0.0
 11
30000.0
 21
-19000.0
 31
0.0
  0
LINE
  5
969
330
17
100
AcDbEntity
  8
A-WALL
  6
DASHED
100
AcDbLine
 10
21750.0
 20
-18600.0
 30
0.0
 11
30000.0
 21
-18600.0
 31
0.0
  0
LINE
  5
96A
330
17
100
AcDbEntity
  8
A-WALL
  6
DASHED
100
AcDbLine
 10
21750.0
 20
-18250.0
 30
0.0
 11
30000.0
 21
-18250.0
 31
0.0
  0
HATCH
  5
96B
330
17
100
AcDbEntity
  8
A-HATCH
 62
7
100
AcDbHatch
 10
0.0
 20
0.0
 30
0.0
210
0.0
220
0.0
230
1.0
  2
ANSI31
 70
0
 71
0
 91
1
 92
3
 72
0
 73
1
 93
4
 10
30000.0
 20
-20005.0
 10
30300.0
 20
-20005.0
 10
30300.0
 20
-16600.0
 10
30000.0
 20
-16600.0
 97
0
 75
1
 76
1
 52
0.0
 41
5.0
 77
0
 78
1
 53
45.0
 43
0.0
 44
0.0
 45
-11.2253201515
 46
11.2253201515
 79
0
 98
0
  0
LWPOLYLINE
  5
96C
330
17
100
AcDbEntity
  8
A-WALL
100
AcDbPolyline
 90
4
 70
1
 10
30000.0
 20
-20005.0
 10
30300.0
 20
-20005.0
 10
30300.0
 20
-16600.0
 10
30000.0
 20
-16600.0
  0
HATCH
  5
96D
330
17
100
AcDbEntity
  8
A-HATCH
 62
7
100
AcDbHatch
 10
0.0
 20
0.0
 30
0.0
210
0.0
220
0.0
230
1.0
  2
ANSI31
 70
0
 71
0
 91
1
 92
3
 72
0
 73
1
 93
4
 10
30300.0
 20
-17050.0
 10
30600.0
 20
-17050.0
 10
30600.0
 20
-16850.0
 10
30300.0
 20
-16850.0
 97
0
 75
1
 76
1
 52
0.0
 41
5.0
 77
0
 78
1
 53
45.0
 43
0.0
 44
0.0
 45
-11.2253201515
 46
11.2253201515
 79
0
 98
0
  0
LWPOLYLINE
  5
96E
330
17
100
AcDbEntity
  8
A-WALL
100
AcDbPolyline
 90
4
 70
1
 10
30300.0
 20
-17050.0
 10
30600.0
 20
-17050.0
 10
30600.0
 20
-16850.0
 10
30300.0
 20
-16850.0
  0
HATCH
  5
96F
330
17
100
AcDbEntity
  8
A-HATCH
 62
8
100
AcDbHatch
 10
0.0
 20
0.0
 30
0.0
210
0.0
220
0.0
230
1.0
  2
SOLID
 70
1
 71
0
 91
1
 92
3
 72
0
 73
1
 93
4
 10
21600.0
 20
-20005.0
 10
30000.0
 20
-20005.0
 10
30000.0
 20
-19660.0
 10
21600.0
 20
-19660.0
 97
0
 75
0
 76
1
 98
0
  0
LWPOLYLINE
  5
970
330
17
100
AcDbEntity
  8
A-WALL
100
AcDbPolyline
 90
4
 70
1
 10
21600.0
 20
-20005.0
 10
30000.0
 20
-20005.0
 10
30000.0
 20
-19660.0
 10
21600.0
 20
-19660.0
  0
LWPOLYLINE
  5
971
330
17
100
AcDbEntity
  8
A-WALL
100
AcDbPolyline
 90
4
 70
1
 10
21600.0
 20
-19660.0
 10
30000.0
 20
-19660.0
 10
30000.0
 20
-19600.0
 10
21600.0
 20
-19600.0
  0
LINE
  5
972
330
17
100
AcDbEntity
  8
A-WALL
100
AcDbLine
 10
25800.0
 20
-20005.0
 30
0.0
 11
25800.0
 21
-19660.0
 31
0.0
  0
TEXT
  5
973
330
17
100
AcDbEntity
  8
A-TEXT
100
AcDbText
 10
25800.0
 20
-20150.0
 30
0.0
 40
46.8
  1
MJ
 72
1
 11
25800.0
 21
-20150.0
 31
0.0
100
AcDbText
 73
1
  0
LWPOLYLINE
  5
974
330
17
100
AcDbEntity
  8
L-PLANT
100
AcDbPolyline
 90
15
 70
1
 10
21854.77663098371
 20
-19610.0
 10
21838.443673578993
 20
-19502.542655556103
 10
21900.208751254424
 20
-19436.814089979685
 10
21915.8525429676
 20
-19345.665146095333
 10
21929.850559363127
 20
-19225.950829938556
 10
21988.69253708823
 20
-19193.961808997956
 10
22049.474289855003
 20
-19211.538319971707
 10
22100.0
 20
-19179.50946595941
 10
22159.721550670813
 20
-19139.017022306147
 10
22205.972598421075
 20
-19213.902137470894
 10
22238.149604113594
 20
-19298.178576399947
 10
22310.53939357841
 20
-19307.7807853576
 10
22304.64883826753
 20
-19432.60336469944
 10
22348.869491669426
 20
-19507.754892592988
 10
22354.07689212927
 20
-19610.0
  0
LINE
  5
975
330
17
100
AcDbEntity
  8
L-PLANT
100
AcDbLine
 10
22084.871569877345
 20
-19261.11933959235
 30
0.0
 11
22046.05786573755
 21
-19190.882095033565
 31
0.0
  0
LINE
  5
976
330
17
100
AcDbEntity
  8
L-PLANT
100
AcDbLine
 10
21951.38606638422
 20
-19260.062646883882
 30
0.0
 11
21908.762861897834
 21
-19194.410050275783
 31
0.0
  0
LINE
  5
977
330
17
100
AcDbEntity
  8
L-PLANT
100
AcDbLine
 10
22227.929224198222
 20
-19284.149458423773
 30
0.0
 11
22179.637167048262
 21
-19200.28515010786
 31
0.0
  0
LINE
  5
978
330
17
100
AcDbEntity
  8
L-PLANT
100
AcDbLine
 10
22231.78883212983
 20
-19450.139138819275
 30
0.0
 11
22262.56619918757
 21
-19398.78549456087
 31
0.0
  0
LINE
  5
979
330
17
100
AcDbEntity
  8
L-PLANT
100
AcDbLine
 10
21966.854592327334
 20
-19494.93843661835
 30
0.0
 11
21943.9040658772
 21
-19413.62604072852
 31
0.0
  0
LINE
  5
97A
330
17
100
AcDbEntity
  8
L-PLANT
100
AcDbLine
 10
22085.315813423644
 20
-19253.206014754556
 30
0.0
 11
22132.57688396071
 21
-19202.68297248849
 31
0.0
  0
CIRCLE
  5
97B
330
17
100
AcDbEntity
  8
A-WALL
100
AcDbCircle
 10
22073.367045868425
 20
-19457.03287085404
 30
0.0
 40
18.0
  0
CIRCLE
  5
97C
330
17
100
AcDbEntity
  8
A-WALL
100
AcDbCircle
 10
22133.488244429187
 20
-19305.01176245893
 30
0.0
 40
18.0
  0
CIRCLE
  5
97D
330
17
100
AcDbEntity
  8
A-WALL
100
AcDbCircle
 10
22134.12868383214
 20
-19450.279729505557
 30
0.0
 40
18.0
  0
CIRCLE
  5
97E
330
17
100
AcDbEntity
  8
A-WALL
100
AcDbCircle
 10
22144.545699069567
 20
-19443.678127450334
 30
0.0
 40
18.0
  0
LWPOLYLINE
  5
97F
330
17
100
AcDbEntity
  8
L-PLANT
100
AcDbPolyline
 90
15
 70
1
 10
22286.757020665304
 20
-19610.0
 10
22305.087795031388
 20
-19444.309449102533
 10
22331.626938533118
 20
-19291.86669594062
 10
22325.312037957985
 20
-19070.784393908067
 10
22395.917671850522
 20
-18980.064873557392
 10
22454.499480956598
 20
-18866.283222139064
 10
22527.55970014733
 20
-18828.752760712327
 10
22600.0
 20
-18838.496244743874
 10
22675.281308787606
 20
-18798.113318416763
 10
22741.973093736924
 20
-18884.313435366665
 10
22813.14403152327
 20
-18952.09437110226
 10
22860.5868095018
 20
-19098.46511736257
 10
22911.74406522066
 20
-19240.454081540556
 10
22909.458407963288
 20
-19436.136954553145
 10
22897.08603358676
 20
-19610.0
  0
LINE
  5
980
330
17
100
AcDbEntity
  8
L-PLANT
100
AcDbLine
 10
22424.9175287037
 20
-19113.9517706199
 30
0.0
 11
22385.01882225936
 21
-19041.219010573775
 31
0.0
  0
LINE
  5
981
330
17
100
AcDbEntity
  8
L-PLANT
100
AcDbLine
 10
22660.386719494265
 20
-19459.060444367635
 30
0.0
 11
22694.504435676517
 21
-19417.41013315368
 31
0.0
  0
LINE
  5
982
330
17
100
AcDbEntity
  8
L-PLANT
100
AcDbLine
 10
22783.44584957449
 20
-19052.65614791131
 30
0.0
 11
22749.350651127428
 21
-18976.34424865155
 31
0.0
  0
LINE
  5
983
330
17
100
AcDbEntity
  8
L-PLANT
100
AcDbLine
 10
22716.17005793447
 20
-19424.998029703464
 30
0.0
 11
22736.564334331582
 21
-19378.809650811112
 31
0.0
  0
LINE
  5
984
330
17
100
AcDbEntity
  8
L-PLANT
100
AcDbLine
 10
22806.610784469503
 20
-19131.797213640584
 30
0.0
 11
22864.21137610915
 21
-19089.1207370031
 31
0.0
  0
LINE
  5
985
330
17
100
AcDbEntity
  8
L-PLANT
100
AcDbLine
 10
22508.900112753054
 20
-19167.652040916983
 30
0.0
 11
22521.884915992567
 21
-19118.547518809853
 31
0.0
  0
LINE
  5
986
330
17
100
AcDbEntity
  8
L-PLANT
100
AcDbLine
 10
22793.89016105462
 20
-19049.80577625451
 30
0.0
 11
22770.060116546152
 21
-19002.510396427075
 31
0.0
  0
LINE
  5
987
330
17
100
AcDbEntity
  8
L-PLANT
100
AcDbLine
 10
22683.829596987067
 20
-19278.26060972228
 30
0.0
 11
22703.430370133654
 21
-19213.597382350596
 31
0.0
  0
LINE
  5
988
330
17
100
AcDbEntity
  8
L-PLANT
100
AcDbLine
 10
22547.412230932725
 20
-19478.73431619513
 30
0.0
 11
22503.60614392568
 21
-19415.813454375097
 31
0.0
  0
LINE
  5
989
330
17
100
AcDbEntity
  8
L-PLANT
100
AcDbLine
 10
22714.106123901318
 20
-19268.654512488833
 30
0.0
 11
22743.439120460233
 21
-19201.665150089517
 31
0.0
  0
LINE
  5
98A
330
17
100
AcDbEntity
  8
L-PLANT
100
AcDbLine
 10
22790.176278405816
 20
-19149.338276079674
 30
0.0
 11
22768.800737472502
 21
-19102.397674385407
 31
0.0
  0
CIRCLE
  5
98B
330
17
100
AcDbEntity
  8
A-WALL
100
AcDbCircle
 10
22374.179628882004
 20
-19350.360226711295
 30
0.0
 40
18.0
  0
CIRCLE
  5
98C
330
17
100
AcDbEntity
  8
A-WALL
100
AcDbCircle
 10
22788.49157836042
 20
-18936.20265002215
 30
0.0
 40
18.0
  0
CIRCLE
  5
98D
330
17
100
AcDbEntity
  8
A-WALL
100
AcDbCircle
 10
22730.712146432474
 20
-19315.772686650434
 30
0.0
 40
18.0
  0
CIRCLE
  5
98E
330
17
100
AcDbEntity
  8
A-WALL
100
AcDbCircle
 10
22683.462837388248
 20
-19306.68296542888
 30
0.0
 40
18.0
  0
LWPOLYLINE
  5
98F
330
17
100
AcDbEntity
  8
L-PLANT
100
AcDbPolyline
 90
15
 70
1
 10
22719.3146786933
 20
-19610.0
 10
22762.592232408035
 20
-19491.774311878402
 10
22766.97406632415
 20
-19365.157726875164
 10
22800.238733713002
 20
-19262.426994923637
 10
22821.334939320863
 20
-19121.187854943117
 10
22877.2367964499
 20
-19053.80999516317
 10
22934.138951827495
 20
-18980.42304162114
 10
23000.0
 20
-19070.52407409292
 10
23059.530195478488
 20
-19040.940739010395
 10
23105.782040870046
 20
-19130.744717295107
 10
23159.131804178953
 20
-19174.629154397564
 10
23213.106930538554
 20
-19239.206313983475
 10
23219.480905027554
 20
-19379.389600347255
 10
23247.66062347465
 20
-19486.668535625853
 10
23281.31800848566
 20
-19610.0
  0
LINE
  5
990
330
17
100
AcDbEntity
  8
L-PLANT
100
AcDbLine
 10
23019.01370333213
 20
-19434.02815740413
 30
0.0
 11
23029.72558539724
 21
-19353.556634570235
 31
0.0
  0
LINE
  5
991
330
17
100
AcDbEntity
  8
L-PLANT
100
AcDbLine
 10
22791.211013709948
 20
-19205.730491785205
 30
0.0
 11
22814.987741108536
 21
-19148.717965959306
 31
0.0
  0
LINE
  5
992
330
17
100
AcDbEntity
  8
L-PLANT
100
AcDbLine
 10
22854.241326843447
 20
-19146.686901839355
 30
0.0
 11
22834.63267225696
 21
-19102.049609670346
 31
0.0
  0
LINE
  5
993
330
17
100
AcDbEntity
  8
L-PLANT
100
AcDbLine
 10
22829.38000558339
 20
-19189.47719712449
 30
0.0
 11
22841.827129347417
 21
-19109.12078346077
 31
0.0
  0
LINE
  5
994
330
17
100
AcDbEntity
  8
L-PLANT
100
AcDbLine
 10
23097.194217447384
 20
-19310.871044332667
 30
0.0
 11
23153.968109124908
 21
-19251.94432547225
 31
0.0
  0
LINE
  5
995
330
17
100
AcDbEntity
  8
L-PLANT
100
AcDbLine
 10
23022.01719015406
 20
-19196.532180941333
 30
0.0
 11
23036.239560437767
 21
-19113.44683592579
 31
0.0
  0
LINE
  5
996
330
17
100
AcDbEntity
  8
L-PLANT
100
AcDbLine
 10
23032.72590760863
 20
-19245.21698387618
 30
0.0
 11
22978.22483364731
 21
-19193.822070093604
 31
0.0
  0
LINE
  5
997
330
17
100
AcDbEntity
  8
L-PLANT
100
AcDbLine
 10
22910.894907677815
 20
-19488.881128999787
 30
0.0
 11
22878.82981404114
 21
-19443.8310575293
 31
0.0
  0
CIRCLE
  5
998
330
17
100
AcDbEntity
  8
A-WALL
100
AcDbCircle
 10
22902.30838536844
 20
-19193.525386733643
 30
0.0
 40
18.0
  0
CIRCLE
  5
999
330
17
100
AcDbEntity
  8
A-WALL
100
AcDbCircle
 10
22940.526158746838
 20
-19292.29268023252
 30
0.0
 40
18.0
  0
CIRCLE
  5
99A
330
17
100
AcDbEntity
  8
A-WALL
100
AcDbCircle
 10
22872.183093539454
 20
-19330.68425019773
 30
0.0
 40
18.0
  0
CIRCLE
  5
99B
330
17
100
AcDbEntity
  8
A-WALL
100
AcDbCircle
 10
23192.128018593496
 20
-19188.93083668827
 30
0.0
 40
18.0
  0
LWPOLYLINE
  5
99C
330
17
100
AcDbEntity
  8
L-PLANT
100
AcDbPolyline
 90
15
 70
1
 10
23389.031508371023
 20
-19610.0
 10
23347.457026601536
 20
-19403.088371976373
 10
23412.516278617928
 20
-19253.998922331008
 10
23431.35098795671
 20
-19059.096016432384
 10
23475.72024312084
 20
-18886.81677799888
 10
23539.87206132514
 20
-18754.976623535324
 10
23623.698557382406
 20
-18750.37538154229
 10
23700.0
 20
-18719.342098499987
 10
23768.864687691395
 20
-18834.15908728473
 10
23848.081891085374
 20
-18819.29801784199
 10
23909.912088801582
 20
-18933.144884634843
 10
23992.11274518968
 20
-19010.980209263027
 10
24015.44520242771
 20
-19219.373249135977
 10
24056.97901599999
 20
-19400.484806266875
 10
24041.423246691622
 20
-19610.0
  0
LINE
  5
99D
330
17
100
AcDbEntity
  8
L-PLANT
100
AcDbLine
 10
23525.639748460988
 20
-18977.237977700137
 30
0.0
 11
23564.06614690923
 21
-18918.445063416315
 31
0.0
  0
LINE
  5
99E
330
17
100
AcDbEntity
  8
L-PLANT
100
AcDbLine
 10
23482.323214941476
 20
-19175.228247432504
 30
0.0
 11
23481.84048359502
 21
-19096.6131978666
 31
0.0
  0
LINE
  5
99F
330
17
100
AcDbEntity
  8
L-PLANT
100
AcDbLine
 10
23752.347571716517
 20
-19178.594532504063
 30
0.0
 11
23761.366642742818
 21
-19119.748273214256
 31
0.0
  0
LINE
  5
9A0
330
17
100
AcDbEntity
  8
L-PLANT
100
AcDbLine
 10
23457.110630121868
 20
-19439.191753125397
 30
0.0
 11
23510.139063797702
 21
-19357.23684305356
 31
0.0
  0
LINE
  5
9A1
330
17
100
AcDbEntity
  8
L-PLANT
100
AcDbLine
 10
23590.239883458933
 20
-18955.07991924829
 30
0.0
 11
23592.910210845363
 21
-18909.927883748092
 31
0.0
  0
LINE
  5
9A2
330
17
100
AcDbEntity
  8
L-PLANT
100
AcDbLine
 10
23891.524310005996
 20
-19133.139418307077
 30
0.0
 11
23943.45878112124
 21
-19059.176834369937
 31
0.0
  0
LINE
  5
9A3
330
17
100
AcDbEntity
  8
L-PLANT
100
AcDbLine
 10
23481.43776604394
 20
-19110.6926170916
 30
0.0
 11
23515.86410171889
 21
-19025.74695472597
 31
0.0
  0
LINE
  5
9A4
330
17
100
AcDbEntity
  8
L-PLANT
100
AcDbLine
 10
23609.148070853076
 20
-19165.598519679126
 30
0.0
 11
23633.286688164902
 21
-19117.25760396703
 31
0.0
  0
LINE
  5
9A5
330
17
100
AcDbEntity
  8
L-PLANT
100
AcDbLine
 10
23887.57830649675
 20
-19018.193813100963
 30
0.0
 11
23833.58997632003
 21
-18948.623396267456
 31
0.0
  0
LINE
  5
9A6
330
17
100
AcDbEntity
  8
L-PLANT
100
AcDbLine
 10
23628.95114312838
 20
-19366.185326441744
 30
0.0
 11
23641.488786802707
 21
-19277.72660421045
 31
0.0
  0
LINE
  5
9A7
330
17
100
AcDbEntity
  8
L-PLANT
100
AcDbLine
 10
23727.983751227417
 20
-19408.718407237913
 30
0.0
 11
23727.375124831386
 21
-19329.76178716736
 31
0.0
  0
LINE
  5
9A8
330
17
100
AcDbEntity
  8
L-PLANT
100
AcDbLine
 10
23945.123220482128
 20
-19056.620803930713
 30
0.0
 11
23890.08438222052
 21
-18968.2930567888
 31
0.0
  0
LINE
  5
9A9
330
17
100
AcDbEntity
  8
L-PLANT
100
AcDbLine
 10
23754.848390368075
 20
-19426.065859649323
 30
0.0
 11
23710.107198186637
 21
-19381.754469847852
 31
0.0
  0
CIRCLE
  5
9AA
330
17
100
AcDbEntity
  8
A-WALL
100
AcDbCircle
 10
23792.28999919762
 20
-19254.009677735397
 30
0.0
 40
18.0
  0
CIRCLE
  5
9AB
330
17
100
AcDbEntity
  8
A-WALL
100
AcDbCircle
 10
23872.182709665693
 20
-19279.211050115093
 30
0.0
 40
18.0
  0
CIRCLE
  5
9AC
330
17
100
AcDbEntity
  8
A-WALL
100
AcDbCircle
 10
23719.70572231603
 20
-19092.76322807651
 30
0.0
 40
18.0
  0
CIRCLE
  5
9AD
330
17
100
AcDbEntity
  8
A-WALL
100
AcDbCircle
 10
23441.26544894336
 20
-19338.594137541862
 30
0.0
 40
18.0
  0
LWPOLYLINE
  5
9AE
330
17
100
AcDbEntity
  8
L-PLANT
100
AcDbPolyline
 90
15
 70
1
 10
24057.530526641003
 20
-19610.0
 10
24056.454759158645
 20
-19487.707253730205
 10
24059.07010056728
 20
-19354.743406146976
 10
24120.4003219194
 20
-19294.90287937352
 10
24155.111087023124
 20
-19210.29310947186
 10
24203.851212016605
 20
-19170.75896589557
 10
24249.61774931896
 20
-19124.37406132005
 10
24300.0
 20
-19124.934519267666
 10
24350.872283854147
 20
-19119.65071497373
 10
24407.71347203152
 20
-19117.9274753804
 10
24471.099387033675
 20
-19137.985940695013
 10
24501.82437471206
 20
-19255.910950266458
 10
24516.965431703837
 20
-19380.132900852193
 10
24536.203219541083
 20
-19491.393944321568
 10
24558.02202956268
 20
-19610.0
  0
LINE
  5
9AF
330
17
100
AcDbEntity
  8
L-PLANT
100
AcDbLine
 10
24233.123027929563
 20
-19501.20464856827
 30
0.0
 11
24274.105775558306
 21
-19430.343650772564
 31
0.0
  0
LINE
  5
9B0
330
17
100
AcDbEntity
  8
L-PLANT
100
AcDbLine
 10
24150.77301043448
 20
-19502.45115926168
 30
0.0
 11
24102.128315989943
 21
-19414.504996994863
 31
0.0
  0
LINE
  5
9B1
330
17
100
AcDbEntity
  8
L-PLANT
100
AcDbLine
 10
24149.12187131299
 20
-19303.949183681583
 30
0.0
 11
24205.469968896377
 21
-19262.199017211566
 31
0.0
  0
LINE
  5
9B2
330
17
100
AcDbEntity
  8
L-PLANT
100
AcDbLine
 10
24256.107248755066
 20
-19356.87205305168
 30
0.0
 11
24306.133983992826
 21
-19307.44239479892
 31
0.0
  0
LINE
  5
9B3
330
17
100
AcDbEntity
  8
L-PLANT
100
AcDbLine
 10
24207.05648794517
 20
-19438.8526407434
 30
0.0
 11
24152.961056417775
 21
-19365.166799719267
 31
0.0
  0
LINE
  5
9B4
330
17
100
AcDbEntity
  8
L-PLANT
100
AcDbLine
 10
24421.809784838388
 20
-19371.49949430469
 30
0.0
 11
24366.34980781235
 21
-19295.82049529246
 31
0.0
  0
LINE
  5
9B5
330
17
100
AcDbEntity
  8
L-PLANT
100
AcDbLine
 10
24391.171545032284
 20
-19293.893038164002
 30
0.0
 11
24370.609885728543
 21
-19212.368953703684
 31
0.0
  0
CIRCLE
  5
9B6
330
17
100
AcDbEntity
  8
A-WALL
100
AcDbCircle
 10
24352.223281424136
 20
-19243.81899825879
 30
0.0
 40
18.0
  0
CIRCLE
  5
9B7
330
17
100
AcDbEntity
  8
A-WALL
100
AcDbCircle
 10
24316.211754532418
 20
-19365.457831234806
 30
0.0
 40
18.0
  0
CIRCLE
  5
9B8
330
17
100
AcDbEntity
  8
A-WALL
100
AcDbCircle
 10
24282.22900031063
 20
-19174.22565270075
 30
0.0
 40
18.0
  0
CIRCLE
  5
9B9
330
17
100
AcDbEntity
  8
A-WALL
100
AcDbCircle
 10
24373.50213228172
 20
-19327.045588566794
 30
0.0
 40
18.0
  0
LWPOLYLINE
  5
9BA
330
17
100
AcDbEntity
  8
L-PLANT
100
AcDbPolyline
 90
15
 70
1
 10
24418.05622265065
 20
-19610.0
 10
24411.21673794745
 20
-19445.21776230851
 10
24457.275350139313
 20
-19317.77492317037
 10
24476.117543344866
 20
-19163.649246449782
 10
24532.422140704723
 20
-19084.660027433252
 10
24585.138651858782
 20
-19013.719882364036
 10
24637.08573966102
 20
-18920.88653786179
 10
24700.0
 20
-18930.578449682926
 10
24763.313552639032
 20
-18916.51300318442
 10
24835.835579703486
 20
-18904.83628082476
 10
24866.072667073408
 20
-19089.37865580021
 10
24938.650837919064
 20
-19134.205768812648
 10
24945.884077410814
 20
-19313.971172875114
 10
25008.54002054623
 20
-19433.9443843053
 10
25012.639863209217
 20
-19610.0
  0
LINE
  5
9BB
330
17
100
AcDbEntity
  8
L-PLANT
100
AcDbLine
 10
24566.620138262035
 20
-19084.06266716602
 30
0.0
 11
24592.696344911925
 21
-19040.31510089336
 31
0.0
  0
LINE
  5
9BC
330
17
100
AcDbEntity
  8
L-PLANT
100
AcDbLine
 10
24657.599100503114
 20
-19156.030092962967
 30
0.0
 11
24708.354090215504
 21
-19107.419533216096
 31
0.0
  0
LINE
  5
9BD
330
17
100
AcDbEntity
  8
L-PLANT
100
AcDbLine
 10
24585.47522639955
 20
-19119.64216512791
 30
0.0
 11
24640.99590276208
 21
-19074.95443475171
 31
0.0
  0
LINE
  5
9BE
330
17
100
AcDbEntity
  8
L-PLANT
100
AcDbLine
 10
24510.689973216446
 20
-19131.300049981874
 30
0.0
 11
24488.728691127588
 21
-19071.961226239015
 31
0.0
  0
LINE
  5
9BF
330
17
100
AcDbEntity
  8
L-PLANT
100
AcDbLine
 10
24873.691726423807
 20
-19133.922736132983
 30
0.0
 11
24892.97764478196
 21
-19050.5401348301
 31
0.0
  0
LINE
  5
9C0
330
17
100
AcDbEntity
  8
L-PLANT
100
AcDbLine
 10
24807.097152176735
 20
-19102.503667680015
 30
0.0
 11
24824.287236861477
 21
-19032.84575331596
 31
0.0
  0
LINE
  5
9C1
330
17
100
AcDbEntity
  8
L-PLANT
100
AcDbLine
 10
24496.860794010117
 20
-19054.06434115269
 30
0.0
 11
24546.27251840736
 21
-18996.497165467837
 31
0.0
  0
LINE
  5
9C2
330
17
100
AcDbEntity
  8
L-PLANT
100
AcDbLine
 10
24758.313719774455
 20
-19489.2617162003
 30
0.0
 11
24758.309961741714
 21
-19418.093047325194
 31
0.0
  0
LINE
  5
9C3
330
17
100
AcDbEntity
  8
L-PLANT
100
AcDbLine
 10
24604.823522876948
 20
-19295.432706026244
 30
0.0
 11
24645.076604240414
 21
-19248.261036951215
 31
0.0
  0
LINE
  5
9C4
330
17
100
AcDbEntity
  8
L-PLANT
100
AcDbLine
 10
24679.44600039162
 20
-19455.39361020126
 30
0.0
 11
24665.57614116872
 21
-19371.267411568555
 31
0.0
  0
CIRCLE
  5
9C5
330
17
100
AcDbEntity
  8
A-WALL
100
AcDbCircle
 10
24753.976734528827
 20
-19371.513903436975
 30
0.0
 40
18.0
  0
CIRCLE
  5
9C6
330
17
100
AcDbEntity
  8
A-WALL
100
AcDbCircle
 10
24872.150764024038
 20
-19078.8879110062
 30
0.0
 40
18.0
  0
CIRCLE
  5
9C7
330
17
100
AcDbEntity
  8
A-WALL
100
AcDbCircle
 10
24709.86400522571
 20
-19250.86446301651
 30
0.0
 40
18.0
  0
CIRCLE
  5
9C8
330
17
100
AcDbEntity
  8
A-WALL
100
AcDbCircle
 10
24604.405774479448
 20
-19299.965574408565
 30
0.0
 40
18.0
  0
LWPOLYLINE
  5
9C9
330
17
100
AcDbEntity
  8
L-PLANT
100
AcDbPolyline
 90
15
 70
1
 10
25104.259781374625
 20
-19610.0
 10
25140.47452032042
 20
-19469.990006677654
 10
25149.880662155847
 20
-19325.29734143219
 10
25170.128179723015
 20
-19176.706077486706
 10
25240.49471026151
 20
-19137.241274412176
 10
25281.46257385061
 20
-19028.20154145097
 10
25338.29145268644
 20
-18970.960628700464
 10
25400.0
 20
-18902.550468357327
 10
25454.2833085095
 20
-19047.85467569501
 10
25506.809633881796
 20
-19085.763205181298
 10
25562.958469198544
 20
-19127.00637421897
 10
25628.23073515406
 20
-19179.7994197208
 10
25663.993383569574
 20
-19309.504969130372
 10
25643.918351485194
 20
-19478.40981161155
 10
25697.632171212637
 20
-19610.0
  0
LINE
  5
9CA
330
17
100
AcDbEntity
  8
L-PLANT
100
AcDbLine
 10
25411.7485688358
 20
-19103.563689262755
 30
0.0
 11
25463.890888004746
 21
-19058.917616950326
 31
0.0
  0
LINE
  5
9CB
330
17
100
AcDbEntity
  8
L-PLANT
100
AcDbLine
 10
25600.692415454476
 20
-19310.230498241188
 30
0.0
 11
25559.425752204796
 21
-19246.950072562013
 31
0.0
  0
LINE
  5
9CC
330
17
100
AcDbEntity
  8
L-PLANT
100
AcDbLine
 10
25219.904504789592
 20
-19196.100515095477
 30
0.0
 11
25225.235210688
 21
-19150.63142258012
 31
0.0
  0
LINE
  5
9CD
330
17
100
AcDbEntity
  8
L-PLANT
100
AcDbLine
 10
25284.228778201486
 20
-19298.47322443447
 30
0.0
 11
25317.648233237724
 21
-19244.719740560373
 31
0.0
  0
LINE
  5
9CE
330
17
100
AcDbEntity
  8
L-PLANT
100
AcDbLine
 10
25233.59065438181
 20
-19362.623010908144
 30
0.0
 11
25181.874434845566
 21
-19305.84378988736
 31
0.0
  0
LINE
  5
9CF
330
17
100
AcDbEntity
  8
L-PLANT
100
AcDbLine
 10
25557.31858876639
 20
-19434.86791393026
 30
0.0
 11
25533.526663774155
 21
-19356.20840995765
 31
0.0
  0
LINE
  5
9D0
330
17
100
AcDbEntity
  8
L-PLANT
100
AcDbLine
 10
25274.621871033418
 20
-19463.977607831814
 30
0.0
 11
25244.400920484248
 21
-19393.46352935008
 31
0.0
  0
LINE
  5
9D1
330
17
100
AcDbEntity
  8
L-PLANT
100
AcDbLine
 10
25489.578710999922
 20
-19226.58020175823
 30
0.0
 11
25437.329430269634
 21
-19172.383475521092
 31
0.0
  0
CIRCLE
  5
9D2
330
17
100
AcDbEntity
  8
A-WALL
100
AcDbCircle
 10
25230.947290676126
 20
-19189.279199378645
 30
0.0
 40
18.0
  0
CIRCLE
  5
9D3
330
17
100
AcDbEntity
  8
A-WALL
100
AcDbCircle
 10
25340.974494167516
 20
-19112.256805577803
 30
0.0
 40
18.0
  0
CIRCLE
  5
9D4
330
17
100
AcDbEntity
  8
A-WALL
100
AcDbCircle
 10
25430.18658489368
 20
-19180.33859527559
 30
0.0
 40
18.0
  0
CIRCLE
  5
9D5
330
17
100
AcDbEntity
  8
A-WALL
100
AcDbCircle
 10
25255.487207448597
 20
-19196.328512896907
 30
0.0
 40
18.0
  0
LWPOLYLINE
  5
9D6
330
17
100
AcDbEntity
  8
L-PLANT
100
AcDbPolyline
 90
15
 70
1
 10
25764.907838301253
 20
-19610.0
 10
25767.428358491758
 20
-19403.96588115885
 10
25791.028352709673
 20
-19206.13354827753
 10
25838.518673234426
 20
-19044.005200583008
 10
25883.363345690133
 20
-18872.65404691688
 10
25953.25358340314
 20
-18782.897227894246
 10
26030.762617711123
 20
-18786.624706825125
 10
26100.0
 20
-18686.526685054207
 10
26168.941838386396
 20
-18790.13933345177
 10
26237.0591439485
 20
-18837.497334986583
 10
26304.699876731975
 20
-18913.282142231357
 10
26398.93258570476
 20
-18962.939305540323
 10
26410.905944002086
 20
-19203.605168873117
 10
26441.317347083477
 20
-19398.547759115532
 10
26478.640090948415
 20
-19610.0
  0
LINE
  5
9D7
330
17
100
AcDbEntity
  8
L-PLANT
100
AcDbLine
 10
26314.705269043858
 20
-19117.026631261375
 30
0.0
 11
26282.310903290097
 21
-19050.86315138413
 31
0.0
  0
LINE
  5
9D8
330
17
100
AcDbEntity
  8
L-PLANT
100
AcDbLine
 10
26024.121138049748
 20
-18876.080968309452
 30
0.0
 11
25968.112831511535
 21
-18817.372606729703
 31
0.0
  0
LINE
  5
9D9
330
17
100
AcDbEntity
  8
L-PLANT
100
AcDbLine
 10
26201.016113089925
 20
-19096.397563657672
 30
0.0
 11
26207.95096590618
 21
-19018.302647762517
 31
0.0
  0
LINE
  5
9DA
330
17
100
AcDbEntity
  8
L-PLANT
100
AcDbLine
 10
25959.25648792447
 20
-18948.414747415114
 30
0.0
 11
26009.05094899793
 21
-18906.650801177886
 31
0.0
  0
LINE
  5
9DB
330
17
100
AcDbEntity
  8
L-PLANT
100
AcDbLine
 10
26010.576649976254
 20
-19243.44714584103
 30
0.0
 11
25996.606092979466
 21
-19176.440728397803
 31
0.0
  0
LINE
  5
9DC
330
17
100
AcDbEntity
  8
L-PLANT
100
AcDbLine
 10
25966.91089643864
 20
-19066.860764615787
 30
0.0
 11
26012.64429931099
 21
-18980.510069907556
 31
0.0
  0
LINE
  5
9DD
330
17
100
AcDbEntity
  8
L-PLANT
100
AcDbLine
 10
26286.106086547567
 20
-19332.54295953839
 30
0.0
 11
26315.407564316713
 21
-19253.88922505681
 31
0.0
  0
LINE
  5
9DE
330
17
100
AcDbEntity
  8
L-PLANT
100
AcDbLine
 10
26156.35278469745
 20
-19050.777281141454
 30
0.0
 11
26130.710982636087
 21
-18972.130485239068
 31
0.0
  0
LINE
  5
9DF
330
17
100
AcDbEntity
  8
L-PLANT
100
AcDbLine
 10
25959.45236262438
 20
-19124.6232221511
 30
0.0
 11
25930.84312497459
 21
-19057.989002651655
 31
0.0
  0
LINE
  5
9E0
330
17
100
AcDbEntity
  8
L-PLANT
100
AcDbLine
 10
25852.366816417314
 20
-19274.712396692554
 30
0.0
 11
25885.926535498962
 21
-19221.700208785216
 31
0.0
  0
LINE
  5
9E1
330
17
100
AcDbEntity
  8
L-PLANT
100
AcDbLine
 10
26223.959797870535
 20
-18973.73795996287
 30
0.0
 11
26236.72117894288
 21
-18902.367600735277
 31
0.0
  0
LINE
  5
9E2
330
17
100
AcDbEntity
  8
L-PLANT
100
AcDbLine
 10
25942.277229209973
 20
-19167.766244941853
 30
0.0
 11
25997.758455895782
 21
-19078.49792215898
 31
0.0
  0
LINE
  5
9E3
330
17
100
AcDbEntity
  8
L-PLANT
100
AcDbLine
 10
26131.253949406295
 20
-19193.40017138511
 30
0.0
 11
26188.989252304847
 21
-19126.05054003568
 31
0.0
  0
LINE
  5
9E4
330
17
100
AcDbEntity
  8
L-PLANT
100
AcDbLine
 10
26263.87114176973
 20
-19416.38588707098
 30
0.0
 11
26235.761133092994
 21
-19335.753073042673
 31
0.0
  0
CIRCLE
  5
9E5
330
17
100
AcDbEntity
  8
A-WALL
100
AcDbCircle
 10
26126.244144043667
 20
-18864.20414273961
 30
0.0
 40
18.0
  0
CIRCLE
  5
9E6
330
17
100
AcDbEntity
  8
A-WALL
100
AcDbCircle
 10
26063.943235015304
 20
-18784.01532412204
 30
0.0
 40
18.0
  0
CIRCLE
  5
9E7
330
17
100
AcDbEntity
  8
A-WALL
100
AcDbCircle
 10
25838.581719550213
 20
-19168.90708343219
 30
0.0
 40
18.0
  0
CIRCLE
  5
9E8
330
17
100
AcDbEntity
  8
A-WALL
100
AcDbCircle
 10
26180.803387320306
 20
-19020.5067716034
 30
0.0
 40
18.0
  0
LWPOLYLINE
  5
9E9
330
17
100
AcDbEntity
  8
L-PLANT
100
AcDbPolyline
 90
15
 70
1
 10
26474.866187493393
 20
-19610.0
 10
26500.59933227133
 20
-19508.86244178198
 10
26489.874627284902
 20
-19385.131008295415
 10
26533.500090311263
 20
-19314.935006159798
 10
26547.589725369362
 20
-19185.29680124644
 10
26609.951960477876
 20
-19194.474042695372
 10
26647.54775311129
 20
-19099.3148689003
 10
26700.0
 20
-19151.779429785827
 10
26754.700388318597
 20
-19077.42653295757
 10
26804.67168190915
 20
-19126.99336200097
 10
26826.769329651335
 20
-19256.74730796697
 10
26879.93160780016
 20
-19291.131846578992
 10
26888.11639161257
 20
-19408.684267594956
 10
26917.72501543003
 20
-19499.568191148002
 10
26940.090358355454
 20
-19610.0
  0
LINE
  5
9EA
330
17
100
AcDbEntity
  8
L-PLANT
100
AcDbLine
 10
26580.54770152331
 20
-19464.441039196525
 30
0.0
 11
26529.345912523073
 21
-19421.265781628288
 31
0.0
  0
LINE
  5
9EB
330
17
100
AcDbEntity
  8
L-PLANT
100
AcDbLine
 10
26699.61443418791
 20
-19482.013705715788
 30
0.0
 11
26655.074997242533
 21
-19407.10645056238
 31
0.0
  0
LINE
  5
9EC
330
17
100
AcDbEntity
  8
L-PLANT
100
AcDbLine
 10
26627.91434561623
 20
-19424.79651684257
 30
0.0
 11
26608.444487293054
 21
-19342.71540433909
 31
0.0
  0
LINE
  5
9ED
330
17
100
AcDbEntity
  8
L-PLANT
100
AcDbLine
 10
26621.047545793288
 20
-19324.38151892482
 30
0.0
 11
26673.34090562282
 21
-19255.82452386872
 31
0.0
  0
LINE
  5
9EE
330
17
100
AcDbEntity
  8
L-PLANT
100
AcDbLine
 10
26624.853766389202
 20
-19490.09015441294
 30
0.0
 11
26643.188785236336
 21
-19441.30932622013
 31
0.0
  0
LINE
  5
9EF
330
17
100
AcDbEntity
  8
L-PLANT
100
AcDbLine
 10
26665.990726522214
 20
-19270.066206192005
 30
0.0
 11
26699.8931185592
 21
-19216.203483815047
 31
0.0
  0
CIRCLE
  5
9F0
330
17
100
AcDbEntity
  8
A-WALL
100
AcDbCircle
 10
26651.885365509355
 20
-19370.404454041225
 30
0.0
 40
18.0
  0
CIRCLE
  5
9F1
330
17
100
AcDbEntity
  8
A-WALL
100
AcDbCircle
 10
26624.895646663936
 20
-19305.944839969125
 30
0.0
 40
18.0
  0
CIRCLE
  5
9F2
330
17
100
AcDbEntity
  8
A-WALL
100
AcDbCircle
 10
26561.919967832557
 20
-19424.318654164792
 30
0.0
 40
18.0
  0
CIRCLE
  5
9F3
330
17
100
AcDbEntity
  8
A-WALL
100
AcDbCircle
 10
26572.885689101382
 20
-19357.71076257355
 30
0.0
 40
18.0
  0
LWPOLYLINE
  5
9F4
330
17
100
AcDbEntity
  8
L-PLANT
100
AcDbPolyline
 90
15
 70
1
 10
27353.953519431263
 20
-19610.0
 10
27339.693086899206
 20
-19437.16115126138
 10
27375.942073802617
 20
-19296.107315202004
 10
27375.221303901584
 20
-19088.530826105678
 10
27429.82921431328
 20
-18989.236608348954
 10
27493.696194456592
 20
-18967.841085824144
 10
27545.54671248384
 20
-18915.962353987823
 10
27600.0
 20
-18776.475548024748
 10
27655.928002043398
 20
-18897.166291422833
 10
27724.260643436257
 20
-18859.367607717148
 10
27774.665583417038
 20
-18972.840104844556
 10
27813.056027786446
 20
-19115.72650908893
 10
27864.68284268029
 20
-19239.194068163913
 10
27871.473271361578
 20
-19429.746901353814
 10
27876.688078440406
 20
-19610.0
  0
LINE
  5
9F5
330
17
100
AcDbEntity
  8
L-PLANT
100
AcDbLine
 10
27557.725858841703
 20
-19360.652204917635
 30
0.0
 11
27514.28441816619
 21
-19299.489918245286
 31
0.0
  0
LINE
  5
9F6
330
17
100
AcDbEntity
  8
L-PLANT
100
AcDbLine
 10
27547.564197730564
 20
-19088.321217698238
 30
0.0
 11
27519.769000948836
 21
-19028.39323100118
 31
0.0
  0
LINE
  5
9F7
330
17
100
AcDbEntity
  8
L-PLANT
100
AcDbLine
 10
27788.74203607567
 20
-19167.4508754372
 30
0.0
 11
27808.09299967969
 21
-19093.055821996764
 31
0.0
  0
LINE
  5
9F8
330
17
100
AcDbEntity
  8
L-PLANT
100
AcDbLine
 10
27773.5100665216
 20
-19382.745543585424
 30
0.0
 11
27805.95241354975
 21
-19339.46739408373
 31
0.0
  0
LINE
  5
9F9
330
17
100
AcDbEntity
  8
L-PLANT
100
AcDbLine
 10
27496.35462971473
 20
-19180.21255674183
 30
0.0
 11
27474.56787749281
 21
-19115.834688440587
 31
0.0
  0
LINE
  5
9FA
330
17
100
AcDbEntity
  8
L-PLANT
100
AcDbLine
 10
27482.47259465204
 20
-19357.307578750475
 30
0.0
 11
27474.932356116777
 21
-19286.705612559497
 31
0.0
  0
LINE
  5
9FB
330
17
100
AcDbEntity
  8
L-PLANT
100
AcDbLine
 10
27681.662209482136
 20
-19230.060102961448
 30
0.0
 11
27667.14889654878
 21
-19141.75493945916
 31
0.0
  0
LINE
  5
9FC
330
17
100
AcDbEntity
  8
L-PLANT
100
AcDbLine
 10
27717.07445136467
 20
-19205.040728065575
 30
0.0
 11
27722.14922114137
 21
-19157.60412512604
 31
0.0
  0
LINE
  5
9FD
330
17
100
AcDbEntity
  8
L-PLANT
100
AcDbLine
 10
27472.794020113535
 20
-19445.922149092385
 30
0.0
 11
27525.823159998312
 21
-19364.493313661827
 31
0.0
  0
LINE
  5
9FE
330
17
100
AcDbEntity
  8
L-PLANT
100
AcDbLine
 10
27415.08239776761
 20
-19129.624997934156
 30
0.0
 11
27399.989344511192
 21
-19056.4273811267
 31
0.0
  0
CIRCLE
  5
9FF
330
17
100
AcDbEntity
  8
A-WALL
100
AcDbCircle
 10
27572.34967511793
 20
-19207.38748381913
 30
0.0
 40
18.0
  0
CIRCLE
  5
A00
330
17
100
AcDbEntity
  8
A-WALL
100
AcDbCircle
 10
27412.57620311684
 20
-19274.31062428938
 30
0.0
 40
18.0
  0
CIRCLE
  5
A01
330
17
100
AcDbEntity
  8
A-WALL
100
AcDbCircle
 10
27567.625802241593
 20
-19014.30572546365
 30
0.0
 40
18.0
  0
CIRCLE
  5
A02
330
17
100
AcDbEntity
  8
A-WALL
100
AcDbCircle
 10
27449.697744510737
 20
-19151.886082579156
 30
0.0
 40
18.0
  0
LWPOLYLINE
  5
A03
330
17
100
AcDbEntity
  8
L-PLANT
100
AcDbPolyline
 90
15
 70
1
 10
27703.16258646193
 20
-19610.0
 10
27725.492018504556
 20
-19484.690689111307
 10
27724.24123644782
 20
-19344.403157119046
 10
27781.08432045343
 20
-19260.841142305006
 10
27815.927650553273
 20
-19148.361149066826
 10
27857.66782981885
 20
-19018.88840639652
 10
27940.00336900151
 20
-19084.275169015953
 10
28000.0
 20
-19040.105982887595
 10
28068.68004062424
 20
-19008.186162318572
 10
28116.98630534253
 20
-19124.150867700584
 10
28170.91037411432
 20
-19181.3703391311
 10
28248.98836648223
 20
-19212.876807178247
 10
28296.113967225167
 20
-19324.798058219912
 10
28277.92889119111
 20
-19483.129088482277
 10
28276.471953127806
 20
-19610.0
  0
LINE
  5
A04
330
17
100
AcDbEntity
  8
L-PLANT
100
AcDbLine
 10
28218.019346311445
 20
-19391.721514125395
 30
0.0
 11
28230.473489084463
 21
-19321.346803703807
 31
0.0
  0
LINE
  5
A05
330
17
100
AcDbEntity
  8
L-PLANT
100
AcDbLine
 10
28062.30250260792
 20
-19162.99705764929
 30
0.0
 11
28117.796888622863
 21
-19088.339669616347
 31
0.0
  0
LINE
  5
A06
330
17
100
AcDbEntity
  8
L-PLANT
100
AcDbLine
 10
28149.95556038478
 20
-19210.40685594584
 30
0.0
 11
28167.130390970025
 21
-19148.89224872282
 31
0.0
  0
LINE
  5
A07
330
17
100
AcDbEntity
  8
L-PLANT
100
AcDbLine
 10
27874.10204801691
 20
-19416.189733285322
 30
0.0
 11
27925.704113670487
 21
-19341.18643812293
 31
0.0
  0
LINE
  5
A08
330
17
100
AcDbEntity
  8
L-PLANT
100
AcDbLine
 10
27818.0592983998
 20
-19164.78320909547
 30
0.0
 11
27790.58959863513
 21
-19090.160119073713
 31
0.0
  0
LINE
  5
A09
330
17
100
AcDbEntity
  8
L-PLANT
100
AcDbLine
 10
27981.53486891419
 20
-19414.831184647977
 30
0.0
 11
27946.645347196863
 21
-19345.87740921124
 31
0.0
  0
LINE
  5
A0A
330
17
100
AcDbEntity
  8
L-PLANT
100
AcDbLine
 10
27959.276466469386
 20
-19276.46765956955
 30
0.0
 11
27982.79432005539
 21
-19195.495638303648
 31
0.0
  0
LINE
  5
A0B
330
17
100
AcDbEntity
  8
L-PLANT
100
AcDbLine
 10
28163.008467471464
 20
-19276.069098806867
 30
0.0
 11
28218.976979956315
 21
-19211.263851981756
 31
0.0
  0
LINE
  5
A0C
330
17
100
AcDbEntity
  8
L-PLANT
100
AcDbLine
 10
28178.869327160686
 20
-19202.15925412319
 30
0.0
 11
28216.97605148911
 21
-19155.903796386865
 31
0.0
  0
CIRCLE
  5
A0D
330
17
100
AcDbEntity
  8
A-WALL
100
AcDbCircle
 10
28033.809322690584
 20
-19237.828064920086
 30
0.0
 40
18.0
  0
CIRCLE
  5
A0E
330
17
100
AcDbEntity
  8
A-WALL
100
AcDbCircle
 10
27804.71906134192
 20
-19293.2008434382
 30
0.0
 40
18.0
  0
CIRCLE
  5
A0F
330
17
100
AcDbEntity
  8
A-WALL
100
AcDbCircle
 10
28008.030702412972
 20
-19427.49136226383
 30
0.0
 40
18.0
  0
CIRCLE
  5
A10
330
17
100
AcDbEntity
  8
A-WALL
100
AcDbCircle
 10
27764.328505652044
 20
-19211.631797274164
 30
0.0
 40
18.0
  0
LWPOLYLINE
  5
A11
330
17
100
AcDbEntity
  8
L-PLANT
100
AcDbPolyline
 90
15
 70
1
 10
29066.606523050985
 20
-19610.0
 10
29058.58689343116
 20
-19455.717294621543
 10
29093.762312820785
 20
-19331.907260356184
 10
29092.68391782237
 20
-19147.07863585275
 10
29154.897105598982
 20
-19100.53083151498
 10
29191.36502452393
 20
-18978.368017221914
 10
29239.708028966183
 20
-18870.36212274741
 10
29300.0
 20
-18932.803671848502
 10
29360.800003170032
 20
-18864.12978692616
 10
29412.90997996056
 20
-18953.512030030946
 10
29455.963686325038
 20
-19062.397625051664
 10
29499.047091624645
 20
-19165.54267562574
 10
29527.254567465065
 20
-19303.567911242077
 10
29533.799569258543
 20
-19460.582967204227
 10
29574.819487074565
 20
-19610.0
  0
LINE
  5
A12
330
17
100
AcDbEntity
  8
L-PLANT
100
AcDbLine
 10
29263.03612709398
 20
-19057.350428711925
 30
0.0
 11
29305.34492562816
 21
-19015.933198441522
 31
0.0
  0
LINE
  5
A13
330
17
100
AcDbEntity
  8
L-PLANT
100
AcDbLine
 10
29207.000832926173
 20
-19287.617332282905
 30
0.0
 11
29244.752399941335
 21
-19238.735755421734
 31
0.0
  0
LINE
  5
A14
330
17
100
AcDbEntity
  8
L-PLANT
100
AcDbLine
 10
29344.554071643284
 20
-19337.919726116095
 30
0.0
 11
29378.83554223416
 21
-19251.598466358213
 31
0.0
  0
LINE
  5
A15
330
17
100
AcDbEntity
  8
L-PLANT
100
AcDbLine
 10
29400.814495661754
 20
-19417.052747884787
 30
0.0
 11
29432.049052124647
 21
-19355.144633050524
 31
0.0
  0
LINE
  5
A16
330
17
100
AcDbEntity
  8
L-PLANT
100
AcDbLine
 10
29429.700859487002
 20
-19291.09446189679
 30
0.0
 11
29478.498069102057
 21
-19201.78614060475
 31
0.0
  0
LINE
  5
A17
330
17
100
AcDbEntity
  8
L-PLANT
100
AcDbLine
 10
29424.699163290403
 20
-19129.133301713202
 30
0.0
 11
29462.983718182848
 21
-19059.526938868334
 31
0.0
  0
LINE
  5
A18
330
17
100
AcDbEntity
  8
L-PLANT
100
AcDbLine
 10
29174.94614419242
 20
-19056.277380955904
 30
0.0
 11
29170.647299794116
 21
-19015.46747241558
 31
0.0
  0
LINE
  5
A19
330
17
100
AcDbEntity
  8
L-PLANT
100
AcDbLine
 10
29274.791848694364
 20
-19316.185658911083
 30
0.0
 11
29238.896147623782
 21
-19228.167550465
 31
0.0
  0
CIRCLE
  5
A1A
330
17
100
AcDbEntity
  8
A-WALL
100
AcDbCircle
 10
29144.809831633655
 20
-19007.601673743542
 30
0.0
 40
18.0
  0
CIRCLE
  5
A1B
330
17
100
AcDbEntity
  8
A-WALL
100
AcDbCircle
 10
29319.90435951282
 20
-19322.482460693955
 30
0.0
 40
18.0
  0
CIRCLE
  5
A1C
330
17
100
AcDbEntity
  8
A-WALL
100
AcDbCircle
 10
29243.308323591533
 20
-19204.56153640935
 30
0.0
 40
18.0
  0
CIRCLE
  5
A1D
330
17
100
AcDbEntity
  8
A-WALL
100
AcDbCircle
 10
29147.04567944669
 20
-19068.85064374709
 30
0.0
 40
18.0
  0
LWPOLYLINE
  5
A1E
330
17
100
AcDbEntity
  8
L-PLANT
100
AcDbPolyline
 90
15
 70
1
 10
29453.571434510635
 20
-19610.0
 10
29504.33306830631
 20
-19391.66368735853
 10
29489.245132494696
 20
-19113.806157872146
 10
29526.47159843873
 20
-18933.45461908243
 10
29547.48485467501
 20
-18675.010055806928
 10
29605.352906096985
 20
-18649.153834780867
 10
29645.81559000308
 20
-18449.3904329894
 10
29700.0
 20
-18603.486232670093
 10
29755.01643596747
 20
-18431.568751412036
 10
29794.7786431833
 20
-18647.81836195982
 10
29829.10344565996
 20
-18818.534842913345
 10
29868.196896729864
 20
-18954.24087040829
 10
29906.524044333273
 20
-19123.76705903634
 10
29894.685902787343
 20
-19392.758375317055
 10
29917.16560823603
 20
-19610.0
  0
LINE
  5
A1F
330
17
100
AcDbEntity
  8
L-PLANT
100
AcDbLine
 10
29530.76647157142
 20
-19395.40156674618
 30
0.0
 11
29491.201748629774
 21
-19343.87023810341
 31
0.0
  0
LINE
  5
A20
330
17
100
AcDbEntity
  8
L-PLANT
100
AcDbLine
 10
29621.89490004143
 20
-18888.62964625021
 30
0.0
 11
29611.814995952594
 21
-18805.757750805195
 31
0.0
  0
LINE
  5
A21
330
17
100
AcDbEntity
  8
L-PLANT
100
AcDbLine
 10
29837.941583007865
 20
-18804.92561127677
 30
0.0
 11
29891.662719540054
 21
-18736.13229740283
 31
0.0
  0
LINE
  5
A22
330
17
100
AcDbEntity
  8
L-PLANT
100
AcDbLine
 10
29759.253385729524
 20
-18814.72430298716
 30
0.0
 11
29764.497913604355
 21
-18767.60999711953
 31
0.0
  0
LINE
  5
A23
330
17
100
AcDbEntity
  8
L-PLANT
100
AcDbLine
 10
29707.0753673603
 20
-19065.9755535942
 30
0.0
 11
29668.633436601358
 21
-19021.339984020946
 31
0.0
  0
LINE
  5
A24
330
17
100
AcDbEntity
  8
L-PLANT
100
AcDbLine
 10
29590.79458670168
 20
-18946.35810015578
 30
0.0
 11
29628.28030980607
 21
-18873.52989890816
 31
0.0
  0
LINE
  5
A25
330
17
100
AcDbEntity
  8
L-PLANT
100
AcDbLine
 10
29674.613824254506
 20
-19424.654420619212
 30
0.0
 11
29615.12808794791
 21
-19351.910879571962
 31
0.0
  0
LINE
  5
A26
330
17
100
AcDbEntity
  8
L-PLANT
100
AcDbLine
 10
29710.252848364107
 20
-19118.46970814737
 30
0.0
 11
29670.83926722223
 21
-19072.30461840524
 31
0.0
  0
LINE
  5
A27
330
17
100
AcDbEntity
  8
L-PLANT
100
AcDbLine
 10
29589.238037107254
 20
-19353.088701360324
 30
0.0
 11
29601.166763140885
 21
-19297.734192751708
 31
0.0
  0
LINE
  5
A28
330
17
100
AcDbEntity
  8
L-PLANT
100
AcDbLine
 10
29718.986771062966
 20
-19138.088560239492
 30
0.0
 11
29724.73305712952
 21
-19060.87242187957
 31
0.0
  0
LINE
  5
A29
330
17
100
AcDbEntity
  8
L-PLANT
100
AcDbLine
 10
29797.0964285388
 20
-19337.94929295901
 30
0.0
 11
29852.26532917644
 21
-19255.294714112635
 31
0.0
  0
CIRCLE
  5
A2A
330
17
100
AcDbEntity
  8
A-WALL
100
AcDbCircle
 10
29815.17728599048
 20
-18971.039580230157
 30
0.0
 40
18.0
  0
CIRCLE
  5
A2B
330
17
100
AcDbEntity
  8
A-WALL
100
AcDbCircle
 10
29862.702131385184
 20
-18725.89913156828
 30
0.0
 40
18.0
  0
CIRCLE
  5
A2C
330
17
100
AcDbEntity
  8
A-WALL
100
AcDbCircle
 10
29606.04387722599
 20
-18811.52270883997
 30
0.0
 40
18.0
  0
CIRCLE
  5
A2D
330
17
100
AcDbEntity
  8
A-WALL
100
AcDbCircle
 10
29825.70222081452
 20
-18766.52565776578
 30
0.0
 40
18.0
  0
HATCH
  5
A2E
330
17
100
AcDbEntity
  8
A-HATCH
 62
7
100
AcDbHatch
 10
0.0
 20
0.0
 30
0.0
210
0.0
220
0.0
230
1.0
  2
ANSI36
 70
0
 71
0
 91
1
 92
3
 72
0
 73
1
 93
4
 10
26870.0
 20
-19600.0
 10
27030.0
 20
-19600.0
 10
27030.0
 20
-17350.0
 10
26870.0
 20
-17350.0
 97
0
 75
1
 76
1
 52
0.0
 41
5.0
 77
0
 78
1
 53
45.0
 43
0.0
 44
0.0
 45
8.4189901135
 46
30.869630416
 79
4
 49
39.6875
 49
-7.9375
 49
0.0
 49
-7.9375
 98
0
  0
LWPOLYLINE
  5
A2F
330
17
100
AcDbEntity
  8
A-WALL
100
AcDbPolyline
 90
4
 70
1
 10
26870.0
 20
-19600.0
 10
27030.0
 20
-19600.0
 10
27030.0
 20
-17350.0
 10
26870.0
 20
-17350.0
  0
LWPOLYLINE
  5
A30
330
17
100
AcDbEntity
  8
L-PLANT
100
AcDbPolyline
 90
52
 70
0
 10
26910.56918588884
 20
-19400.0
 10
26904.76281578203
 20
-19360.0
 10
26901.1812026695
 20
-19320.0
 10
26900.000489672464
 20
-19280.0
 10
26901.278744054478
 20
-19240.0
 10
26904.95310148333
 20
-19200.0
 10
26910.84285768817
 20
-19160.0
 10
26918.658355464693
 20
-19120.0
 10
26928.01522996697
 20
-19080.0
 10
26938.453311704943
 20
-19040.0
 10
26949.45925760133
 20
-19000.0
 10
26960.491797116538
 20
-18960.0
 10
26971.00835184133
 20
-18920.0
 10
26980.49171941035
 20
-18880.0
 10
26988.475509426113
 20
-18840.0
 10
26994.567080459103
 20
-18800.0
 10
26998.46685008623
 20
-18760.0
 10
26999.983028303235
 20
-18720.0
 10
26999.04104972433
 20
-18680.0
 10
26995.68724069516
 20
-18640.0
 10
26990.086540971017
 20
-18600.0
 10
26982.514392007855
 20
-18560.0
 10
26973.34319079852
 20
-18520.0
 10
26963.023975452237
 20
-18480.0
 10
26952.06424321743
 20
-18440.0
 10
26941.002991853726
 20
-18400.0
 10
26930.38421181415
 20
-18360.0
 10
26920.730132887595
 20
-18320.0
 10
26912.51554102695
 20
-18280.0
 10
26906.14442845705
 20
-18240.0
 10
26901.930125406023
 20
-18200.0
 10
26900.079890578207
 20
-18160.0
 10
26900.684718206452
 20
-18120.0
 10
26903.714862971297
 20
-18080.0
 10
26909.02130287069
 20
-18040.0
 10
26916.343068096605
 20
-18000.0
 10
26925.320075485633
 20
-17960.0
 10
26935.51083734747
 20
-17920.0
 10
26946.414173754114
 20
-17880.0
 10
26957.493860483148
 20
-17840.0
 10
26968.205000433412
 20
-17800.0
 10
26978.020821571394
 20
-17760.0
 10
26986.458583489857
 20
-17720.0
 10
26993.103318498645
 20
-17680.0
 10
26997.62823966481
 20
-17640.0
 10
26999.810812138156
 20
-17600.0
 10
26999.543697377183
 20
-17560.0
 10
26996.840032040218
 20
-17520.0
 10
26991.8327819268
 20
-17480.0
 10
26984.768202742383
 20
-17440.0
 10
26975.99372928477
 20
-17400.0
 10
26965.940888660116
 20
-17360.0
  0
CIRCLE
  5
A31
330
17
100
AcDbEntity
  8
L-PLANT
100
AcDbCircle
 10
26959.924315384753
 20
-18736.142832092017
 30
0.0
 40
14.579437083521748
  0
CIRCLE
  5
A32
330
17
100
AcDbEntity
  8
L-PLANT
100
AcDbCircle
 10
26838.654683560435
 20
-19207.033414023652
 30
0.0
 40
16.57637817002794
  0
CIRCLE
  5
A33
330
17
100
AcDbEntity
  8
A-WALL
100
AcDbCircle
 10
26863.654683560435
 20
-19187.033414023652
 30
0.0
 40
12.0
  0
CIRCLE
  5
A34
330
17
100
AcDbEntity
  8
L-PLANT
100
AcDbCircle
 10
26954.194285498827
 20
-18542.747089689943
 30
0.0
 40
19.094230269710167
  0
CIRCLE
  5
A35
330
17
100
AcDbEntity
  8
L-PLANT
100
AcDbCircle
 10
26861.806847168147
 20
-19146.205979643226
 30
0.0
 40
20.995962853524887
  0
CIRCLE
  5
A36
330
17
100
AcDbEntity
  8
A-WALL
100
AcDbCircle
 10
26886.806847168147
 20
-19126.205979643226
 30
0.0
 40
12.0
  0
CIRCLE
  5
A37
330
17
100
AcDbEntity
  8
L-PLANT
100
AcDbCircle
 10
26833.089956294905
 20
-18199.64008358721
 30
0.0
 40
14.558992167413075
  0
CIRCLE
  5
A38
330
17
100
AcDbEntity
  8
L-PLANT
100
AcDbCircle
 10
26946.712192604482
 20
-18806.300963020065
 30
0.0
 40
20.850964275760813
  0
CIRCLE
  5
A39
330
17
100
AcDbEntity
  8
L-PLANT
100
AcDbCircle
 10
26866.875765742203
 20
-18001.89447573953
 30
0.0
 40
21.66696162711421
  0
CIRCLE
  5
A3A
330
17
100
AcDbEntity
  8
L-PLANT
100
AcDbCircle
 10
26863.77320877815
 20
-18277.123845295406
 30
0.0
 40
21.428115118082644
  0
CIRCLE
  5
A3B
330
17
100
AcDbEntity
  8
L-PLANT
100
AcDbCircle
 10
26961.798748329107
 20
-18309.973494510617
 30
0.0
 40
25.08129660366634
  0
CIRCLE
  5
A3C
330
17
100
AcDbEntity
  8
L-PLANT
100
AcDbCircle
 10
26923.128094305626
 20
-18890.725501042023
 30
0.0
 40
16.929158128665833
  0
CIRCLE
  5
A3D
330
17
100
AcDbEntity
  8
L-PLANT
100
AcDbCircle
 10
26977.961221080866
 20
-18323.347167186526
 30
0.0
 40
17.455253178682238
  0
CIRCLE
  5
A3E
330
17
100
AcDbEntity
  8
L-PLANT
100
AcDbCircle
 10
26939.44494410024
 20
-19157.965154577327
 30
0.0
 40
18.104669673918295
  0
CIRCLE
  5
A3F
330
17
100
AcDbEntity
  8
L-PLANT
100
AcDbCircle
 10
26918.83527099513
 20
-18535.518373322673
 30
0.0
 40
20.876311283328608
  0
CIRCLE
  5
A40
330
17
100
AcDbEntity
  8
L-PLANT
100
AcDbCircle
 10
27048.394987860996
 20
-18756.8175986614
 30
0.0
 40
20.958742451389906
  0
CIRCLE
  5
A41
330
17
100
AcDbEntity
  8
L-PLANT
100
AcDbCircle
 10
27037.077997011347
 20
-17678.06604994929
 30
0.0
 40
21.969826465696094
  0
CIRCLE
  5
A42
330
17
100
AcDbEntity
  8
A-WALL
100
AcDbCircle
 10
27062.077997011347
 20
-17658.06604994929
 30
0.0
 40
12.0
  0
CIRCLE
  5
A43
330
17
100
AcDbEntity
  8
L-PLANT
100
AcDbCircle
 10
26959.08230270158
 20
-17961.94135632593
 30
0.0
 40
18.62949730936053
  0
CIRCLE
  5
A44
330
17
100
AcDbEntity
  8
L-PLANT
100
AcDbCircle
 10
26941.823490794322
 20
-19353.745997486043
 30
0.0
 40
21.331034521796923
  0
CIRCLE
  5
A45
330
17
100
AcDbEntity
  8
L-PLANT
100
AcDbCircle
 10
26988.93924779048
 20
-18952.67406161966
 30
0.0
 40
16.971378004362972
  0
HATCH
  5
A46
330
17
100
AcDbEntity
  8
A-HATCH
 62
7
100
AcDbHatch
 10
0.0
 20
0.0
 30
0.0
210
0.0
220
0.0
230
1.0
  2
ANSI36
 70
0
 71
0
 91
1
 92
3
 72
0
 73
1
 93
4
 10
28520.0
 20
-19600.0
 10
28680.0
 20
-19600.0
 10
28680.0
 20
-17350.0
 10
28520.0
 20
-17350.0
 97
0
 75
1
 76
1
 52
0.0
 41
5.0
 77
0
 78
1
 53
45.0
 43
0.0
 44
0.0
 45
8.4189901135
 46
30.869630416
 79
4
 49
39.6875
 49
-7.9375
 49
0.0
 49
-7.9375
 98
0
  0
LWPOLYLINE
  5
A47
330
17
100
AcDbEntity
  8
A-WALL
100
AcDbPolyline
 90
4
 70
1
 10
28520.0
 20
-19600.0
 10
28680.0
 20
-19600.0
 10
28680.0
 20
-17350.0
 10
28520.0
 20
-17350.0
  0
LWPOLYLINE
  5
A48
330
17
100
AcDbEntity
  8
L-PLANT
100
AcDbPolyline
 90
52
 70
0
 10
28604.565861777737
 20
-19400.0
 10
28593.479743164557
 20
-19360.0
 10
28582.714289669024
 20
-19320.0
 10
28572.79894445553
 20
-19280.0
 10
28564.22134250835
 20
-19240.0
 10
28557.40332882637
 20
-19200.0
 10
28552.680212158095
 20
-19160.0
 10
28550.284274574664
 20
-19120.0
 10
28550.333347877255
 20
-19080.0
 10
28552.825018649226
 20
-19040.0
 10
28557.636746947537
 20
-19000.0
 10
28564.531892796218
 20
-18960.0
 10
28573.171354099977
 20
-18920.0
 10
28583.130243627333
 20
-18880.0
 10
28593.9187848921
 20
-18840.0
 10
28605.00639927733
 20
-18800.0
 10
28615.847799801086
 20
-18760.0
 10
28625.909808237095
 20
-18720.0
 10
28634.697576728853
 20
-18680.0
 10
28641.778924322698
 20
-18640.0
 10
28646.805591553315
 20
-18600.0
 10
28649.530367784744
 20
-18560.0
 10
28649.81924898726
 20
-18520.0
 10
28647.65802803266
 20
-18480.0
 10
28643.152993398402
 20
-18440.0
 10
28636.52570191843
 20
-18400.0
 10
28628.102082655925
 20
-18360.0
 10
28618.296407767648
 20
-18320.0
 10
28607.590918669997
 20
-18280.0
 10
28596.51210948852
 20
-18240.0
 10
28585.60483416675
 20
-18200.0
 10
28575.40551064226
 20
-18160.0
 10
28566.415739904165
 20
-18120.0
 10
28559.077637342103
 20
-18080.0
 10
28553.75208958688
 20
-18040.0
 10
28550.701006167605
 20
-18000.0
 10
28550.074438845782
 20
-17960.0
 10
28551.90320209529
 20
-17920.0
 10
28556.097357651834
 20
-17880.0
 10
28562.450637661415
 20
-17840.0
 10
28570.65058889817
 20
-17800.0
 10
28580.293939160652
 20
-17760.0
 10
28590.906430129835
 20
-17720.0
 10
28601.966141312245
 20
-17680.0
 10
28612.92915800069
 20
-17640.0
 10
28623.25632090669
 20
-17600.0
 10
28632.43974192219
 20
-17560.0
 10
28640.027781969977
 20
-17520.0
 10
28645.647262536382
 20
-17480.0
 10
28649.021818526835
 20
-17440.0
 10
28649.985489854032
 20
-17400.0
 10
28648.490883326675
 20
-17360.0
  0
CIRCLE
  5
A49
330
17
100
AcDbEntity
  8
L-PLANT
100
AcDbCircle
 10
28532.61672152641
 20
-17773.652828288592
 30
0.0
 40
17.139457795335893
  0
CIRCLE
  5
A4A
330
17
100
AcDbEntity
  8
A-WALL
100
AcDbCircle
 10
28557.61672152641
 20
-17753.652828288592
 30
0.0
 40
12.0
  0
CIRCLE
  5
A4B
330
17
100
AcDbEntity
  8
L-PLANT
100
AcDbCircle
 10
28622.15804943983
 20
-18041.221946088277
 30
0.0
 40
22.818035218700203
  0
CIRCLE
  5
A4C
330
17
100
AcDbEntity
  8
L-PLANT
100
AcDbCircle
 10
28652.23571890143
 20
-19355.12590923137
 30
0.0
 40
22.75789799146419
  0
CIRCLE
  5
A4D
330
17
100
AcDbEntity
  8
L-PLANT
100
AcDbCircle
 10
28582.426740841773
 20
-18296.474299911682
 30
0.0
 40
20.64338198597941
  0
CIRCLE
  5
A4E
330
17
100
AcDbEntity
  8
L-PLANT
100
AcDbCircle
 10
28527.409472486932
 20
-18855.68183840107
 30
0.0
 40
18.02698421390977
  0
CIRCLE
  5
A4F
330
17
100
AcDbEntity
  8
A-WALL
100
AcDbCircle
 10
28552.409472486932
 20
-18835.68183840107
 30
0.0
 40
12.0
  0
CIRCLE
  5
A50
330
17
100
AcDbEntity
  8
L-PLANT
100
AcDbCircle
 10
28622.70262394646
 20
-17759.42042439888
 30
0.0
 40
15.125364490351275
  0
CIRCLE
  5
A51
330
17
100
AcDbEntity
  8
A-WALL
100
AcDbCircle
 10
28647.70262394646
 20
-17739.42042439888
 30
0.0
 40
12.0
  0
CIRCLE
  5
A52
330
17
100
AcDbEntity
  8
L-PLANT
100
AcDbCircle
 10
28587.103419211868
 20
-18098.41635314642
 30
0.0
 40
14.548197173050326
  0
CIRCLE
  5
A53
330
17
100
AcDbEntity
  8
L-PLANT
100
AcDbCircle
 10
28639.974961719825
 20
-17702.796406346723
 30
0.0
 40
23.992677233473465
  0
CIRCLE
  5
A54
330
17
100
AcDbEntity
  8
A-WALL
100
AcDbCircle
 10
28664.974961719825
 20
-17682.796406346723
 30
0.0
 40
12.0
  0
CIRCLE
  5
A55
330
17
100
AcDbEntity
  8
L-PLANT
100
AcDbCircle
 10
28539.176169136237
 20
-18219.44026558569
 30
0.0
 40
16.938748502887538
  0
CIRCLE
  5
A56
330
17
100
AcDbEntity
  8
L-PLANT
100
AcDbCircle
 10
28612.651497151914
 20
-18667.37177962235
 30
0.0
 40
24.560946107979095
  0
CIRCLE
  5
A57
330
17
100
AcDbEntity
  8
L-PLANT
100
AcDbCircle
 10
28588.34019419335
 20
-19160.509994277156
 30
0.0
 40
16.354689602238537
  0
CIRCLE
  5
A58
330
17
100
AcDbEntity
  8
L-PLANT
100
AcDbCircle
 10
28488.499361411574
 20
-19116.883630867647
 30
0.0
 40
24.51181608720634
  0
CIRCLE
  5
A59
330
17
100
AcDbEntity
  8
L-PLANT
100
AcDbCircle
 10
28534.968775336387
 20
-19013.0693331732
 30
0.0
 40
17.994944741524378
  0
CIRCLE
  5
A5A
330
17
100
AcDbEntity
  8
L-PLANT
100
AcDbCircle
 10
28606.923950145578
 20
-18128.4562221306
 30
0.0
 40
20.32848597072055
  0
CIRCLE
  5
A5B
330
17
100
AcDbEntity
  8
L-PLANT
100
AcDbCircle
 10
28573.847101489435
 20
-18008.604424448677
 30
0.0
 40
19.074663870984015
  0
CIRCLE
  5
A5C
330
17
100
AcDbEntity
  8
L-PLANT
100
AcDbCircle
 10
28680.40387807958
 20
-18584.58319308786
 30
0.0
 40
25.751072414731127
  0
CIRCLE
  5
A5D
330
17
100
AcDbEntity
  8
L-PLANT
100
AcDbCircle
 10
28594.779744008825
 20
-18026.05492297952
 30
0.0
 40
23.975114170910587
  0
CIRCLE
  5
A5E
330
17
100
AcDbEntity
  8
L-PLANT
100
AcDbCircle
 10
28658.710686091792
 20
-18340.792334272246
 30
0.0
 40
23.798389054155088
  0
LWPOLYLINE
  5
A5F
330
17
100
AcDbEntity
  8
A-WALL
100
AcDbPolyline
 90
4
 70
1
 10
26850.0
 20
-17350.0
 10
30000.0
 20
-17350.0
 10
30000.0
 20
-16980.0
 10
26850.0
 20
-16980.0
  0
LINE
  5
A60
330
17
100
AcDbEntity
  8
A-WALL
100
AcDbLine
 10
26910.0
 20
-17354.0
 30
0.0
 11
29940.0
 21
-17354.0
 31
0.0
  0
LINE
  5
A61
330
17
100
AcDbEntity
  8
A-DIMS
100
AcDbLine
 10
29740.0
 20
-28400.0
 30
0.0
 11
29995.0
 21
-28400.0
 31
0.0
  0
LINE
  5
A62
330
17
100
AcDbEntity
  8
A-DIMS
100
AcDbLine
 10
29740.0
 20
-24200.0
 30
0.0
 11
29995.0
 21
-24200.0
 31
0.0
  0
LINE
  5
A63
330
17
100
AcDbEntity
  8
A-DIMS
100
AcDbLine
 10
29950.0
 20
-28400.0
 30
0.0
 11
29950.0
 21
-24200.0
 31
0.0
  0
TEXT
  5
A64
330
17
100
AcDbEntity
  8
A-DIMS
100
AcDbText
 10
29950.0
 20
-26300.0
 30
0.0
 40
54.0
  1
4200
 50
90.0
 72
1
 11
29950.0
 21
-26300.0
 31
0.0
100
AcDbText
 73
1
  0
LINE
  5
A65
330
17
100
AcDbEntity
  8
A-DIMS
100
AcDbLine
 10
29740.0
 20
-24200.0
 30
0.0
 11
29995.0
 21
-24200.0
 31
0.0
  0
LINE
  5
A66
330
17
100
AcDbEntity
  8
A-DIMS
100
AcDbLine
 10
29740.0
 20
-23050.0
 30
0.0
 11
29995.0
 21
-23050.0
 31
0.0
  0
LINE
  5
A67
330
17
100
AcDbEntity
  8
A-DIMS
100
AcDbLine
 10
29950.0
 20
-24200.0
 30
0.0
 11
29950.0
 21
-23050.0
 31
0.0
  0
TEXT
  5
A68
330
17
100
AcDbEntity
  8
A-DIMS
100
AcDbText
 10
29950.0
 20
-23625.0
 30
0.0
 40
54.0
  1
1150
 50
90.0
 72
1
 11
29950.0
 21
-23625.0
 31
0.0
100
AcDbText
 73
1
  0
LINE
  5
A69
330
17
100
AcDbEntity
  8
A-DIMS
100
AcDbLine
 10
29740.0
 20
-23050.0
 30
0.0
 11
29995.0
 21
-23050.0
 31
0.0
  0
LINE
  5
A6A
330
17
100
AcDbEntity
  8
A-DIMS
100
AcDbLine
 10
29740.0
 20
-21400.0
 30
0.0
 11
29995.0
 21
-21400.0
 31
0.0
  0
LINE
  5
A6B
330
17
100
AcDbEntity
  8
A-DIMS
100
AcDbLine
 10
29950.0
 20
-23050.0
 30
0.0
 11
29950.0
 21
-21400.0
 31
0.0
  0
TEXT
  5
A6C
330
17
100
AcDbEntity
  8
A-DIMS
100
AcDbText
 10
29950.0
 20
-22225.0
 30
0.0
 40
54.0
  1
1650
 50
90.0
 72
1
 11
29950.0
 21
-22225.0
 31
0.0
100
AcDbText
 73
1
  0
LINE
  5
A6D
330
17
100
AcDbEntity
  8
A-DIMS
100
AcDbLine
 10
29740.0
 20
-21400.0
 30
0.0
 11
29995.0
 21
-21400.0
 31
0.0
  0
LINE
  5
A6E
330
17
100
AcDbEntity
  8
A-DIMS
100
AcDbLine
 10
29740.0
 20
-20000.0
 30
0.0
 11
29995.0
 21
-20000.0
 31
0.0
  0
LINE
  5
A6F
330
17
100
AcDbEntity
  8
A-DIMS
100
AcDbLine
 10
29950.0
 20
-21400.0
 30
0.0
 11
29950.0
 21
-20000.0
 31
0.0
  0
TEXT
  5
A70
330
17
100
AcDbEntity
  8
A-DIMS
100
AcDbText
 10
29950.0
 20
-20700.0
 30
0.0
 40
54.0
  1
1400
 50
90.0
 72
1
 11
29950.0
 21
-20700.0
 31
0.0
100
AcDbText
 73
1
  0
LINE
  5
A71
330
17
100
AcDbEntity
  8
A-DIMS
100
AcDbLine
 10
29740.0
 20
-28400.0
 30
0.0
 11
30245.0
 21
-28400.0
 31
0.0
  0
LINE
  5
A72
330
17
100
AcDbEntity
  8
A-DIMS
100
AcDbLine
 10
29740.0
 20
-20000.0
 30
0.0
 11
30245.0
 21
-20000.0
 31
0.0
  0
LINE
  5
A73
330
17
100
AcDbEntity
  8
A-DIMS
100
AcDbLine
 10
30200.0
 20
-28400.0
 30
0.0
 11
30200.0
 21
-20000.0
 31
0.0
  0
TEXT
  5
A74
330
17
100
AcDbEntity
  8
A-DIMS
100
AcDbText
 10
30200.0
 20
-24200.0
 30
0.0
 40
54.0
  1
8400
 50
90.0
 72
1
 11
30200.0
 21
-24200.0
 31
0.0
100
AcDbText
 73
1
  0
LINE
  5
A75
330
17
100
AcDbEntity
  8
A-DIMS
100
AcDbLine
 10
26850.0
 20
-16940.0
 30
0.0
 11
26850.0
 21
-16685.0
 31
0.0
  0
LINE
  5
A76
330
17
100
AcDbEntity
  8
A-DIMS
100
AcDbLine
 10
30000.0
 20
-16940.0
 30
0.0
 11
30000.0
 21
-16685.0
 31
0.0
  0
LINE
  5
A77
330
17
100
AcDbEntity
  8
A-DIMS
100
AcDbLine
 10
26850.0
 20
-16730.0
 30
0.0
 11
30000.0
 21
-16730.0
 31
0.0
  0
TEXT
  5
A78
330
17
100
AcDbEntity
  8
A-DIMS
100
AcDbText
 10
28425.0
 20
-16730.0
 30
0.0
 40
54.0
  1
3150
 72
1
 11
28425.0
 21
-16730.0
 31
0.0
100
AcDbText
 73
1
  0
HATCH
  5
A79
330
17
100
AcDbEntity
  8
A-HATCH
 62
7
100
AcDbHatch
 10
0.0
 20
0.0
 30
0.0
210
0.0
220
0.0
230
1.0
  2
EARTH
 70
0
 71
0
 91
1
 92
3
 72
0
 73
1
 93
4
 10
29700.0
 20
-30065.0
 10
38650.0
 20
-30065.0
 10
38650.0
 20
-30265.0
 10
29700.0
 20
-30265.0
 97
0
 75
1
 76
1
 52
0.0
 41
5.0
 77
0
 78
6
 53
0.0
 43
0.0
 44
0.0
 45
31.75
 46
31.75
 79
2
 49
31.75
 49
-31.75
 53
0.0
 43
0.0
 44
11.90625
 45
31.75
 46
31.75
 79
2
 49
31.75
 49
-31.75
 53
0.0
 43
0.0
 44
23.8125
 45
31.75
 46
31.75
 79
2
 49
31.75
 49
-31.75
 53
90.0
 43
3.96875
 44
27.78125
 45
-31.75
 46
31.75
 79
2
 49
31.75
 49
-31.75
 53
90.0
 43
15.875
 44
27.78125
 45
-31.75
 46
31.75
 79
2
 49
31.75
 49
-31.75
 53
90.0
 43
27.78125
 44
27.78125
 45
-31.75
 46
31.75
 79
2
 49
31.75
 49
-31.75
 98
0
  0
LWPOLYLINE
  5
A7A
330
17
100
AcDbEntity
  8
A-WALL
100
AcDbPolyline
 90
4
 70
1
 10
29700.0
 20
-30065.0
 10
38650.0
 20
-30065.0
 10
38650.0
 20
-30265.0
 10
29700.0
 20
-30265.0
  0
LINE
  5
A7B
330
17
100
AcDbEntity
  8
A-WALL
100
AcDbLine
 10
29700.0
 20
-30065.0
 30
0.0
 11
38650.0
 21
-30065.0
 31
0.0
  0
HATCH
  5
A7C
330
17
100
AcDbEntity
  8
A-HATCH
 62
7
100
AcDbHatch
 10
0.0
 20
0.0
 30
0.0
210
0.0
220
0.0
230
1.0
  2
ANSI31
 70
0
 71
0
 91
1
 92
3
 72
0
 73
1
 93
4
 10
29700.0
 20
-30065.0
 10
30000.0
 20
-30065.0
 10
30000.0
 20
-26600.0
 10
29700.0
 20
-26600.0
 97
0
 75
1
 76
1
 52
0.0
 41
5.0
 77
0
 78
1
 53
45.0
 43
0.0
 44
0.0
 45
-11.2253201515
 46
11.2253201515
 79
0
 98
0
  0
LWPOLYLINE
  5
A7D
330
17
100
AcDbEntity
  8
A-WALL
100
AcDbPolyline
 90
4
 70
1
 10
29700.0
 20
-30065.0
 10
30000.0
 20
-30065.0
 10
30000.0
 20
-26600.0
 10
29700.0
 20
-26600.0
  0
LWPOLYLINE
  5
A7E
330
17
100
AcDbEntity
  8
A-WALL
100
AcDbPolyline
 90
4
 70
1
 10
30000.0
 20
-30065.0
 10
35400.0
 20
-30065.0
 10
35400.0
 20
-25765.0
 10
30000.0
 20
-25765.0
  0
TEXT
  5
A7F
330
17
100
AcDbEntity
  8
A-TEXT
100
AcDbText
 10
32700.0
 20
-26300.0
 30
0.0
 40
50.4
  1
EXISTING HOUSE WALL — openings per survey (not shown)
 72
1
 11
32700.0
 21
-26300.0
 31
0.0
100
AcDbText
 73
1
  0
LWPOLYLINE
  5
A80
330
17
100
AcDbEntity
  8
A-WALL
100
AcDbPolyline
 90
4
 70
1
 10
31500.0
 20
-26700.0
 10
32400.0
 20
-26700.0
 10
32400.0
 20
-26100.0
 10
31500.0
 20
-26100.0
  0
CIRCLE
  5
A81
330
17
100
AcDbEntity
  8
A-WALL
100
AcDbCircle
 10
32058.0
 20
-26400.0
 30
0.0
 40
216.0
  0
CIRCLE
  5
A82
330
17
100
AcDbEntity
  8
A-WALL
100
AcDbCircle
 10
32058.0
 20
-26400.0
 30
0.0
 40
43.2
  0
TEXT
  5
A83
330
17
100
AcDbEntity
  8
A-TEXT
100
AcDbText
 10
31540.0
 20
-26220.0
 30
0.0
 40
43.199999999999996
  1
AC (exist.)
 11
31540.0
 21
-26220.0
 31
0.0
100
AcDbText
 73
1
  0
LWPOLYLINE
  5
A84
330
17
100
AcDbEntity
  8
A-WALL
100
AcDbPolyline
 90
4
 70
1
 10
35280.0
 20
-30065.0
 10
35400.0
 20
-30065.0
 10
35400.0
 20
-25765.0
 10
35280.0
 20
-25765.0
  0
LWPOLYLINE
  5
A85
330
17
100
AcDbEntity
  8
A-WALL
100
AcDbPolyline
 90
4
 70
1
 10
35400.0
 20
-30065.0
 10
35500.0
 20
-30065.0
 10
35500.0
 20
-28200.0
 10
35400.0
 20
-28200.0
  0
LWPOLYLINE
  5
A86
330
17
100
AcDbEntity
  8
A-WALL
100
AcDbPolyline
 90
4
 70
1
 10
36400.0
 20
-30065.0
 10
36500.0
 20
-30065.0
 10
36500.0
 20
-28200.0
 10
36400.0
 20
-28200.0
  0
LWPOLYLINE
  5
A87
330
17
100
AcDbEntity
  8
A-WALL
100
AcDbPolyline
 90
4
 70
1
 10
37500.0
 20
-30065.0
 10
37600.0
 20
-30065.0
 10
37600.0
 20
-28200.0
 10
37500.0
 20
-28200.0
  0
LWPOLYLINE
  5
A88
330
17
100
AcDbEntity
  8
A-WALL
100
AcDbPolyline
 90
4
 70
1
 10
38300.0
 20
-30065.0
 10
38400.0
 20
-30065.0
 10
38400.0
 20
-28200.0
 10
38300.0
 20
-28200.0
  0
LWPOLYLINE
  5
A89
330
17
100
AcDbEntity
  8
A-TIMBER
100
AcDbPolyline
 90
4
 70
1
 10
35500.0
 20
-29950.0
 10
36400.0
 20
-29950.0
 10
36400.0
 20
-28250.0
 10
35500.0
 20
-28250.0
  0
LWPOLYLINE
  5
A8A
330
17
100
AcDbEntity
  8
A-TIMBER
100
AcDbPolyline
 90
4
 70
1
 10
35538.0
 20
-29912.0
 10
35643.666666666664
 20
-29912.0
 10
35643.666666666664
 20
-29822.153846153848
 10
35538.0
 20
-29822.153846153848
  0
LWPOLYLINE
  5
A8B
330
17
100
AcDbEntity
  8
A-TIMBER
100
AcDbPolyline
 90
4
 70
1
 10
35538.0
 20
-29784.153846153848
 10
35643.666666666664
 20
-29784.153846153848
 10
35643.666666666664
 20
-29694.30769230769
 10
35538.0
 20
-29694.30769230769
  0
LWPOLYLINE
  5
A8C
330
17
100
AcDbEntity
  8
A-TIMBER
100
AcDbPolyline
 90
4
 70
1
 10
35538.0
 20
-29656.30769230769
 10
35643.666666666664
 20
-29656.30769230769
 10
35643.666666666664
 20
-29566.46153846154
 10
35538.0
 20
-29566.46153846154
  0
LWPOLYLINE
  5
A8D
330
17
100
AcDbEntity
  8
A-TIMBER
100
AcDbPolyline
 90
4
 70
1
 10
35538.0
 20
-29528.46153846154
 10
35643.666666666664
 20
-29528.46153846154
 10
35643.666666666664
 20
-29438.615384615383
 10
35538.0
 20
-29438.615384615383
  0
LWPOLYLINE
  5
A8E
330
17
100
AcDbEntity
  8
A-TIMBER
100
AcDbPolyline
 90
4
 70
1
 10
35538.0
 20
-29400.615384615383
 10
35643.666666666664
 20
-29400.615384615383
 10
35643.666666666664
 20
-29310.76923076923
 10
35538.0
 20
-29310.76923076923
  0
LWPOLYLINE
  5
A8F
330
17
100
AcDbEntity
  8
A-TIMBER
100
AcDbPolyline
 90
4
 70
1
 10
35538.0
 20
-29272.76923076923
 10
35643.666666666664
 20
-29272.76923076923
 10
35643.666666666664
 20
-29182.923076923078
 10
35538.0
 20
-29182.923076923078
  0
LWPOLYLINE
  5
A90
330
17
100
AcDbEntity
  8
A-TIMBER
100
AcDbPolyline
 90
4
 70
1
 10
35538.0
 20
-29144.923076923078
 10
35643.666666666664
 20
-29144.923076923078
 10
35643.666666666664
 20
-29055.076923076922
 10
35538.0
 20
-29055.076923076922
  0
LWPOLYLINE
  5
A91
330
17
100
AcDbEntity
  8
A-TIMBER
100
AcDbPolyline
 90
4
 70
1
 10
35538.0
 20
-29017.076923076922
 10
35643.666666666664
 20
-29017.076923076922
 10
35643.666666666664
 20
-28927.23076923077
 10
35538.0
 20
-28927.23076923077
  0
LWPOLYLINE
  5
A92
330
17
100
AcDbEntity
  8
A-TIMBER
100
AcDbPolyline
 90
4
 70
1
 10
35538.0
 20
-28889.23076923077
 10
35643.666666666664
 20
-28889.23076923077
 10
35643.666666666664
 20
-28799.384615384617
 10
35538.0
 20
-28799.384615384617
  0
LWPOLYLINE
  5
A93
330
17
100
AcDbEntity
  8
A-TIMBER
100
AcDbPolyline
 90
4
 70
1
 10
35538.0
 20
-28761.384615384617
 10
35643.666666666664
 20
-28761.384615384617
 10
35643.666666666664
 20
-28671.53846153846
 10
35538.0
 20
-28671.53846153846
  0
LWPOLYLINE
  5
A94
330
17
100
AcDbEntity
  8
A-TIMBER
100
AcDbPolyline
 90
4
 70
1
 10
35538.0
 20
-28633.53846153846
 10
35643.666666666664
 20
-28633.53846153846
 10
35643.666666666664
 20
-28543.69230769231
 10
35538.0
 20
-28543.69230769231
  0
LWPOLYLINE
  5
A95
330
17
100
AcDbEntity
  8
A-TIMBER
100
AcDbPolyline
 90
4
 70
1
 10
35538.0
 20
-28505.69230769231
 10
35643.666666666664
 20
-28505.69230769231
 10
35643.666666666664
 20
-28415.846153846152
 10
35538.0
 20
-28415.846153846152
  0
LWPOLYLINE
  5
A96
330
17
100
AcDbEntity
  8
A-TIMBER
100
AcDbPolyline
 90
4
 70
1
 10
35538.0
 20
-28377.846153846152
 10
35643.666666666664
 20
-28377.846153846152
 10
35643.666666666664
 20
-28288.0
 10
35538.0
 20
-28288.0
  0
LWPOLYLINE
  5
A97
330
17
100
AcDbEntity
  8
A-TIMBER
100
AcDbPolyline
 90
4
 70
1
 10
35681.666666666664
 20
-29912.0
 10
35787.333333333336
 20
-29912.0
 10
35787.333333333336
 20
-29822.153846153848
 10
35681.666666666664
 20
-29822.153846153848
  0
LWPOLYLINE
  5
A98
330
17
100
AcDbEntity
  8
A-TIMBER
100
AcDbPolyline
 90
4
 70
1
 10
35681.666666666664
 20
-29784.153846153848
 10
35787.333333333336
 20
-29784.153846153848
 10
35787.333333333336
 20
-29694.30769230769
 10
35681.666666666664
 20
-29694.30769230769
  0
LWPOLYLINE
  5
A99
330
17
100
AcDbEntity
  8
A-TIMBER
100
AcDbPolyline
 90
4
 70
1
 10
35681.666666666664
 20
-29656.30769230769
 10
35787.333333333336
 20
-29656.30769230769
 10
35787.333333333336
 20
-29566.46153846154
 10
35681.666666666664
 20
-29566.46153846154
  0
LWPOLYLINE
  5
A9A
330
17
100
AcDbEntity
  8
A-TIMBER
100
AcDbPolyline
 90
4
 70
1
 10
35681.666666666664
 20
-29528.46153846154
 10
35787.333333333336
 20
-29528.46153846154
 10
35787.333333333336
 20
-29438.615384615383
 10
35681.666666666664
 20
-29438.615384615383
  0
LWPOLYLINE
  5
A9B
330
17
100
AcDbEntity
  8
A-TIMBER
100
AcDbPolyline
 90
4
 70
1
 10
35681.666666666664
 20
-29400.615384615383
 10
35787.333333333336
 20
-29400.615384615383
 10
35787.333333333336
 20
-29310.76923076923
 10
35681.666666666664
 20
-29310.76923076923
  0
LWPOLYLINE
  5
A9C
330
17
100
AcDbEntity
  8
A-TIMBER
100
AcDbPolyline
 90
4
 70
1
 10
35681.666666666664
 20
-29272.76923076923
 10
35787.333333333336
 20
-29272.76923076923
 10
35787.333333333336
 20
-29182.923076923078
 10
35681.666666666664
 20
-29182.923076923078
  0
LWPOLYLINE
  5
A9D
330
17
100
AcDbEntity
  8
A-TIMBER
100
AcDbPolyline
 90
4
 70
1
 10
35681.666666666664
 20
-29144.923076923078
 10
35787.333333333336
 20
-29144.923076923078
 10
35787.333333333336
 20
-29055.076923076922
 10
35681.666666666664
 20
-29055.076923076922
  0
LWPOLYLINE
  5
A9E
330
17
100
AcDbEntity
  8
A-TIMBER
100
AcDbPolyline
 90
4
 70
1
 10
35681.666666666664
 20
-29017.076923076922
 10
35787.333333333336
 20
-29017.076923076922
 10
35787.333333333336
 20
-28927.23076923077
 10
35681.666666666664
 20
-28927.23076923077
  0
LWPOLYLINE
  5
A9F
330
17
100
AcDbEntity
  8
A-TIMBER
100
AcDbPolyline
 90
4
 70
1
 10
35681.666666666664
 20
-28889.23076923077
 10
35787.333333333336
 20
-28889.23076923077
 10
35787.333333333336
 20
-28799.384615384617
 10
35681.666666666664
 20
-28799.384615384617
  0
LWPOLYLINE
  5
AA0
330
17
100
AcDbEntity
  8
A-TIMBER
100
AcDbPolyline
 90
4
 70
1
 10
35681.666666666664
 20
-28761.384615384617
 10
35787.333333333336
 20
-28761.384615384617
 10
35787.333333333336
 20
-28671.53846153846
 10
35681.666666666664
 20
-28671.53846153846
  0
LWPOLYLINE
  5
AA1
330
17
100
AcDbEntity
  8
A-TIMBER
100
AcDbPolyline
 90
4
 70
1
 10
35681.666666666664
 20
-28633.53846153846
 10
35787.333333333336
 20
-28633.53846153846
 10
35787.333333333336
 20
-28543.69230769231
 10
35681.666666666664
 20
-28543.69230769231
  0
LWPOLYLINE
  5
AA2
330
17
100
AcDbEntity
  8
A-TIMBER
100
AcDbPolyline
 90
4
 70
1
 10
35681.666666666664
 20
-28505.69230769231
 10
35787.333333333336
 20
-28505.69230769231
 10
35787.333333333336
 20
-28415.846153846152
 10
35681.666666666664
 20
-28415.846153846152
  0
LWPOLYLINE
  5
AA3
330
17
100
AcDbEntity
  8
A-TIMBER
100
AcDbPolyline
 90
4
 70
1
 10
35681.666666666664
 20
-28377.846153846152
 10
35787.333333333336
 20
-28377.846153846152
 10
35787.333333333336
 20
-28288.0
 10
35681.666666666664
 20
-28288.0
  0
LWPOLYLINE
  5
AA4
330
17
100
AcDbEntity
  8
A-TIMBER
100
AcDbPolyline
 90
4
 70
1
 10
35825.333333333336
 20
-29912.0
 10
35931.0
 20
-29912.0
 10
35931.0
 20
-29822.153846153848
 10
35825.333333333336
 20
-29822.153846153848
  0
LWPOLYLINE
  5
AA5
330
17
100
AcDbEntity
  8
A-TIMBER
100
AcDbPolyline
 90
4
 70
1
 10
35825.333333333336
 20
-29784.153846153848
 10
35931.0
 20
-29784.153846153848
 10
35931.0
 20
-29694.30769230769
 10
35825.333333333336
 20
-29694.30769230769
  0
LWPOLYLINE
  5
AA6
330
17
100
AcDbEntity
  8
A-TIMBER
100
AcDbPolyline
 90
4
 70
1
 10
35825.333333333336
 20
-29656.30769230769
 10
35931.0
 20
-29656.30769230769
 10
35931.0
 20
-29566.46153846154
 10
35825.333333333336
 20
-29566.46153846154
  0
LWPOLYLINE
  5
AA7
330
17
100
AcDbEntity
  8
A-TIMBER
100
AcDbPolyline
 90
4
 70
1
 10
35825.333333333336
 20
-29528.46153846154
 10
35931.0
 20
-29528.46153846154
 10
35931.0
 20
-29438.615384615383
 10
35825.333333333336
 20
-29438.615384615383
  0
LWPOLYLINE
  5
AA8
330
17
100
AcDbEntity
  8
A-TIMBER
100
AcDbPolyline
 90
4
 70
1
 10
35825.333333333336
 20
-29400.615384615383
 10
35931.0
 20
-29400.615384615383
 10
35931.0
 20
-29310.76923076923
 10
35825.333333333336
 20
-29310.76923076923
  0
LWPOLYLINE
  5
AA9
330
17
100
AcDbEntity
  8
A-TIMBER
100
AcDbPolyline
 90
4
 70
1
 10
35825.333333333336
 20
-29272.76923076923
 10
35931.0
 20
-29272.76923076923
 10
35931.0
 20
-29182.923076923078
 10
35825.333333333336
 20
-29182.923076923078
  0
LWPOLYLINE
  5
AAA
330
17
100
AcDbEntity
  8
A-TIMBER
100
AcDbPolyline
 90
4
 70
1
 10
35825.333333333336
 20
-29144.923076923078
 10
35931.0
 20
-29144.923076923078
 10
35931.0
 20
-29055.076923076922
 10
35825.333333333336
 20
-29055.076923076922
  0
LWPOLYLINE
  5
AAB
330
17
100
AcDbEntity
  8
A-TIMBER
100
AcDbPolyline
 90
4
 70
1
 10
35825.333333333336
 20
-29017.076923076922
 10
35931.0
 20
-29017.076923076922
 10
35931.0
 20
-28927.23076923077
 10
35825.333333333336
 20
-28927.23076923077
  0
LWPOLYLINE
  5
AAC
330
17
100
AcDbEntity
  8
A-TIMBER
100
AcDbPolyline
 90
4
 70
1
 10
35825.333333333336
 20
-28889.23076923077
 10
35931.0
 20
-28889.23076923077
 10
35931.0
 20
-28799.384615384617
 10
35825.333333333336
 20
-28799.384615384617
  0
LWPOLYLINE
  5
AAD
330
17
100
AcDbEntity
  8
A-TIMBER
100
AcDbPolyline
 90
4
 70
1
 10
35825.333333333336
 20
-28761.384615384617
 10
35931.0
 20
-28761.384615384617
 10
35931.0
 20
-28671.53846153846
 10
35825.333333333336
 20
-28671.53846153846
  0
LWPOLYLINE
  5
AAE
330
17
100
AcDbEntity
  8
A-TIMBER
100
AcDbPolyline
 90
4
 70
1
 10
35825.333333333336
 20
-28633.53846153846
 10
35931.0
 20
-28633.53846153846
 10
35931.0
 20
-28543.69230769231
 10
35825.333333333336
 20
-28543.69230769231
  0
LWPOLYLINE
  5
AAF
330
17
100
AcDbEntity
  8
A-TIMBER
100
AcDbPolyline
 90
4
 70
1
 10
35825.333333333336
 20
-28505.69230769231
 10
35931.0
 20
-28505.69230769231
 10
35931.0
 20
-28415.846153846152
 10
35825.333333333336
 20
-28415.846153846152
  0
LWPOLYLINE
  5
AB0
330
17
100
AcDbEntity
  8
A-TIMBER
100
AcDbPolyline
 90
4
 70
1
 10
35825.333333333336
 20
-28377.846153846152
 10
35931.0
 20
-28377.846153846152
 10
35931.0
 20
-28288.0
 10
35825.333333333336
 20
-28288.0
  0
LWPOLYLINE
  5
AB1
330
17
100
AcDbEntity
  8
A-TIMBER
100
AcDbPolyline
 90
4
 70
1
 10
35969.0
 20
-29912.0
 10
36074.666666666664
 20
-29912.0
 10
36074.666666666664
 20
-29822.153846153848
 10
35969.0
 20
-29822.153846153848
  0
LWPOLYLINE
  5
AB2
330
17
100
AcDbEntity
  8
A-TIMBER
100
AcDbPolyline
 90
4
 70
1
 10
35969.0
 20
-29784.153846153848
 10
36074.666666666664
 20
-29784.153846153848
 10
36074.666666666664
 20
-29694.30769230769
 10
35969.0
 20
-29694.30769230769
  0
LWPOLYLINE
  5
AB3
330
17
100
AcDbEntity
  8
A-TIMBER
100
AcDbPolyline
 90
4
 70
1
 10
35969.0
 20
-29656.30769230769
 10
36074.666666666664
 20
-29656.30769230769
 10
36074.666666666664
 20
-29566.46153846154
 10
35969.0
 20
-29566.46153846154
  0
LWPOLYLINE
  5
AB4
330
17
100
AcDbEntity
  8
A-TIMBER
100
AcDbPolyline
 90
4
 70
1
 10
35969.0
 20
-29528.46153846154
 10
36074.666666666664
 20
-29528.46153846154
 10
36074.666666666664
 20
-29438.615384615383
 10
35969.0
 20
-29438.615384615383
  0
LWPOLYLINE
  5
AB5
330
17
100
AcDbEntity
  8
A-TIMBER
100
AcDbPolyline
 90
4
 70
1
 10
35969.0
 20
-29400.615384615383
 10
36074.666666666664
 20
-29400.615384615383
 10
36074.666666666664
 20
-29310.76923076923
 10
35969.0
 20
-29310.76923076923
  0
LWPOLYLINE
  5
AB6
330
17
100
AcDbEntity
  8
A-TIMBER
100
AcDbPolyline
 90
4
 70
1
 10
35969.0
 20
-29272.76923076923
 10
36074.666666666664
 20
-29272.76923076923
 10
36074.666666666664
 20
-29182.923076923078
 10
35969.0
 20
-29182.923076923078
  0
LWPOLYLINE
  5
AB7
330
17
100
AcDbEntity
  8
A-TIMBER
100
AcDbPolyline
 90
4
 70
1
 10
35969.0
 20
-29144.923076923078
 10
36074.666666666664
 20
-29144.923076923078
 10
36074.666666666664
 20
-29055.076923076922
 10
35969.0
 20
-29055.076923076922
  0
LWPOLYLINE
  5
AB8
330
17
100
AcDbEntity
  8
A-TIMBER
100
AcDbPolyline
 90
4
 70
1
 10
35969.0
 20
-29017.076923076922
 10
36074.666666666664
 20
-29017.076923076922
 10
36074.666666666664
 20
-28927.23076923077
 10
35969.0
 20
-28927.23076923077
  0
LWPOLYLINE
  5
AB9
330
17
100
AcDbEntity
  8
A-TIMBER
100
AcDbPolyline
 90
4
 70
1
 10
35969.0
 20
-28889.23076923077
 10
36074.666666666664
 20
-28889.23076923077
 10
36074.666666666664
 20
-28799.384615384617
 10
35969.0
 20
-28799.384615384617
  0
LWPOLYLINE
  5
ABA
330
17
100
AcDbEntity
  8
A-TIMBER
100
AcDbPolyline
 90
4
 70
1
 10
35969.0
 20
-28761.384615384617
 10
36074.666666666664
 20
-28761.384615384617
 10
36074.666666666664
 20
-28671.53846153846
 10
35969.0
 20
-28671.53846153846
  0
LWPOLYLINE
  5
ABB
330
17
100
AcDbEntity
  8
A-TIMBER
100
AcDbPolyline
 90
4
 70
1
 10
35969.0
 20
-28633.53846153846
 10
36074.666666666664
 20
-28633.53846153846
 10
36074.666666666664
 20
-28543.69230769231
 10
35969.0
 20
-28543.69230769231
  0
LWPOLYLINE
  5
ABC
330
17
100
AcDbEntity
  8
A-TIMBER
100
AcDbPolyline
 90
4
 70
1
 10
35969.0
 20
-28505.69230769231
 10
36074.666666666664
 20
-28505.69230769231
 10
36074.666666666664
 20
-28415.846153846152
 10
35969.0
 20
-28415.846153846152
  0
LWPOLYLINE
  5
ABD
330
17
100
AcDbEntity
  8
A-TIMBER
100
AcDbPolyline
 90
4
 70
1
 10
35969.0
 20
-28377.846153846152
 10
36074.666666666664
 20
-28377.846153846152
 10
36074.666666666664
 20
-28288.0
 10
35969.0
 20
-28288.0
  0
LWPOLYLINE
  5
ABE
330
17
100
AcDbEntity
  8
A-TIMBER
100
AcDbPolyline
 90
4
 70
1
 10
36112.666666666664
 20
-29912.0
 10
36218.333333333336
 20
-29912.0
 10
36218.333333333336
 20
-29822.153846153848
 10
36112.666666666664
 20
-29822.153846153848
  0
LWPOLYLINE
  5
ABF
330
17
100
AcDbEntity
  8
A-TIMBER
100
AcDbPolyline
 90
4
 70
1
 10
36112.666666666664
 20
-29784.153846153848
 10
36218.333333333336
 20
-29784.153846153848
 10
36218.333333333336
 20
-29694.30769230769
 10
36112.666666666664
 20
-29694.30769230769
  0
LWPOLYLINE
  5
AC0
330
17
100
AcDbEntity
  8
A-TIMBER
100
AcDbPolyline
 90
4
 70
1
 10
36112.666666666664
 20
-29656.30769230769
 10
36218.333333333336
 20
-29656.30769230769
 10
36218.333333333336
 20
-29566.46153846154
 10
36112.666666666664
 20
-29566.46153846154
  0
LWPOLYLINE
  5
AC1
330
17
100
AcDbEntity
  8
A-TIMBER
100
AcDbPolyline
 90
4
 70
1
 10
36112.666666666664
 20
-29528.46153846154
 10
36218.333333333336
 20
-29528.46153846154
 10
36218.333333333336
 20
-29438.615384615383
 10
36112.666666666664
 20
-29438.615384615383
  0
LWPOLYLINE
  5
AC2
330
17
100
AcDbEntity
  8
A-TIMBER
100
AcDbPolyline
 90
4
 70
1
 10
36112.666666666664
 20
-29400.615384615383
 10
36218.333333333336
 20
-29400.615384615383
 10
36218.333333333336
 20
-29310.76923076923
 10
36112.666666666664
 20
-29310.76923076923
  0
LWPOLYLINE
  5
AC3
330
17
100
AcDbEntity
  8
A-TIMBER
100
AcDbPolyline
 90
4
 70
1
 10
36112.666666666664
 20
-29272.76923076923
 10
36218.333333333336
 20
-29272.76923076923
 10
36218.333333333336
 20
-29182.923076923078
 10
36112.666666666664
 20
-29182.923076923078
  0
LWPOLYLINE
  5
AC4
330
17
100
AcDbEntity
  8
A-TIMBER
100
AcDbPolyline
 90
4
 70
1
 10
36112.666666666664
 20
-29144.923076923078
 10
36218.333333333336
 20
-29144.923076923078
 10
36218.333333333336
 20
-29055.076923076922
 10
36112.666666666664
 20
-29055.076923076922
  0
LWPOLYLINE
  5
AC5
330
17
100
AcDbEntity
  8
A-TIMBER
100
AcDbPolyline
 90
4
 70
1
 10
36112.666666666664
 20
-29017.076923076922
 10
36218.333333333336
 20
-29017.076923076922
 10
36218.333333333336
 20
-28927.23076923077
 10
36112.666666666664
 20
-28927.23076923077
  0
LWPOLYLINE
  5
AC6
330
17
100
AcDbEntity
  8
A-TIMBER
100
AcDbPolyline
 90
4
 70
1
 10
36112.666666666664
 20
-28889.23076923077
 10
36218.333333333336
 20
-28889.23076923077
 10
36218.333333333336
 20
-28799.384615384617
 10
36112.666666666664
 20
-28799.384615384617
  0
LWPOLYLINE
  5
AC7
330
17
100
AcDbEntity
  8
A-TIMBER
100
AcDbPolyline
 90
4
 70
1
 10
36112.666666666664
 20
-28761.384615384617
 10
36218.333333333336
 20
-28761.384615384617
 10
36218.333333333336
 20
-28671.53846153846
 10
36112.666666666664
 20
-28671.53846153846
  0
LWPOLYLINE
  5
AC8
330
17
100
AcDbEntity
  8
A-TIMBER
100
AcDbPolyline
 90
4
 70
1
 10
36112.666666666664
 20
-28633.53846153846
 10
36218.333333333336
 20
-28633.53846153846
 10
36218.333333333336
 20
-28543.69230769231
 10
36112.666666666664
 20
-28543.69230769231
  0
LWPOLYLINE
  5
AC9
330
17
100
AcDbEntity
  8
A-TIMBER
100
AcDbPolyline
 90
4
 70
1
 10
36112.666666666664
 20
-28505.69230769231
 10
36218.333333333336
 20
-28505.69230769231
 10
36218.333333333336
 20
-28415.846153846152
 10
36112.666666666664
 20
-28415.846153846152
  0
LWPOLYLINE
  5
ACA
330
17
100
AcDbEntity
  8
A-TIMBER
100
AcDbPolyline
 90
4
 70
1
 10
36112.666666666664
 20
-28377.846153846152
 10
36218.333333333336
 20
-28377.846153846152
 10
36218.333333333336
 20
-28288.0
 10
36112.666666666664
 20
-28288.0
  0
LWPOLYLINE
  5
ACB
330
17
100
AcDbEntity
  8
A-TIMBER
100
AcDbPolyline
 90
4
 70
1
 10
36256.333333333336
 20
-29912.0
 10
36362.0
 20
-29912.0
 10
36362.0
 20
-29822.153846153848
 10
36256.333333333336
 20
-29822.153846153848
  0
LWPOLYLINE
  5
ACC
330
17
100
AcDbEntity
  8
A-TIMBER
100
AcDbPolyline
 90
4
 70
1
 10
36256.333333333336
 20
-29784.153846153848
 10
36362.0
 20
-29784.153846153848
 10
36362.0
 20
-29694.30769230769
 10
36256.333333333336
 20
-29694.30769230769
  0
LWPOLYLINE
  5
ACD
330
17
100
AcDbEntity
  8
A-TIMBER
100
AcDbPolyline
 90
4
 70
1
 10
36256.333333333336
 20
-29656.30769230769
 10
36362.0
 20
-29656.30769230769
 10
36362.0
 20
-29566.46153846154
 10
36256.333333333336
 20
-29566.46153846154
  0
LWPOLYLINE
  5
ACE
330
17
100
AcDbEntity
  8
A-TIMBER
100
AcDbPolyline
 90
4
 70
1
 10
36256.333333333336
 20
-29528.46153846154
 10
36362.0
 20
-29528.46153846154
 10
36362.0
 20
-29438.615384615383
 10
36256.333333333336
 20
-29438.615384615383
  0
LWPOLYLINE
  5
ACF
330
17
100
AcDbEntity
  8
A-TIMBER
100
AcDbPolyline
 90
4
 70
1
 10
36256.333333333336
 20
-29400.615384615383
 10
36362.0
 20
-29400.615384615383
 10
36362.0
 20
-29310.76923076923
 10
36256.333333333336
 20
-29310.76923076923
  0
LWPOLYLINE
  5
AD0
330
17
100
AcDbEntity
  8
A-TIMBER
100
AcDbPolyline
 90
4
 70
1
 10
36256.333333333336
 20
-29272.76923076923
 10
36362.0
 20
-29272.76923076923
 10
36362.0
 20
-29182.923076923078
 10
36256.333333333336
 20
-29182.923076923078
  0
LWPOLYLINE
  5
AD1
330
17
100
AcDbEntity
  8
A-TIMBER
100
AcDbPolyline
 90
4
 70
1
 10
36256.333333333336
 20
-29144.923076923078
 10
36362.0
 20
-29144.923076923078
 10
36362.0
 20
-29055.076923076922
 10
36256.333333333336
 20
-29055.076923076922
  0
LWPOLYLINE
  5
AD2
330
17
100
AcDbEntity
  8
A-TIMBER
100
AcDbPolyline
 90
4
 70
1
 10
36256.333333333336
 20
-29017.076923076922
 10
36362.0
 20
-29017.076923076922
 10
36362.0
 20
-28927.23076923077
 10
36256.333333333336
 20
-28927.23076923077
  0
LWPOLYLINE
  5
AD3
330
17
100
AcDbEntity
  8
A-TIMBER
100
AcDbPolyline
 90
4
 70
1
 10
36256.333333333336
 20
-28889.23076923077
 10
36362.0
 20
-28889.23076923077
 10
36362.0
 20
-28799.384615384617
 10
36256.333333333336
 20
-28799.384615384617
  0
LWPOLYLINE
  5
AD4
330
17
100
AcDbEntity
  8
A-TIMBER
100
AcDbPolyline
 90
4
 70
1
 10
36256.333333333336
 20
-28761.384615384617
 10
36362.0
 20
-28761.384615384617
 10
36362.0
 20
-28671.53846153846
 10
36256.333333333336
 20
-28671.53846153846
  0
LWPOLYLINE
  5
AD5
330
17
100
AcDbEntity
  8
A-TIMBER
100
AcDbPolyline
 90
4
 70
1
 10
36256.333333333336
 20
-28633.53846153846
 10
36362.0
 20
-28633.53846153846
 10
36362.0
 20
-28543.69230769231
 10
36256.333333333336
 20
-28543.69230769231
  0
LWPOLYLINE
  5
AD6
330
17
100
AcDbEntity
  8
A-TIMBER
100
AcDbPolyline
 90
4
 70
1
 10
36256.333333333336
 20
-28505.69230769231
 10
36362.0
 20
-28505.69230769231
 10
36362.0
 20
-28415.846153846152
 10
36256.333333333336
 20
-28415.846153846152
  0
LWPOLYLINE
  5
AD7
330
17
100
AcDbEntity
  8
A-TIMBER
100
AcDbPolyline
 90
4
 70
1
 10
36256.333333333336
 20
-28377.846153846152
 10
36362.0
 20
-28377.846153846152
 10
36362.0
 20
-28288.0
 10
36256.333333333336
 20
-28288.0
  0
LWPOLYLINE
  5
AD8
330
17
100
AcDbEntity
  8
A-TIMBER
100
AcDbPolyline
 90
4
 70
1
 10
36510.0
 20
-29940.0
 10
37490.0
 20
-29940.0
 10
37490.0
 20
-28260.0
 10
36510.0
 20
-28260.0
  0
LWPOLYLINE
  5
AD9
330
17
100
AcDbEntity
  8
A-TIMBER
100
AcDbPolyline
 90
4
 70
1
 10
36548.0
 20
-29902.0
 10
36644.57142857143
 20
-29902.0
 10
36644.57142857143
 20
-29813.69230769231
 10
36548.0
 20
-29813.69230769231
  0
LWPOLYLINE
  5
ADA
330
17
100
AcDbEntity
  8
A-TIMBER
100
AcDbPolyline
 90
4
 70
1
 10
36548.0
 20
-29775.69230769231
 10
36644.57142857143
 20
-29775.69230769231
 10
36644.57142857143
 20
-29687.384615384617
 10
36548.0
 20
-29687.384615384617
  0
LWPOLYLINE
  5
ADB
330
17
100
AcDbEntity
  8
A-TIMBER
100
AcDbPolyline
 90
4
 70
1
 10
36548.0
 20
-29649.384615384617
 10
36644.57142857143
 20
-29649.384615384617
 10
36644.57142857143
 20
-29561.076923076922
 10
36548.0
 20
-29561.076923076922
  0
LWPOLYLINE
  5
ADC
330
17
100
AcDbEntity
  8
A-TIMBER
100
AcDbPolyline
 90
4
 70
1
 10
36548.0
 20
-29523.076923076922
 10
36644.57142857143
 20
-29523.076923076922
 10
36644.57142857143
 20
-29434.76923076923
 10
36548.0
 20
-29434.76923076923
  0
LWPOLYLINE
  5
ADD
330
17
100
AcDbEntity
  8
A-TIMBER
100
AcDbPolyline
 90
4
 70
1
 10
36548.0
 20
-29396.76923076923
 10
36644.57142857143
 20
-29396.76923076923
 10
36644.57142857143
 20
-29308.46153846154
 10
36548.0
 20
-29308.46153846154
  0
LWPOLYLINE
  5
ADE
330
17
100
AcDbEntity
  8
A-TIMBER
100
AcDbPolyline
 90
4
 70
1
 10
36548.0
 20
-29270.46153846154
 10
36644.57142857143
 20
-29270.46153846154
 10
36644.57142857143
 20
-29182.153846153848
 10
36548.0
 20
-29182.153846153848
  0
LWPOLYLINE
  5
ADF
330
17
100
AcDbEntity
  8
A-TIMBER
100
AcDbPolyline
 90
4
 70
1
 10
36548.0
 20
-29144.153846153848
 10
36644.57142857143
 20
-29144.153846153848
 10
36644.57142857143
 20
-29055.846153846152
 10
36548.0
 20
-29055.846153846152
  0
LWPOLYLINE
  5
AE0
330
17
100
AcDbEntity
  8
A-TIMBER
100
AcDbPolyline
 90
4
 70
1
 10
36548.0
 20
-29017.846153846152
 10
36644.57142857143
 20
-29017.846153846152
 10
36644.57142857143
 20
-28929.53846153846
 10
36548.0
 20
-28929.53846153846
  0
LWPOLYLINE
  5
AE1
330
17
100
AcDbEntity
  8
A-TIMBER
100
AcDbPolyline
 90
4
 70
1
 10
36548.0
 20
-28891.53846153846
 10
36644.57142857143
 20
-28891.53846153846
 10
36644.57142857143
 20
-28803.23076923077
 10
36548.0
 20
-28803.23076923077
  0
LWPOLYLINE
  5
AE2
330
17
100
AcDbEntity
  8
A-TIMBER
100
AcDbPolyline
 90
4
 70
1
 10
36548.0
 20
-28765.23076923077
 10
36644.57142857143
 20
-28765.23076923077
 10
36644.57142857143
 20
-28676.923076923078
 10
36548.0
 20
-28676.923076923078
  0
LWPOLYLINE
  5
AE3
330
17
100
AcDbEntity
  8
A-TIMBER
100
AcDbPolyline
 90
4
 70
1
 10
36548.0
 20
-28638.923076923078
 10
36644.57142857143
 20
-28638.923076923078
 10
36644.57142857143
 20
-28550.615384615383
 10
36548.0
 20
-28550.615384615383
  0
LWPOLYLINE
  5
AE4
330
17
100
AcDbEntity
  8
A-TIMBER
100
AcDbPolyline
 90
4
 70
1
 10
36548.0
 20
-28512.615384615383
 10
36644.57142857143
 20
-28512.615384615383
 10
36644.57142857143
 20
-28424.30769230769
 10
36548.0
 20
-28424.30769230769
  0
LWPOLYLINE
  5
AE5
330
17
100
AcDbEntity
  8
A-TIMBER
100
AcDbPolyline
 90
4
 70
1
 10
36548.0
 20
-28386.30769230769
 10
36644.57142857143
 20
-28386.30769230769
 10
36644.57142857143
 20
-28298.0
 10
36548.0
 20
-28298.0
  0
LWPOLYLINE
  5
AE6
330
17
100
AcDbEntity
  8
A-TIMBER
100
AcDbPolyline
 90
4
 70
1
 10
36682.57142857143
 20
-29902.0
 10
36779.142857142855
 20
-29902.0
 10
36779.142857142855
 20
-29813.69230769231
 10
36682.57142857143
 20
-29813.69230769231
  0
LWPOLYLINE
  5
AE7
330
17
100
AcDbEntity
  8
A-TIMBER
100
AcDbPolyline
 90
4
 70
1
 10
36682.57142857143
 20
-29775.69230769231
 10
36779.142857142855
 20
-29775.69230769231
 10
36779.142857142855
 20
-29687.384615384617
 10
36682.57142857143
 20
-29687.384615384617
  0
LWPOLYLINE
  5
AE8
330
17
100
AcDbEntity
  8
A-TIMBER
100
AcDbPolyline
 90
4
 70
1
 10
36682.57142857143
 20
-29649.384615384617
 10
36779.142857142855
 20
-29649.384615384617
 10
36779.142857142855
 20
-29561.076923076922
 10
36682.57142857143
 20
-29561.076923076922
  0
LWPOLYLINE
  5
AE9
330
17
100
AcDbEntity
  8
A-TIMBER
100
AcDbPolyline
 90
4
 70
1
 10
36682.57142857143
 20
-29523.076923076922
 10
36779.142857142855
 20
-29523.076923076922
 10
36779.142857142855
 20
-29434.76923076923
 10
36682.57142857143
 20
-29434.76923076923
  0
LWPOLYLINE
  5
AEA
330
17
100
AcDbEntity
  8
A-TIMBER
100
AcDbPolyline
 90
4
 70
1
 10
36682.57142857143
 20
-29396.76923076923
 10
36779.142857142855
 20
-29396.76923076923
 10
36779.142857142855
 20
-29308.46153846154
 10
36682.57142857143
 20
-29308.46153846154
  0
LWPOLYLINE
  5
AEB
330
17
100
AcDbEntity
  8
A-TIMBER
100
AcDbPolyline
 90
4
 70
1
 10
36682.57142857143
 20
-29270.46153846154
 10
36779.142857142855
 20
-29270.46153846154
 10
36779.142857142855
 20
-29182.153846153848
 10
36682.57142857143
 20
-29182.153846153848
  0
LWPOLYLINE
  5
AEC
330
17
100
AcDbEntity
  8
A-TIMBER
100
AcDbPolyline
 90
4
 70
1
 10
36682.57142857143
 20
-29144.153846153848
 10
36779.142857142855
 20
-29144.153846153848
 10
36779.142857142855
 20
-29055.846153846152
 10
36682.57142857143
 20
-29055.846153846152
  0
LWPOLYLINE
  5
AED
330
17
100
AcDbEntity
  8
A-TIMBER
100
AcDbPolyline
 90
4
 70
1
 10
36682.57142857143
 20
-29017.846153846152
 10
36779.142857142855
 20
-29017.846153846152
 10
36779.142857142855
 20
-28929.53846153846
 10
36682.57142857143
 20
-28929.53846153846
  0
LWPOLYLINE
  5
AEE
330
17
100
AcDbEntity
  8
A-TIMBER
100
AcDbPolyline
 90
4
 70
1
 10
36682.57142857143
 20
-28891.53846153846
 10
36779.142857142855
 20
-28891.53846153846
 10
36779.142857142855
 20
-28803.23076923077
 10
36682.57142857143
 20
-28803.23076923077
  0
LWPOLYLINE
  5
AEF
330
17
100
AcDbEntity
  8
A-TIMBER
100
AcDbPolyline
 90
4
 70
1
 10
36682.57142857143
 20
-28765.23076923077
 10
36779.142857142855
 20
-28765.23076923077
 10
36779.142857142855
 20
-28676.923076923078
 10
36682.57142857143
 20
-28676.923076923078
  0
LWPOLYLINE
  5
AF0
330
17
100
AcDbEntity
  8
A-TIMBER
100
AcDbPolyline
 90
4
 70
1
 10
36682.57142857143
 20
-28638.923076923078
 10
36779.142857142855
 20
-28638.923076923078
 10
36779.142857142855
 20
-28550.615384615383
 10
36682.57142857143
 20
-28550.615384615383
  0
LWPOLYLINE
  5
AF1
330
17
100
AcDbEntity
  8
A-TIMBER
100
AcDbPolyline
 90
4
 70
1
 10
36682.57142857143
 20
-28512.615384615383
 10
36779.142857142855
 20
-28512.615384615383
 10
36779.142857142855
 20
-28424.30769230769
 10
36682.57142857143
 20
-28424.30769230769
  0
LWPOLYLINE
  5
AF2
330
17
100
AcDbEntity
  8
A-TIMBER
100
AcDbPolyline
 90
4
 70
1
 10
36682.57142857143
 20
-28386.30769230769
 10
36779.142857142855
 20
-28386.30769230769
 10
36779.142857142855
 20
-28298.0
 10
36682.57142857143
 20
-28298.0
  0
LWPOLYLINE
  5
AF3
330
17
100
AcDbEntity
  8
A-TIMBER
100
AcDbPolyline
 90
4
 70
1
 10
36817.142857142855
 20
-29902.0
 10
36913.71428571428
 20
-29902.0
 10
36913.71428571428
 20
-29813.69230769231
 10
36817.142857142855
 20
-29813.69230769231
  0
LWPOLYLINE
  5
AF4
330
17
100
AcDbEntity
  8
A-TIMBER
100
AcDbPolyline
 90
4
 70
1
 10
36817.142857142855
 20
-29775.69230769231
 10
36913.71428571428
 20
-29775.69230769231
 10
36913.71428571428
 20
-29687.384615384617
 10
36817.142857142855
 20
-29687.384615384617
  0
LWPOLYLINE
  5
AF5
330
17
100
AcDbEntity
  8
A-TIMBER
100
AcDbPolyline
 90
4
 70
1
 10
36817.142857142855
 20
-29649.384615384617
 10
36913.71428571428
 20
-29649.384615384617
 10
36913.71428571428
 20
-29561.076923076922
 10
36817.142857142855
 20
-29561.076923076922
  0
LWPOLYLINE
  5
AF6
330
17
100
AcDbEntity
  8
A-TIMBER
100
AcDbPolyline
 90
4
 70
1
 10
36817.142857142855
 20
-29523.076923076922
 10
36913.71428571428
 20
-29523.076923076922
 10
36913.71428571428
 20
-29434.76923076923
 10
36817.142857142855
 20
-29434.76923076923
  0
LWPOLYLINE
  5
AF7
330
17
100
AcDbEntity
  8
A-TIMBER
100
AcDbPolyline
 90
4
 70
1
 10
36817.142857142855
 20
-29396.76923076923
 10
36913.71428571428
 20
-29396.76923076923
 10
36913.71428571428
 20
-29308.46153846154
 10
36817.142857142855
 20
-29308.46153846154
  0
LWPOLYLINE
  5
AF8
330
17
100
AcDbEntity
  8
A-TIMBER
100
AcDbPolyline
 90
4
 70
1
 10
36817.142857142855
 20
-29270.46153846154
 10
36913.71428571428
 20
-29270.46153846154
 10
36913.71428571428
 20
-29182.153846153848
 10
36817.142857142855
 20
-29182.153846153848
  0
LWPOLYLINE
  5
AF9
330
17
100
AcDbEntity
  8
A-TIMBER
100
AcDbPolyline
 90
4
 70
1
 10
36817.142857142855
 20
-29144.153846153848
 10
36913.71428571428
 20
-29144.153846153848
 10
36913.71428571428
 20
-29055.846153846152
 10
36817.142857142855
 20
-29055.846153846152
  0
LWPOLYLINE
  5
AFA
330
17
100
AcDbEntity
  8
A-TIMBER
100
AcDbPolyline
 90
4
 70
1
 10
36817.142857142855
 20
-29017.846153846152
 10
36913.71428571428
 20
-29017.846153846152
 10
36913.71428571428
 20
-28929.53846153846
 10
36817.142857142855
 20
-28929.53846153846
  0
LWPOLYLINE
  5
AFB
330
17
100
AcDbEntity
  8
A-TIMBER
100
AcDbPolyline
 90
4
 70
1
 10
36817.142857142855
 20
-28891.53846153846
 10
36913.71428571428
 20
-28891.53846153846
 10
36913.71428571428
 20
-28803.23076923077
 10
36817.142857142855
 20
-28803.23076923077
  0
LWPOLYLINE
  5
AFC
330
17
100
AcDbEntity
  8
A-TIMBER
100
AcDbPolyline
 90
4
 70
1
 10
36817.142857142855
 20
-28765.23076923077
 10
36913.71428571428
 20
-28765.23076923077
 10
36913.71428571428
 20
-28676.923076923078
 10
36817.142857142855
 20
-28676.923076923078
  0
LWPOLYLINE
  5
AFD
330
17
100
AcDbEntity
  8
A-TIMBER
100
AcDbPolyline
 90
4
 70
1
 10
36817.142857142855
 20
-28638.923076923078
 10
36913.71428571428
 20
-28638.923076923078
 10
36913.71428571428
 20
-28550.615384615383
 10
36817.142857142855
 20
-28550.615384615383
  0
LWPOLYLINE
  5
AFE
330
17
100
AcDbEntity
  8
A-TIMBER
100
AcDbPolyline
 90
4
 70
1
 10
36817.142857142855
 20
-28512.615384615383
 10
36913.71428571428
 20
-28512.615384615383
 10
36913.71428571428
 20
-28424.30769230769
 10
36817.142857142855
 20
-28424.30769230769
  0
LWPOLYLINE
  5
AFF
330
17
100
AcDbEntity
  8
A-TIMBER
100
AcDbPolyline
 90
4
 70
1
 10
36817.142857142855
 20
-28386.30769230769
 10
36913.71428571428
 20
-28386.30769230769
 10
36913.71428571428
 20
-28298.0
 10
36817.142857142855
 20
-28298.0
  0
LWPOLYLINE
  5
B00
330
17
100
AcDbEntity
  8
A-TIMBER
100
AcDbPolyline
 90
4
 70
1
 10
36951.71428571429
 20
-29902.0
 10
37048.28571428572
 20
-29902.0
 10
37048.28571428572
 20
-29813.69230769231
 10
36951.71428571429
 20
-29813.69230769231
  0
LWPOLYLINE
  5
B01
330
17
100
AcDbEntity
  8
A-TIMBER
100
AcDbPolyline
 90
4
 70
1
 10
36951.71428571429
 20
-29775.69230769231
 10
37048.28571428572
 20
-29775.69230769231
 10
37048.28571428572
 20
-29687.384615384617
 10
36951.71428571429
 20
-29687.384615384617
  0
LWPOLYLINE
  5
B02
330
17
100
AcDbEntity
  8
A-TIMBER
100
AcDbPolyline
 90
4
 70
1
 10
36951.71428571429
 20
-29649.384615384617
 10
37048.28571428572
 20
-29649.384615384617
 10
37048.28571428572
 20
-29561.076923076922
 10
36951.71428571429
 20
-29561.076923076922
  0
LWPOLYLINE
  5
B03
330
17
100
AcDbEntity
  8
A-TIMBER
100
AcDbPolyline
 90
4
 70
1
 10
36951.71428571429
 20
-29523.076923076922
 10
37048.28571428572
 20
-29523.076923076922
 10
37048.28571428572
 20
-29434.76923076923
 10
36951.71428571429
 20
-29434.76923076923
  0
LWPOLYLINE
  5
B04
330
17
100
AcDbEntity
  8
A-TIMBER
100
AcDbPolyline
 90
4
 70
1
 10
36951.71428571429
 20
-29396.76923076923
 10
37048.28571428572
 20
-29396.76923076923
 10
37048.28571428572
 20
-29308.46153846154
 10
36951.71428571429
 20
-29308.46153846154
  0
LWPOLYLINE
  5
B05
330
17
100
AcDbEntity
  8
A-TIMBER
100
AcDbPolyline
 90
4
 70
1
 10
36951.71428571429
 20
-29270.46153846154
 10
37048.28571428572
 20
-29270.46153846154
 10
37048.28571428572
 20
-29182.153846153848
 10
36951.71428571429
 20
-29182.153846153848
  0
LWPOLYLINE
  5
B06
330
17
100
AcDbEntity
  8
A-TIMBER
100
AcDbPolyline
 90
4
 70
1
 10
36951.71428571429
 20
-29144.153846153848
 10
37048.28571428572
 20
-29144.153846153848
 10
37048.28571428572
 20
-29055.846153846152
 10
36951.71428571429
 20
-29055.846153846152
  0
LWPOLYLINE
  5
B07
330
17
100
AcDbEntity
  8
A-TIMBER
100
AcDbPolyline
 90
4
 70
1
 10
36951.71428571429
 20
-29017.846153846152
 10
37048.28571428572
 20
-29017.846153846152
 10
37048.28571428572
 20
-28929.53846153846
 10
36951.71428571429
 20
-28929.53846153846
  0
LWPOLYLINE
  5
B08
330
17
100
AcDbEntity
  8
A-TIMBER
100
AcDbPolyline
 90
4
 70
1
 10
36951.71428571429
 20
-28891.53846153846
 10
37048.28571428572
 20
-28891.53846153846
 10
37048.28571428572
 20
-28803.23076923077
 10
36951.71428571429
 20
-28803.23076923077
  0
LWPOLYLINE
  5
B09
330
17
100
AcDbEntity
  8
A-TIMBER
100
AcDbPolyline
 90
4
 70
1
 10
36951.71428571429
 20
-28765.23076923077
 10
37048.28571428572
 20
-28765.23076923077
 10
37048.28571428572
 20
-28676.923076923078
 10
36951.71428571429
 20
-28676.923076923078
  0
LWPOLYLINE
  5
B0A
330
17
100
AcDbEntity
  8
A-TIMBER
100
AcDbPolyline
 90
4
 70
1
 10
36951.71428571429
 20
-28638.923076923078
 10
37048.28571428572
 20
-28638.923076923078
 10
37048.28571428572
 20
-28550.615384615383
 10
36951.71428571429
 20
-28550.615384615383
  0
LWPOLYLINE
  5
B0B
330
17
100
AcDbEntity
  8
A-TIMBER
100
AcDbPolyline
 90
4
 70
1
 10
36951.71428571429
 20
-28512.615384615383
 10
37048.28571428572
 20
-28512.615384615383
 10
37048.28571428572
 20
-28424.30769230769
 10
36951.71428571429
 20
-28424.30769230769
  0
LWPOLYLINE
  5
B0C
330
17
100
AcDbEntity
  8
A-TIMBER
100
AcDbPolyline
 90
4
 70
1
 10
36951.71428571429
 20
-28386.30769230769
 10
37048.28571428572
 20
-28386.30769230769
 10
37048.28571428572
 20
-28298.0
 10
36951.71428571429
 20
-28298.0
  0
LWPOLYLINE
  5
B0D
330
17
100
AcDbEntity
  8
A-TIMBER
100
AcDbPolyline
 90
4
 70
1
 10
37086.28571428572
 20
-29902.0
 10
37182.857142857145
 20
-29902.0
 10
37182.857142857145
 20
-29813.69230769231
 10
37086.28571428572
 20
-29813.69230769231
  0
LWPOLYLINE
  5
B0E
330
17
100
AcDbEntity
  8
A-TIMBER
100
AcDbPolyline
 90
4
 70
1
 10
37086.28571428572
 20
-29775.69230769231
 10
37182.857142857145
 20
-29775.69230769231
 10
37182.857142857145
 20
-29687.384615384617
 10
37086.28571428572
 20
-29687.384615384617
  0
LWPOLYLINE
  5
B0F
330
17
100
AcDbEntity
  8
A-TIMBER
100
AcDbPolyline
 90
4
 70
1
 10
37086.28571428572
 20
-29649.384615384617
 10
37182.857142857145
 20
-29649.384615384617
 10
37182.857142857145
 20
-29561.076923076922
 10
37086.28571428572
 20
-29561.076923076922
  0
LWPOLYLINE
  5
B10
330
17
100
AcDbEntity
  8
A-TIMBER
100
AcDbPolyline
 90
4
 70
1
 10
37086.28571428572
 20
-29523.076923076922
 10
37182.857142857145
 20
-29523.076923076922
 10
37182.857142857145
 20
-29434.76923076923
 10
37086.28571428572
 20
-29434.76923076923
  0
LWPOLYLINE
  5
B11
330
17
100
AcDbEntity
  8
A-TIMBER
100
AcDbPolyline
 90
4
 70
1
 10
37086.28571428572
 20
-29396.76923076923
 10
37182.857142857145
 20
-29396.76923076923
 10
37182.857142857145
 20
-29308.46153846154
 10
37086.28571428572
 20
-29308.46153846154
  0
LWPOLYLINE
  5
B12
330
17
100
AcDbEntity
  8
A-TIMBER
100
AcDbPolyline
 90
4
 70
1
 10
37086.28571428572
 20
-29270.46153846154
 10
37182.857142857145
 20
-29270.46153846154
 10
37182.857142857145
 20
-29182.153846153848
 10
37086.28571428572
 20
-29182.153846153848
  0
LWPOLYLINE
  5
B13
330
17
100
AcDbEntity
  8
A-TIMBER
100
AcDbPolyline
 90
4
 70
1
 10
37086.28571428572
 20
-29144.153846153848
 10
37182.857142857145
 20
-29144.153846153848
 10
37182.857142857145
 20
-29055.846153846152
 10
37086.28571428572
 20
-29055.846153846152
  0
LWPOLYLINE
  5
B14
330
17
100
AcDbEntity
  8
A-TIMBER
100
AcDbPolyline
 90
4
 70
1
 10
37086.28571428572
 20
-29017.846153846152
 10
37182.857142857145
 20
-29017.846153846152
 10
37182.857142857145
 20
-28929.53846153846
 10
37086.28571428572
 20
-28929.53846153846
  0
LWPOLYLINE
  5
B15
330
17
100
AcDbEntity
  8
A-TIMBER
100
AcDbPolyline
 90
4
 70
1
 10
37086.28571428572
 20
-28891.53846153846
 10
37182.857142857145
 20
-28891.53846153846
 10
37182.857142857145
 20
-28803.23076923077
 10
37086.28571428572
 20
-28803.23076923077
  0
LWPOLYLINE
  5
B16
330
17
100
AcDbEntity
  8
A-TIMBER
100
AcDbPolyline
 90
4
 70
1
 10
37086.28571428572
 20
-28765.23076923077
 10
37182.857142857145
 20
-28765.23076923077
 10
37182.857142857145
 20
-28676.923076923078
 10
37086.28571428572
 20
-28676.923076923078
  0
LWPOLYLINE
  5
B17
330
17
100
AcDbEntity
  8
A-TIMBER
100
AcDbPolyline
 90
4
 70
1
 10
37086.28571428572
 20
-28638.923076923078
 10
37182.857142857145
 20
-28638.923076923078
 10
37182.857142857145
 20
-28550.615384615383
 10
37086.28571428572
 20
-28550.615384615383
  0
LWPOLYLINE
  5
B18
330
17
100
AcDbEntity
  8
A-TIMBER
100
AcDbPolyline
 90
4
 70
1
 10
37086.28571428572
 20
-28512.615384615383
 10
37182.857142857145
 20
-28512.615384615383
 10
37182.857142857145
 20
-28424.30769230769
 10
37086.28571428572
 20
-28424.30769230769
  0
LWPOLYLINE
  5
B19
330
17
100
AcDbEntity
  8
A-TIMBER
100
AcDbPolyline
 90
4
 70
1
 10
37086.28571428572
 20
-28386.30769230769
 10
37182.857142857145
 20
-28386.30769230769
 10
37182.857142857145
 20
-28298.0
 10
37086.28571428572
 20
-28298.0
  0
LWPOLYLINE
  5
B1A
330
17
100
AcDbEntity
  8
A-TIMBER
100
AcDbPolyline
 90
4
 70
1
 10
37220.857142857145
 20
-29902.0
 10
37317.42857142857
 20
-29902.0
 10
37317.42857142857
 20
-29813.69230769231
 10
37220.857142857145
 20
-29813.69230769231
  0
LWPOLYLINE
  5
B1B
330
17
100
AcDbEntity
  8
A-TIMBER
100
AcDbPolyline
 90
4
 70
1
 10
37220.857142857145
 20
-29775.69230769231
 10
37317.42857142857
 20
-29775.69230769231
 10
37317.42857142857
 20
-29687.384615384617
 10
37220.857142857145
 20
-29687.384615384617
  0
LWPOLYLINE
  5
B1C
330
17
100
AcDbEntity
  8
A-TIMBER
100
AcDbPolyline
 90
4
 70
1
 10
37220.857142857145
 20
-29649.384615384617
 10
37317.42857142857
 20
-29649.384615384617
 10
37317.42857142857
 20
-29561.076923076922
 10
37220.857142857145
 20
-29561.076923076922
  0
LWPOLYLINE
  5
B1D
330
17
100
AcDbEntity
  8
A-TIMBER
100
AcDbPolyline
 90
4
 70
1
 10
37220.857142857145
 20
-29523.076923076922
 10
37317.42857142857
 20
-29523.076923076922
 10
37317.42857142857
 20
-29434.76923076923
 10
37220.857142857145
 20
-29434.76923076923
  0
LWPOLYLINE
  5
B1E
330
17
100
AcDbEntity
  8
A-TIMBER
100
AcDbPolyline
 90
4
 70
1
 10
37220.857142857145
 20
-29396.76923076923
 10
37317.42857142857
 20
-29396.76923076923
 10
37317.42857142857
 20
-29308.46153846154
 10
37220.857142857145
 20
-29308.46153846154
  0
LWPOLYLINE
  5
B1F
330
17
100
AcDbEntity
  8
A-TIMBER
100
AcDbPolyline
 90
4
 70
1
 10
37220.857142857145
 20
-29270.46153846154
 10
37317.42857142857
 20
-29270.46153846154
 10
37317.42857142857
 20
-29182.153846153848
 10
37220.857142857145
 20
-29182.153846153848
  0
LWPOLYLINE
  5
B20
330
17
100
AcDbEntity
  8
A-TIMBER
100
AcDbPolyline
 90
4
 70
1
 10
37220.857142857145
 20
-29144.153846153848
 10
37317.42857142857
 20
-29144.153846153848
 10
37317.42857142857
 20
-29055.846153846152
 10
37220.857142857145
 20
-29055.846153846152
  0
LWPOLYLINE
  5
B21
330
17
100
AcDbEntity
  8
A-TIMBER
100
AcDbPolyline
 90
4
 70
1
 10
37220.857142857145
 20
-29017.846153846152
 10
37317.42857142857
 20
-29017.846153846152
 10
37317.42857142857
 20
-28929.53846153846
 10
37220.857142857145
 20
-28929.53846153846
  0
LWPOLYLINE
  5
B22
330
17
100
AcDbEntity
  8
A-TIMBER
100
AcDbPolyline
 90
4
 70
1
 10
37220.857142857145
 20
-28891.53846153846
 10
37317.42857142857
 20
-28891.53846153846
 10
37317.42857142857
 20
-28803.23076923077
 10
37220.857142857145
 20
-28803.23076923077
  0
LWPOLYLINE
  5
B23
330
17
100
AcDbEntity
  8
A-TIMBER
100
AcDbPolyline
 90
4
 70
1
 10
37220.857142857145
 20
-28765.23076923077
 10
37317.42857142857
 20
-28765.23076923077
 10
37317.42857142857
 20
-28676.923076923078
 10
37220.857142857145
 20
-28676.923076923078
  0
LWPOLYLINE
  5
B24
330
17
100
AcDbEntity
  8
A-TIMBER
100
AcDbPolyline
 90
4
 70
1
 10
37220.857142857145
 20
-28638.923076923078
 10
37317.42857142857
 20
-28638.923076923078
 10
37317.42857142857
 20
-28550.615384615383
 10
37220.857142857145
 20
-28550.615384615383
  0
LWPOLYLINE
  5
B25
330
17
100
AcDbEntity
  8
A-TIMBER
100
AcDbPolyline
 90
4
 70
1
 10
37220.857142857145
 20
-28512.615384615383
 10
37317.42857142857
 20
-28512.615384615383
 10
37317.42857142857
 20
-28424.30769230769
 10
37220.857142857145
 20
-28424.30769230769
  0
LWPOLYLINE
  5
B26
330
17
100
AcDbEntity
  8
A-TIMBER
100
AcDbPolyline
 90
4
 70
1
 10
37220.857142857145
 20
-28386.30769230769
 10
37317.42857142857
 20
-28386.30769230769
 10
37317.42857142857
 20
-28298.0
 10
37220.857142857145
 20
-28298.0
  0
LWPOLYLINE
  5
B27
330
17
100
AcDbEntity
  8
A-TIMBER
100
AcDbPolyline
 90
4
 70
1
 10
37355.42857142857
 20
-29902.0
 10
37452.0
 20
-29902.0
 10
37452.0
 20
-29813.69230769231
 10
37355.42857142857
 20
-29813.69230769231
  0
LWPOLYLINE
  5
B28
330
17
100
AcDbEntity
  8
A-TIMBER
100
AcDbPolyline
 90
4
 70
1
 10
37355.42857142857
 20
-29775.69230769231
 10
37452.0
 20
-29775.69230769231
 10
37452.0
 20
-29687.384615384617
 10
37355.42857142857
 20
-29687.384615384617
  0
LWPOLYLINE
  5
B29
330
17
100
AcDbEntity
  8
A-TIMBER
100
AcDbPolyline
 90
4
 70
1
 10
37355.42857142857
 20
-29649.384615384617
 10
37452.0
 20
-29649.384615384617
 10
37452.0
 20
-29561.076923076922
 10
37355.42857142857
 20
-29561.076923076922
  0
LWPOLYLINE
  5
B2A
330
17
100
AcDbEntity
  8
A-TIMBER
100
AcDbPolyline
 90
4
 70
1
 10
37355.42857142857
 20
-29523.076923076922
 10
37452.0
 20
-29523.076923076922
 10
37452.0
 20
-29434.76923076923
 10
37355.42857142857
 20
-29434.76923076923
  0
LWPOLYLINE
  5
B2B
330
17
100
AcDbEntity
  8
A-TIMBER
100
AcDbPolyline
 90
4
 70
1
 10
37355.42857142857
 20
-29396.76923076923
 10
37452.0
 20
-29396.76923076923
 10
37452.0
 20
-29308.46153846154
 10
37355.42857142857
 20
-29308.46153846154
  0
LWPOLYLINE
  5
B2C
330
17
100
AcDbEntity
  8
A-TIMBER
100
AcDbPolyline
 90
4
 70
1
 10
37355.42857142857
 20
-29270.46153846154
 10
37452.0
 20
-29270.46153846154
 10
37452.0
 20
-29182.153846153848
 10
37355.42857142857
 20
-29182.153846153848
  0
LWPOLYLINE
  5
B2D
330
17
100
AcDbEntity
  8
A-TIMBER
100
AcDbPolyline
 90
4
 70
1
 10
37355.42857142857
 20
-29144.153846153848
 10
37452.0
 20
-29144.153846153848
 10
37452.0
 20
-29055.846153846152
 10
37355.42857142857
 20
-29055.846153846152
  0
LWPOLYLINE
  5
B2E
330
17
100
AcDbEntity
  8
A-TIMBER
100
AcDbPolyline
 90
4
 70
1
 10
37355.42857142857
 20
-29017.846153846152
 10
37452.0
 20
-29017.846153846152
 10
37452.0
 20
-28929.53846153846
 10
37355.42857142857
 20
-28929.53846153846
  0
LWPOLYLINE
  5
B2F
330
17
100
AcDbEntity
  8
A-TIMBER
100
AcDbPolyline
 90
4
 70
1
 10
37355.42857142857
 20
-28891.53846153846
 10
37452.0
 20
-28891.53846153846
 10
37452.0
 20
-28803.23076923077
 10
37355.42857142857
 20
-28803.23076923077
  0
LWPOLYLINE
  5
B30
330
17
100
AcDbEntity
  8
A-TIMBER
100
AcDbPolyline
 90
4
 70
1
 10
37355.42857142857
 20
-28765.23076923077
 10
37452.0
 20
-28765.23076923077
 10
37452.0
 20
-28676.923076923078
 10
37355.42857142857
 20
-28676.923076923078
  0
LWPOLYLINE
  5
B31
330
17
100
AcDbEntity
  8
A-TIMBER
100
AcDbPolyline
 90
4
 70
1
 10
37355.42857142857
 20
-28638.923076923078
 10
37452.0
 20
-28638.923076923078
 10
37452.0
 20
-28550.615384615383
 10
37355.42857142857
 20
-28550.615384615383
  0
LWPOLYLINE
  5
B32
330
17
100
AcDbEntity
  8
A-TIMBER
100
AcDbPolyline
 90
4
 70
1
 10
37355.42857142857
 20
-28512.615384615383
 10
37452.0
 20
-28512.615384615383
 10
37452.0
 20
-28424.30769230769
 10
37355.42857142857
 20
-28424.30769230769
  0
LWPOLYLINE
  5
B33
330
17
100
AcDbEntity
  8
A-TIMBER
100
AcDbPolyline
 90
4
 70
1
 10
37355.42857142857
 20
-28386.30769230769
 10
37452.0
 20
-28386.30769230769
 10
37452.0
 20
-28298.0
 10
37355.42857142857
 20
-28298.0
  0
LWPOLYLINE
  5
B34
330
17
100
AcDbEntity
  8
A-TIMBER
100
AcDbPolyline
 90
4
 70
1
 10
37600.0
 20
-29950.0
 10
38300.0
 20
-29950.0
 10
38300.0
 20
-28250.0
 10
37600.0
 20
-28250.0
  0
LWPOLYLINE
  5
B35
330
17
100
AcDbEntity
  8
A-TIMBER
100
AcDbPolyline
 90
4
 70
1
 10
37638.0
 20
-29912.0
 10
37732.4
 20
-29912.0
 10
37732.4
 20
-29831.285714285714
 10
37638.0
 20
-29831.285714285714
  0
LWPOLYLINE
  5
B36
330
17
100
AcDbEntity
  8
A-TIMBER
100
AcDbPolyline
 90
4
 70
1
 10
37638.0
 20
-29793.285714285714
 10
37732.4
 20
-29793.285714285714
 10
37732.4
 20
-29712.571428571428
 10
37638.0
 20
-29712.571428571428
  0
LWPOLYLINE
  5
B37
330
17
100
AcDbEntity
  8
A-TIMBER
100
AcDbPolyline
 90
4
 70
1
 10
37638.0
 20
-29674.571428571428
 10
37732.4
 20
-29674.571428571428
 10
37732.4
 20
-29593.85714285714
 10
37638.0
 20
-29593.85714285714
  0
LWPOLYLINE
  5
B38
330
17
100
AcDbEntity
  8
A-TIMBER
100
AcDbPolyline
 90
4
 70
1
 10
37638.0
 20
-29555.85714285714
 10
37732.4
 20
-29555.85714285714
 10
37732.4
 20
-29475.14285714286
 10
37638.0
 20
-29475.14285714286
  0
LWPOLYLINE
  5
B39
330
17
100
AcDbEntity
  8
A-TIMBER
100
AcDbPolyline
 90
4
 70
1
 10
37638.0
 20
-29437.14285714286
 10
37732.4
 20
-29437.14285714286
 10
37732.4
 20
-29356.428571428572
 10
37638.0
 20
-29356.428571428572
  0
LWPOLYLINE
  5
B3A
330
17
100
AcDbEntity
  8
A-TIMBER
100
AcDbPolyline
 90
4
 70
1
 10
37638.0
 20
-29318.428571428572
 10
37732.4
 20
-29318.428571428572
 10
37732.4
 20
-29237.714285714286
 10
37638.0
 20
-29237.714285714286
  0
LWPOLYLINE
  5
B3B
330
17
100
AcDbEntity
  8
A-TIMBER
100
AcDbPolyline
 90
4
 70
1
 10
37638.0
 20
-29199.714285714286
 10
37732.4
 20
-29199.714285714286
 10
37732.4
 20
-29119.0
 10
37638.0
 20
-29119.0
  0
LWPOLYLINE
  5
B3C
330
17
100
AcDbEntity
  8
A-TIMBER
100
AcDbPolyline
 90
4
 70
1
 10
37638.0
 20
-29081.0
 10
37732.4
 20
-29081.0
 10
37732.4
 20
-29000.285714285714
 10
37638.0
 20
-29000.285714285714
  0
LWPOLYLINE
  5
B3D
330
17
100
AcDbEntity
  8
A-TIMBER
100
AcDbPolyline
 90
4
 70
1
 10
37638.0
 20
-28962.285714285714
 10
37732.4
 20
-28962.285714285714
 10
37732.4
 20
-28881.571428571428
 10
37638.0
 20
-28881.571428571428
  0
LWPOLYLINE
  5
B3E
330
17
100
AcDbEntity
  8
A-TIMBER
100
AcDbPolyline
 90
4
 70
1
 10
37638.0
 20
-28843.571428571428
 10
37732.4
 20
-28843.571428571428
 10
37732.4
 20
-28762.85714285714
 10
37638.0
 20
-28762.85714285714
  0
LWPOLYLINE
  5
B3F
330
17
100
AcDbEntity
  8
A-TIMBER
100
AcDbPolyline
 90
4
 70
1
 10
37638.0
 20
-28724.85714285714
 10
37732.4
 20
-28724.85714285714
 10
37732.4
 20
-28644.14285714286
 10
37638.0
 20
-28644.14285714286
  0
LWPOLYLINE
  5
B40
330
17
100
AcDbEntity
  8
A-TIMBER
100
AcDbPolyline
 90
4
 70
1
 10
37638.0
 20
-28606.14285714286
 10
37732.4
 20
-28606.14285714286
 10
37732.4
 20
-28525.428571428572
 10
37638.0
 20
-28525.428571428572
  0
LWPOLYLINE
  5
B41
330
17
100
AcDbEntity
  8
A-TIMBER
100
AcDbPolyline
 90
4
 70
1
 10
37638.0
 20
-28487.428571428572
 10
37732.4
 20
-28487.428571428572
 10
37732.4
 20
-28406.714285714286
 10
37638.0
 20
-28406.714285714286
  0
LWPOLYLINE
  5
B42
330
17
100
AcDbEntity
  8
A-TIMBER
100
AcDbPolyline
 90
4
 70
1
 10
37638.0
 20
-28368.714285714286
 10
37732.4
 20
-28368.714285714286
 10
37732.4
 20
-28288.0
 10
37638.0
 20
-28288.0
  0
LWPOLYLINE
  5
B43
330
17
100
AcDbEntity
  8
A-TIMBER
100
AcDbPolyline
 90
4
 70
1
 10
37770.4
 20
-29912.0
 10
37864.8
 20
-29912.0
 10
37864.8
 20
-29831.285714285714
 10
37770.4
 20
-29831.285714285714
  0
LWPOLYLINE
  5
B44
330
17
100
AcDbEntity
  8
A-TIMBER
100
AcDbPolyline
 90
4
 70
1
 10
37770.4
 20
-29793.285714285714
 10
37864.8
 20
-29793.285714285714
 10
37864.8
 20
-29712.571428571428
 10
37770.4
 20
-29712.571428571428
  0
LWPOLYLINE
  5
B45
330
17
100
AcDbEntity
  8
A-TIMBER
100
AcDbPolyline
 90
4
 70
1
 10
37770.4
 20
-29674.571428571428
 10
37864.8
 20
-29674.571428571428
 10
37864.8
 20
-29593.85714285714
 10
37770.4
 20
-29593.85714285714
  0
LWPOLYLINE
  5
B46
330
17
100
AcDbEntity
  8
A-TIMBER
100
AcDbPolyline
 90
4
 70
1
 10
37770.4
 20
-29555.85714285714
 10
37864.8
 20
-29555.85714285714
 10
37864.8
 20
-29475.14285714286
 10
37770.4
 20
-29475.14285714286
  0
LWPOLYLINE
  5
B47
330
17
100
AcDbEntity
  8
A-TIMBER
100
AcDbPolyline
 90
4
 70
1
 10
37770.4
 20
-29437.14285714286
 10
37864.8
 20
-29437.14285714286
 10
37864.8
 20
-29356.428571428572
 10
37770.4
 20
-29356.428571428572
  0
LWPOLYLINE
  5
B48
330
17
100
AcDbEntity
  8
A-TIMBER
100
AcDbPolyline
 90
4
 70
1
 10
37770.4
 20
-29318.428571428572
 10
37864.8
 20
-29318.428571428572
 10
37864.8
 20
-29237.714285714286
 10
37770.4
 20
-29237.714285714286
  0
LWPOLYLINE
  5
B49
330
17
100
AcDbEntity
  8
A-TIMBER
100
AcDbPolyline
 90
4
 70
1
 10
37770.4
 20
-29199.714285714286
 10
37864.8
 20
-29199.714285714286
 10
37864.8
 20
-29119.0
 10
37770.4
 20
-29119.0
  0
LWPOLYLINE
  5
B4A
330
17
100
AcDbEntity
  8
A-TIMBER
100
AcDbPolyline
 90
4
 70
1
 10
37770.4
 20
-29081.0
 10
37864.8
 20
-29081.0
 10
37864.8
 20
-29000.285714285714
 10
37770.4
 20
-29000.285714285714
  0
LWPOLYLINE
  5
B4B
330
17
100
AcDbEntity
  8
A-TIMBER
100
AcDbPolyline
 90
4
 70
1
 10
37770.4
 20
-28962.285714285714
 10
37864.8
 20
-28962.285714285714
 10
37864.8
 20
-28881.571428571428
 10
37770.4
 20
-28881.571428571428
  0
LWPOLYLINE
  5
B4C
330
17
100
AcDbEntity
  8
A-TIMBER
100
AcDbPolyline
 90
4
 70
1
 10
37770.4
 20
-28843.571428571428
 10
37864.8
 20
-28843.571428571428
 10
37864.8
 20
-28762.85714285714
 10
37770.4
 20
-28762.85714285714
  0
LWPOLYLINE
  5
B4D
330
17
100
AcDbEntity
  8
A-TIMBER
100
AcDbPolyline
 90
4
 70
1
 10
37770.4
 20
-28724.85714285714
 10
37864.8
 20
-28724.85714285714
 10
37864.8
 20
-28644.14285714286
 10
37770.4
 20
-28644.14285714286
  0
LWPOLYLINE
  5
B4E
330
17
100
AcDbEntity
  8
A-TIMBER
100
AcDbPolyline
 90
4
 70
1
 10
37770.4
 20
-28606.14285714286
 10
37864.8
 20
-28606.14285714286
 10
37864.8
 20
-28525.428571428572
 10
37770.4
 20
-28525.428571428572
  0
LWPOLYLINE
  5
B4F
330
17
100
AcDbEntity
  8
A-TIMBER
100
AcDbPolyline
 90
4
 70
1
 10
37770.4
 20
-28487.428571428572
 10
37864.8
 20
-28487.428571428572
 10
37864.8
 20
-28406.714285714286
 10
37770.4
 20
-28406.714285714286
  0
LWPOLYLINE
  5
B50
330
17
100
AcDbEntity
  8
A-TIMBER
100
AcDbPolyline
 90
4
 70
1
 10
37770.4
 20
-28368.714285714286
 10
37864.8
 20
-28368.714285714286
 10
37864.8
 20
-28288.0
 10
37770.4
 20
-28288.0
  0
LWPOLYLINE
  5
B51
330
17
100
AcDbEntity
  8
A-TIMBER
100
AcDbPolyline
 90
4
 70
1
 10
37902.8
 20
-29912.0
 10
37997.2
 20
-29912.0
 10
37997.2
 20
-29831.285714285714
 10
37902.8
 20
-29831.285714285714
  0
LWPOLYLINE
  5
B52
330
17
100
AcDbEntity
  8
A-TIMBER
100
AcDbPolyline
 90
4
 70
1
 10
37902.8
 20
-29793.285714285714
 10
37997.2
 20
-29793.285714285714
 10
37997.2
 20
-29712.571428571428
 10
37902.8
 20
-29712.571428571428
  0
LWPOLYLINE
  5
B53
330
17
100
AcDbEntity
  8
A-TIMBER
100
AcDbPolyline
 90
4
 70
1
 10
37902.8
 20
-29674.571428571428
 10
37997.2
 20
-29674.571428571428
 10
37997.2
 20
-29593.85714285714
 10
37902.8
 20
-29593.85714285714
  0
LWPOLYLINE
  5
B54
330
17
100
AcDbEntity
  8
A-TIMBER
100
AcDbPolyline
 90
4
 70
1
 10
37902.8
 20
-29555.85714285714
 10
37997.2
 20
-29555.85714285714
 10
37997.2
 20
-29475.14285714286
 10
37902.8
 20
-29475.14285714286
  0
LWPOLYLINE
  5
B55
330
17
100
AcDbEntity
  8
A-TIMBER
100
AcDbPolyline
 90
4
 70
1
 10
37902.8
 20
-29437.14285714286
 10
37997.2
 20
-29437.14285714286
 10
37997.2
 20
-29356.428571428572
 10
37902.8
 20
-29356.428571428572
  0
LWPOLYLINE
  5
B56
330
17
100
AcDbEntity
  8
A-TIMBER
100
AcDbPolyline
 90
4
 70
1
 10
37902.8
 20
-29318.428571428572
 10
37997.2
 20
-29318.428571428572
 10
37997.2
 20
-29237.714285714286
 10
37902.8
 20
-29237.714285714286
  0
LWPOLYLINE
  5
B57
330
17
100
AcDbEntity
  8
A-TIMBER
100
AcDbPolyline
 90
4
 70
1
 10
37902.8
 20
-29199.714285714286
 10
37997.2
 20
-29199.714285714286
 10
37997.2
 20
-29119.0
 10
37902.8
 20
-29119.0
  0
LWPOLYLINE
  5
B58
330
17
100
AcDbEntity
  8
A-TIMBER
100
AcDbPolyline
 90
4
 70
1
 10
37902.8
 20
-29081.0
 10
37997.2
 20
-29081.0
 10
37997.2
 20
-29000.285714285714
 10
37902.8
 20
-29000.285714285714
  0
LWPOLYLINE
  5
B59
330
17
100
AcDbEntity
  8
A-TIMBER
100
AcDbPolyline
 90
4
 70
1
 10
37902.8
 20
-28962.285714285714
 10
37997.2
 20
-28962.285714285714
 10
37997.2
 20
-28881.571428571428
 10
37902.8
 20
-28881.571428571428
  0
LWPOLYLINE
  5
B5A
330
17
100
AcDbEntity
  8
A-TIMBER
100
AcDbPolyline
 90
4
 70
1
 10
37902.8
 20
-28843.571428571428
 10
37997.2
 20
-28843.571428571428
 10
37997.2
 20
-28762.85714285714
 10
37902.8
 20
-28762.85714285714
  0
LWPOLYLINE
  5
B5B
330
17
100
AcDbEntity
  8
A-TIMBER
100
AcDbPolyline
 90
4
 70
1
 10
37902.8
 20
-28724.85714285714
 10
37997.2
 20
-28724.85714285714
 10
37997.2
 20
-28644.14285714286
 10
37902.8
 20
-28644.14285714286
  0
LWPOLYLINE
  5
B5C
330
17
100
AcDbEntity
  8
A-TIMBER
100
AcDbPolyline
 90
4
 70
1
 10
37902.8
 20
-28606.14285714286
 10
37997.2
 20
-28606.14285714286
 10
37997.2
 20
-28525.428571428572
 10
37902.8
 20
-28525.428571428572
  0
LWPOLYLINE
  5
B5D
330
17
100
AcDbEntity
  8
A-TIMBER
100
AcDbPolyline
 90
4
 70
1
 10
37902.8
 20
-28487.428571428572
 10
37997.2
 20
-28487.428571428572
 10
37997.2
 20
-28406.714285714286
 10
37902.8
 20
-28406.714285714286
  0
LWPOLYLINE
  5
B5E
330
17
100
AcDbEntity
  8
A-TIMBER
100
AcDbPolyline
 90
4
 70
1
 10
37902.8
 20
-28368.714285714286
 10
37997.2
 20
-28368.714285714286
 10
37997.2
 20
-28288.0
 10
37902.8
 20
-28288.0
  0
LWPOLYLINE
  5
B5F
330
17
100
AcDbEntity
  8
A-TIMBER
100
AcDbPolyline
 90
4
 70
1
 10
38035.2
 20
-29912.0
 10
38129.6
 20
-29912.0
 10
38129.6
 20
-29831.285714285714
 10
38035.2
 20
-29831.285714285714
  0
LWPOLYLINE
  5
B60
330
17
100
AcDbEntity
  8
A-TIMBER
100
AcDbPolyline
 90
4
 70
1
 10
38035.2
 20
-29793.285714285714
 10
38129.6
 20
-29793.285714285714
 10
38129.6
 20
-29712.571428571428
 10
38035.2
 20
-29712.571428571428
  0
LWPOLYLINE
  5
B61
330
17
100
AcDbEntity
  8
A-TIMBER
100
AcDbPolyline
 90
4
 70
1
 10
38035.2
 20
-29674.571428571428
 10
38129.6
 20
-29674.571428571428
 10
38129.6
 20
-29593.85714285714
 10
38035.2
 20
-29593.85714285714
  0
LWPOLYLINE
  5
B62
330
17
100
AcDbEntity
  8
A-TIMBER
100
AcDbPolyline
 90
4
 70
1
 10
38035.2
 20
-29555.85714285714
 10
38129.6
 20
-29555.85714285714
 10
38129.6
 20
-29475.14285714286
 10
38035.2
 20
-29475.14285714286
  0
LWPOLYLINE
  5
B63
330
17
100
AcDbEntity
  8
A-TIMBER
100
AcDbPolyline
 90
4
 70
1
 10
38035.2
 20
-29437.14285714286
 10
38129.6
 20
-29437.14285714286
 10
38129.6
 20
-29356.428571428572
 10
38035.2
 20
-29356.428571428572
  0
LWPOLYLINE
  5
B64
330
17
100
AcDbEntity
  8
A-TIMBER
100
AcDbPolyline
 90
4
 70
1
 10
38035.2
 20
-29318.428571428572
 10
38129.6
 20
-29318.428571428572
 10
38129.6
 20
-29237.714285714286
 10
38035.2
 20
-29237.714285714286
  0
LWPOLYLINE
  5
B65
330
17
100
AcDbEntity
  8
A-TIMBER
100
AcDbPolyline
 90
4
 70
1
 10
38035.2
 20
-29199.714285714286
 10
38129.6
 20
-29199.714285714286
 10
38129.6
 20
-29119.0
 10
38035.2
 20
-29119.0
  0
LWPOLYLINE
  5
B66
330
17
100
AcDbEntity
  8
A-TIMBER
100
AcDbPolyline
 90
4
 70
1
 10
38035.2
 20
-29081.0
 10
38129.6
 20
-29081.0
 10
38129.6
 20
-29000.285714285714
 10
38035.2
 20
-29000.285714285714
  0
LWPOLYLINE
  5
B67
330
17
100
AcDbEntity
  8
A-TIMBER
100
AcDbPolyline
 90
4
 70
1
 10
38035.2
 20
-28962.285714285714
 10
38129.6
 20
-28962.285714285714
 10
38129.6
 20
-28881.571428571428
 10
38035.2
 20
-28881.571428571428
  0
LWPOLYLINE
  5
B68
330
17
100
AcDbEntity
  8
A-TIMBER
100
AcDbPolyline
 90
4
 70
1
 10
38035.2
 20
-28843.571428571428
 10
38129.6
 20
-28843.571428571428
 10
38129.6
 20
-28762.85714285714
 10
38035.2
 20
-28762.85714285714
  0
LWPOLYLINE
  5
B69
330
17
100
AcDbEntity
  8
A-TIMBER
100
AcDbPolyline
 90
4
 70
1
 10
38035.2
 20
-28724.85714285714
 10
38129.6
 20
-28724.85714285714
 10
38129.6
 20
-28644.14285714286
 10
38035.2
 20
-28644.14285714286
  0
LWPOLYLINE
  5
B6A
330
17
100
AcDbEntity
  8
A-TIMBER
100
AcDbPolyline
 90
4
 70
1
 10
38035.2
 20
-28606.14285714286
 10
38129.6
 20
-28606.14285714286
 10
38129.6
 20
-28525.428571428572
 10
38035.2
 20
-28525.428571428572
  0
LWPOLYLINE
  5
B6B
330
17
100
AcDbEntity
  8
A-TIMBER
100
AcDbPolyline
 90
4
 70
1
 10
38035.2
 20
-28487.428571428572
 10
38129.6
 20
-28487.428571428572
 10
38129.6
 20
-28406.714285714286
 10
38035.2
 20
-28406.714285714286
  0
LWPOLYLINE
  5
B6C
330
17
100
AcDbEntity
  8
A-TIMBER
100
AcDbPolyline
 90
4
 70
1
 10
38035.2
 20
-28368.714285714286
 10
38129.6
 20
-28368.714285714286
 10
38129.6
 20
-28288.0
 10
38035.2
 20
-28288.0
  0
LWPOLYLINE
  5
B6D
330
17
100
AcDbEntity
  8
A-TIMBER
100
AcDbPolyline
 90
4
 70
1
 10
38167.6
 20
-29912.0
 10
38262.0
 20
-29912.0
 10
38262.0
 20
-29831.285714285714
 10
38167.6
 20
-29831.285714285714
  0
LWPOLYLINE
  5
B6E
330
17
100
AcDbEntity
  8
A-TIMBER
100
AcDbPolyline
 90
4
 70
1
 10
38167.6
 20
-29793.285714285714
 10
38262.0
 20
-29793.285714285714
 10
38262.0
 20
-29712.571428571428
 10
38167.6
 20
-29712.571428571428
  0
LWPOLYLINE
  5
B6F
330
17
100
AcDbEntity
  8
A-TIMBER
100
AcDbPolyline
 90
4
 70
1
 10
38167.6
 20
-29674.571428571428
 10
38262.0
 20
-29674.571428571428
 10
38262.0
 20
-29593.85714285714
 10
38167.6
 20
-29593.85714285714
  0
LWPOLYLINE
  5
B70
330
17
100
AcDbEntity
  8
A-TIMBER
100
AcDbPolyline
 90
4
 70
1
 10
38167.6
 20
-29555.85714285714
 10
38262.0
 20
-29555.85714285714
 10
38262.0
 20
-29475.14285714286
 10
38167.6
 20
-29475.14285714286
  0
LWPOLYLINE
  5
B71
330
17
100
AcDbEntity
  8
A-TIMBER
100
AcDbPolyline
 90
4
 70
1
 10
38167.6
 20
-29437.14285714286
 10
38262.0
 20
-29437.14285714286
 10
38262.0
 20
-29356.428571428572
 10
38167.6
 20
-29356.428571428572
  0
LWPOLYLINE
  5
B72
330
17
100
AcDbEntity
  8
A-TIMBER
100
AcDbPolyline
 90
4
 70
1
 10
38167.6
 20
-29318.428571428572
 10
38262.0
 20
-29318.428571428572
 10
38262.0
 20
-29237.714285714286
 10
38167.6
 20
-29237.714285714286
  0
LWPOLYLINE
  5
B73
330
17
100
AcDbEntity
  8
A-TIMBER
100
AcDbPolyline
 90
4
 70
1
 10
38167.6
 20
-29199.714285714286
 10
38262.0
 20
-29199.714285714286
 10
38262.0
 20
-29119.0
 10
38167.6
 20
-29119.0
  0
LWPOLYLINE
  5
B74
330
17
100
AcDbEntity
  8
A-TIMBER
100
AcDbPolyline
 90
4
 70
1
 10
38167.6
 20
-29081.0
 10
38262.0
 20
-29081.0
 10
38262.0
 20
-29000.285714285714
 10
38167.6
 20
-29000.285714285714
  0
LWPOLYLINE
  5
B75
330
17
100
AcDbEntity
  8
A-TIMBER
100
AcDbPolyline
 90
4
 70
1
 10
38167.6
 20
-28962.285714285714
 10
38262.0
 20
-28962.285714285714
 10
38262.0
 20
-28881.571428571428
 10
38167.6
 20
-28881.571428571428
  0
LWPOLYLINE
  5
B76
330
17
100
AcDbEntity
  8
A-TIMBER
100
AcDbPolyline
 90
4
 70
1
 10
38167.6
 20
-28843.571428571428
 10
38262.0
 20
-28843.571428571428
 10
38262.0
 20
-28762.85714285714
 10
38167.6
 20
-28762.85714285714
  0
LWPOLYLINE
  5
B77
330
17
100
AcDbEntity
  8
A-TIMBER
100
AcDbPolyline
 90
4
 70
1
 10
38167.6
 20
-28724.85714285714
 10
38262.0
 20
-28724.85714285714
 10
38262.0
 20
-28644.14285714286
 10
38167.6
 20
-28644.14285714286
  0
LWPOLYLINE
  5
B78
330
17
100
AcDbEntity
  8
A-TIMBER
100
AcDbPolyline
 90
4
 70
1
 10
38167.6
 20
-28606.14285714286
 10
38262.0
 20
-28606.14285714286
 10
38262.0
 20
-28525.428571428572
 10
38167.6
 20
-28525.428571428572
  0
LWPOLYLINE
  5
B79
330
17
100
AcDbEntity
  8
A-TIMBER
100
AcDbPolyline
 90
4
 70
1
 10
38167.6
 20
-28487.428571428572
 10
38262.0
 20
-28487.428571428572
 10
38262.0
 20
-28406.714285714286
 10
38167.6
 20
-28406.714285714286
  0
LWPOLYLINE
  5
B7A
330
17
100
AcDbEntity
  8
A-TIMBER
100
AcDbPolyline
 90
4
 70
1
 10
38167.6
 20
-28368.714285714286
 10
38262.0
 20
-28368.714285714286
 10
38262.0
 20
-28288.0
 10
38167.6
 20
-28288.0
  0
LWPOLYLINE
  5
B7B
330
17
100
AcDbEntity
  8
A-WALL
100
AcDbPolyline
 90
4
 70
1
 10
36510.0
 20
-29940.0
 10
37490.0
 20
-29940.0
 10
37490.0
 20
-28260.0
 10
36510.0
 20
-28260.0
  0
TEXT
  5
B7C
330
17
100
AcDbEntity
  8
A-TEXT
100
AcDbText
 10
37000.0
 20
-28080.0
 30
0.0
 40
50.4
  1
G01 gate
 72
1
 11
37000.0
 21
-28080.0
 31
0.0
100
AcDbText
 73
1
  0
LWPOLYLINE
  5
B7D
330
17
100
AcDbEntity
  8
A-WALL
100
AcDbPolyline
 90
4
 70
1
 10
30000.0
 20
-27350.0
 10
33150.0
 20
-27350.0
 10
33150.0
 20
-26980.0
 10
30000.0
 20
-26980.0
  0
TEXT
  5
B7E
330
17
100
AcDbEntity
  8
A-TEXT
100
AcDbText
 10
31575.0
 20
-27230.0
 30
0.0
 40
46.8
  1
CANOPY (cut at X = 1100) — see A-300
 72
1
 11
31575.0
 21
-27230.0
 31
0.0
100
AcDbText
 73
1
  0
LWPOLYLINE
  5
B7F
330
17
100
AcDbEntity
  8
A-WALL
  6
DASHED
100
AcDbPolyline
 90
4
 70
1
 10
32050.0
 20
-30385.0
 10
32350.0
 20
-30385.0
 10
32350.0
 20
-30085.0
 10
32050.0
 20
-30085.0
  0
LWPOLYLINE
  5
B80
330
17
100
AcDbEntity
  8
A-WALL
  6
DASHED
100
AcDbPolyline
 90
4
 70
1
 10
36050.0
 20
-30385.0
 10
36350.0
 20
-30385.0
 10
36350.0
 20
-30085.0
 10
36050.0
 20
-30085.0
  0
LINE
  5
B81
330
17
100
AcDbEntity
  8
A-DIMS
100
AcDbLine
 10
30000.0
 20
-30440.0
 30
0.0
 11
30000.0
 21
-30695.0
 31
0.0
  0
LINE
  5
B82
330
17
100
AcDbEntity
  8
A-DIMS
100
AcDbLine
 10
32200.0
 20
-30440.0
 30
0.0
 11
32200.0
 21
-30695.0
 31
0.0
  0
LINE
  5
B83
330
17
100
AcDbEntity
  8
A-DIMS
100
AcDbLine
 10
30000.0
 20
-30650.0
 30
0.0
 11
32200.0
 21
-30650.0
 31
0.0
  0
TEXT
  5
B84
330
17
100
AcDbEntity
  8
A-DIMS
100
AcDbText
 10
31100.0
 20
-30650.0
 30
0.0
 40
54.0
  1
2200
 72
1
 11
31100.0
 21
-30650.0
 31
0.0
100
AcDbText
 73
1
  0
LINE
  5
B85
330
17
100
AcDbEntity
  8
A-DIMS
100
AcDbLine
 10
32200.0
 20
-30440.0
 30
0.0
 11
32200.0
 21
-30695.0
 31
0.0
  0
LINE
  5
B86
330
17
100
AcDbEntity
  8
A-DIMS
100
AcDbLine
 10
35400.0
 20
-30440.0
 30
0.0
 11
35400.0
 21
-30695.0
 31
0.0
  0
LINE
  5
B87
330
17
100
AcDbEntity
  8
A-DIMS
100
AcDbLine
 10
32200.0
 20
-30650.0
 30
0.0
 11
35400.0
 21
-30650.0
 31
0.0
  0
TEXT
  5
B88
330
17
100
AcDbEntity
  8
A-DIMS
100
AcDbText
 10
33800.0
 20
-30650.0
 30
0.0
 40
54.0
  1
3200
 72
1
 11
33800.0
 21
-30650.0
 31
0.0
100
AcDbText
 73
1
  0
LINE
  5
B89
330
17
100
AcDbEntity
  8
A-DIMS
100
AcDbLine
 10
35400.0
 20
-30440.0
 30
0.0
 11
35400.0
 21
-30695.0
 31
0.0
  0
LINE
  5
B8A
330
17
100
AcDbEntity
  8
A-DIMS
100
AcDbLine
 10
36500.0
 20
-30440.0
 30
0.0
 11
36500.0
 21
-30695.0
 31
0.0
  0
LINE
  5
B8B
330
17
100
AcDbEntity
  8
A-DIMS
100
AcDbLine
 10
35400.0
 20
-30650.0
 30
0.0
 11
36500.0
 21
-30650.0
 31
0.0
  0
TEXT
  5
B8C
330
17
100
AcDbEntity
  8
A-DIMS
100
AcDbText
 10
35950.0
 20
-30650.0
 30
0.0
 40
54.0
  1
1100
 72
1
 11
35950.0
 21
-30650.0
 31
0.0
100
AcDbText
 73
1
  0
LINE
  5
B8D
330
17
100
AcDbEntity
  8
A-DIMS
100
AcDbLine
 10
36500.0
 20
-30440.0
 30
0.0
 11
36500.0
 21
-30695.0
 31
0.0
  0
LINE
  5
B8E
330
17
100
AcDbEntity
  8
A-DIMS
100
AcDbLine
 10
37500.0
 20
-30440.0
 30
0.0
 11
37500.0
 21
-30695.0
 31
0.0
  0
LINE
  5
B8F
330
17
100
AcDbEntity
  8
A-DIMS
100
AcDbLine
 10
36500.0
 20
-30650.0
 30
0.0
 11
37500.0
 21
-30650.0
 31
0.0
  0
TEXT
  5
B90
330
17
100
AcDbEntity
  8
A-DIMS
100
AcDbText
 10
37000.0
 20
-30650.0
 30
0.0
 40
54.0
  1
1000
 72
1
 11
37000.0
 21
-30650.0
 31
0.0
100
AcDbText
 73
1
  0
LINE
  5
B91
330
17
100
AcDbEntity
  8
A-DIMS
100
AcDbLine
 10
37500.0
 20
-30440.0
 30
0.0
 11
37500.0
 21
-30695.0
 31
0.0
  0
LINE
  5
B92
330
17
100
AcDbEntity
  8
A-DIMS
100
AcDbLine
 10
38400.0
 20
-30440.0
 30
0.0
 11
38400.0
 21
-30695.0
 31
0.0
  0
LINE
  5
B93
330
17
100
AcDbEntity
  8
A-DIMS
100
AcDbLine
 10
37500.0
 20
-30650.0
 30
0.0
 11
38400.0
 21
-30650.0
 31
0.0
  0
TEXT
  5
B94
330
17
100
AcDbEntity
  8
A-DIMS
100
AcDbText
 10
37950.0
 20
-30650.0
 30
0.0
 40
54.0
  1
900
 72
1
 11
37950.0
 21
-30650.0
 31
0.0
100
AcDbText
 73
1
  0
LINE
  5
B95
330
17
100
AcDbEntity
  8
A-DIMS
100
AcDbLine
 10
30000.0
 20
-30440.0
 30
0.0
 11
30000.0
 21
-30945.0
 31
0.0
  0
LINE
  5
B96
330
17
100
AcDbEntity
  8
A-DIMS
100
AcDbLine
 10
38400.0
 20
-30440.0
 30
0.0
 11
38400.0
 21
-30945.0
 31
0.0
  0
LINE
  5
B97
330
17
100
AcDbEntity
  8
A-DIMS
100
AcDbLine
 10
30000.0
 20
-30900.0
 30
0.0
 11
38400.0
 21
-30900.0
 31
0.0
  0
TEXT
  5
B98
330
17
100
AcDbEntity
  8
A-DIMS
100
AcDbText
 10
34200.0
 20
-30900.0
 30
0.0
 40
54.0
  1
8400
 72
1
 11
34200.0
 21
-30900.0
 31
0.0
100
AcDbText
 73
1
  0
HATCH
  5
B99
330
17
100
AcDbEntity
  8
A-HATCH
 62
253
100
AcDbHatch
 10
0.0
 20
0.0
 30
0.0
210
0.0
220
0.0
230
1.0
  2
SOLID
 70
1
 71
0
 91
1
 92
3
 72
0
 73
1
 93
6
 10
-3750.0
 20
-40025.0
 10
-200.0
 20
-40025.0
 10
-130.0
 20
-40015.0
 10
-130.0
 20
-40075.0
 10
-200.0
 20
-40085.0
 10
-3750.0
 20
-40085.0
 97
0
 75
0
 76
1
 98
0
  0
LWPOLYLINE
  5
B9A
330
17
100
AcDbEntity
  8
A-WALL
100
AcDbPolyline
 90
6
 70
1
 10
-3750.0
 20
-40025.0
 10
-200.0
 20
-40025.0
 10
-130.0
 20
-40015.0
 10
-130.0
 20
-40075.0
 10
-200.0
 20
-40085.0
 10
-3750.0
 20
-40085.0
  0
HATCH
  5
B9B
330
17
100
AcDbEntity
  8
A-HATCH
 62
8
100
AcDbHatch
 10
0.0
 20
0.0
 30
0.0
210
0.0
220
0.0
230
1.0
  2
SOLID
 70
1
 71
0
 91
1
 92
3
 72
0
 73
1
 93
6
 10
-3750.0
 20
-40085.0
 10
-200.0
 20
-40085.0
 10
-130.0
 20
-40075.0
 10
-130.0
 20
-40105.0
 10
-200.0
 20
-40115.0
 10
-3750.0
 20
-40115.0
 97
0
 75
0
 76
1
 98
0
  0
LWPOLYLINE
  5
B9C
330
17
100
AcDbEntity
  8
A-WALL
100
AcDbPolyline
 90
6
 70
1
 10
-3750.0
 20
-40085.0
 10
-200.0
 20
-40085.0
 10
-130.0
 20
-40075.0
 10
-130.0
 20
-40105.0
 10
-200.0
 20
-40115.0
 10
-3750.0
 20
-40115.0
  0
HATCH
  5
B9D
330
17
100
AcDbEntity
  8
A-HATCH
 62
8
100
AcDbHatch
 10
0.0
 20
0.0
 30
0.0
210
0.0
220
0.0
230
1.0
  2
SOLID
 70
1
 71
0
 91
1
 92
3
 72
0
 73
1
 93
6
 10
-3750.0
 20
-40115.0
 10
-200.0
 20
-40115.0
 10
-130.0
 20
-40105.0
 10
-130.0
 20
-40255.0
 10
-200.0
 20
-40265.0
 10
-3750.0
 20
-40265.0
 97
0
 75
0
 76
1
 98
0
  0
LWPOLYLINE
  5
B9E
330
17
100
AcDbEntity
  8
A-WALL
100
AcDbPolyline
 90
6
 70
1
 10
-3750.0
 20
-40115.0
 10
-200.0
 20
-40115.0
 10
-130.0
 20
-40105.0
 10
-130.0
 20
-40255.0
 10
-200.0
 20
-40265.0
 10
-3750.0
 20
-40265.0
  0
HATCH
  5
B9F
330
17
100
AcDbEntity
  8
A-HATCH
 62
7
100
AcDbHatch
 10
0.0
 20
0.0
 30
0.0
210
0.0
220
0.0
230
1.0
  2
EARTH
 70
0
 71
0
 91
1
 92
3
 72
0
 73
1
 93
6
 10
-3750.0
 20
-40265.0
 10
-200.0
 20
-40265.0
 10
-130.0
 20
-40255.0
 10
-130.0
 20
-40575.0
 10
-200.0
 20
-40585.0
 10
-3750.0
 20
-40585.0
 97
0
 75
1
 76
1
 52
0.0
 41
2.0
 77
0
 78
6
 53
0.0
 43
0.0
 44
0.0
 45
12.7
 46
12.7
 79
2
 49
12.7
 49
-12.7
 53
0.0
 43
0.0
 44
4.7625
 45
12.7
 46
12.7
 79
2
 49
12.7
 49
-12.7
 53
0.0
 43
0.0
 44
9.525
 45
12.7
 46
12.7
 79
2
 49
12.7
 49
-12.7
 53
90.0
 43
1.5875
 44
11.1125
 45
-12.7
 46
12.7
 79
2
 49
12.7
 49
-12.7
 53
90.0
 43
6.35
 44
11.1125
 45
-12.7
 46
12.7
 79
2
 49
12.7
 49
-12.7
 53
90.0
 43
11.1125
 44
11.1125
 45
-12.7
 46
12.7
 79
2
 49
12.7
 49
-12.7
 98
0
  0
LWPOLYLINE
  5
BA0
330
17
100
AcDbEntity
  8
A-WALL
100
AcDbPolyline
 90
6
 70
1
 10
-3750.0
 20
-40265.0
 10
-200.0
 20
-40265.0
 10
-130.0
 20
-40255.0
 10
-130.0
 20
-40575.0
 10
-200.0
 20
-40585.0
 10
-3750.0
 20
-40585.0
  0
LWPOLYLINE
  5
BA1
330
17
100
AcDbEntity
  8
A-WALL
  6
DASHED
100
AcDbPolyline
 90
3
 70
0
 10
-3750.0
 20
-40265.0
 10
-200.0
 20
-40265.0
 10
-130.0
 20
-40255.0
  0
LWPOLYLINE
  5
BA2
330
17
100
AcDbEntity
  8
A-WALL
100
AcDbPolyline
 90
3
 70
0
 10
-3750.0
 20
-40025.0
 10
-200.0
 20
-40025.0
 10
-130.0
 20
-40015.0
  0
LINE
  5
BA3
330
17
100
AcDbEntity
  8
A-WALL
100
AcDbLine
 10
-3550.0
 20
-40025.0
 30
0.0
 11
-3550.0
 21
-40085.0
 31
0.0
  0
LINE
  5
BA4
330
17
100
AcDbEntity
  8
A-WALL
100
AcDbLine
 10
-3550.0
 20
-40025.0
 30
0.0
 11
-3550.0
 21
-40085.0
 31
0.0
  0
LINE
  5
BA5
330
17
100
AcDbEntity
  8
A-WALL
100
AcDbLine
 10
-3350.0
 20
-40025.0
 30
0.0
 11
-3350.0
 21
-40085.0
 31
0.0
  0
LINE
  5
BA6
330
17
100
AcDbEntity
  8
A-WALL
100
AcDbLine
 10
-3350.0
 20
-40025.0
 30
0.0
 11
-3350.0
 21
-40085.0
 31
0.0
  0
LINE
  5
BA7
330
17
100
AcDbEntity
  8
A-WALL
100
AcDbLine
 10
-3150.0
 20
-40025.0
 30
0.0
 11
-3150.0
 21
-40085.0
 31
0.0
  0
LINE
  5
BA8
330
17
100
AcDbEntity
  8
A-WALL
100
AcDbLine
 10
-3150.0
 20
-40025.0
 30
0.0
 11
-3150.0
 21
-40085.0
 31
0.0
  0
LINE
  5
BA9
330
17
100
AcDbEntity
  8
A-WALL
100
AcDbLine
 10
-2950.0
 20
-40025.0
 30
0.0
 11
-2950.0
 21
-40085.0
 31
0.0
  0
LINE
  5
BAA
330
17
100
AcDbEntity
  8
A-WALL
100
AcDbLine
 10
-2950.0
 20
-40025.0
 30
0.0
 11
-2950.0
 21
-40085.0
 31
0.0
  0
LINE
  5
BAB
330
17
100
AcDbEntity
  8
A-WALL
100
AcDbLine
 10
-2750.0
 20
-40025.0
 30
0.0
 11
-2750.0
 21
-40085.0
 31
0.0
  0
LINE
  5
BAC
330
17
100
AcDbEntity
  8
A-WALL
100
AcDbLine
 10
-2750.0
 20
-40025.0
 30
0.0
 11
-2750.0
 21
-40085.0
 31
0.0
  0
LINE
  5
BAD
330
17
100
AcDbEntity
  8
A-WALL
100
AcDbLine
 10
-2550.0
 20
-40025.0
 30
0.0
 11
-2550.0
 21
-40085.0
 31
0.0
  0
LINE
  5
BAE
330
17
100
AcDbEntity
  8
A-WALL
100
AcDbLine
 10
-2550.0
 20
-40025.0
 30
0.0
 11
-2550.0
 21
-40085.0
 31
0.0
  0
LINE
  5
BAF
330
17
100
AcDbEntity
  8
A-WALL
100
AcDbLine
 10
-2350.0
 20
-40025.0
 30
0.0
 11
-2350.0
 21
-40085.0
 31
0.0
  0
LINE
  5
BB0
330
17
100
AcDbEntity
  8
A-WALL
100
AcDbLine
 10
-2350.0
 20
-40025.0
 30
0.0
 11
-2350.0
 21
-40085.0
 31
0.0
  0
LINE
  5
BB1
330
17
100
AcDbEntity
  8
A-WALL
100
AcDbLine
 10
-2150.0
 20
-40025.0
 30
0.0
 11
-2150.0
 21
-40085.0
 31
0.0
  0
LINE
  5
BB2
330
17
100
AcDbEntity
  8
A-WALL
100
AcDbLine
 10
-2150.0
 20
-40025.0
 30
0.0
 11
-2150.0
 21
-40085.0
 31
0.0
  0
LINE
  5
BB3
330
17
100
AcDbEntity
  8
A-WALL
100
AcDbLine
 10
-1950.0
 20
-40025.0
 30
0.0
 11
-1950.0
 21
-40085.0
 31
0.0
  0
LINE
  5
BB4
330
17
100
AcDbEntity
  8
A-WALL
100
AcDbLine
 10
-1950.0
 20
-40025.0
 30
0.0
 11
-1950.0
 21
-40085.0
 31
0.0
  0
LINE
  5
BB5
330
17
100
AcDbEntity
  8
A-WALL
100
AcDbLine
 10
-1750.0
 20
-40025.0
 30
0.0
 11
-1750.0
 21
-40085.0
 31
0.0
  0
LINE
  5
BB6
330
17
100
AcDbEntity
  8
A-WALL
100
AcDbLine
 10
-1750.0
 20
-40025.0
 30
0.0
 11
-1750.0
 21
-40085.0
 31
0.0
  0
LINE
  5
BB7
330
17
100
AcDbEntity
  8
A-WALL
100
AcDbLine
 10
-1550.0
 20
-40025.0
 30
0.0
 11
-1550.0
 21
-40085.0
 31
0.0
  0
LINE
  5
BB8
330
17
100
AcDbEntity
  8
A-WALL
100
AcDbLine
 10
-1550.0
 20
-40025.0
 30
0.0
 11
-1550.0
 21
-40085.0
 31
0.0
  0
LINE
  5
BB9
330
17
100
AcDbEntity
  8
A-WALL
100
AcDbLine
 10
-1350.0
 20
-40025.0
 30
0.0
 11
-1350.0
 21
-40085.0
 31
0.0
  0
LINE
  5
BBA
330
17
100
AcDbEntity
  8
A-WALL
100
AcDbLine
 10
-1350.0
 20
-40025.0
 30
0.0
 11
-1350.0
 21
-40085.0
 31
0.0
  0
LINE
  5
BBB
330
17
100
AcDbEntity
  8
A-WALL
100
AcDbLine
 10
-1150.0
 20
-40025.0
 30
0.0
 11
-1150.0
 21
-40085.0
 31
0.0
  0
LINE
  5
BBC
330
17
100
AcDbEntity
  8
A-WALL
100
AcDbLine
 10
-1150.0
 20
-40025.0
 30
0.0
 11
-1150.0
 21
-40085.0
 31
0.0
  0
LINE
  5
BBD
330
17
100
AcDbEntity
  8
A-WALL
100
AcDbLine
 10
-950.0
 20
-40025.0
 30
0.0
 11
-950.0
 21
-40085.0
 31
0.0
  0
LINE
  5
BBE
330
17
100
AcDbEntity
  8
A-WALL
100
AcDbLine
 10
-950.0
 20
-40025.0
 30
0.0
 11
-950.0
 21
-40085.0
 31
0.0
  0
LINE
  5
BBF
330
17
100
AcDbEntity
  8
A-WALL
100
AcDbLine
 10
-750.0
 20
-40025.0
 30
0.0
 11
-750.0
 21
-40085.0
 31
0.0
  0
LINE
  5
BC0
330
17
100
AcDbEntity
  8
A-WALL
100
AcDbLine
 10
-750.0
 20
-40025.0
 30
0.0
 11
-750.0
 21
-40085.0
 31
0.0
  0
LINE
  5
BC1
330
17
100
AcDbEntity
  8
A-WALL
100
AcDbLine
 10
-550.0
 20
-40025.0
 30
0.0
 11
-550.0
 21
-40085.0
 31
0.0
  0
LINE
  5
BC2
330
17
100
AcDbEntity
  8
A-WALL
100
AcDbLine
 10
-550.0
 20
-40025.0
 30
0.0
 11
-550.0
 21
-40085.0
 31
0.0
  0
LINE
  5
BC3
330
17
100
AcDbEntity
  8
A-WALL
100
AcDbLine
 10
-350.0
 20
-40025.0
 30
0.0
 11
-350.0
 21
-40085.0
 31
0.0
  0
LINE
  5
BC4
330
17
100
AcDbEntity
  8
A-WALL
100
AcDbLine
 10
-350.0
 20
-40025.0
 30
0.0
 11
-350.0
 21
-40085.0
 31
0.0
  0
LINE
  5
BC5
330
17
100
AcDbEntity
  8
A-WALL
100
AcDbLine
 10
-150.0
 20
-40017.857142857145
 30
0.0
 11
-150.0
 21
-40077.857142857145
 31
0.0
  0
LINE
  5
BC6
330
17
100
AcDbEntity
  8
A-WALL
100
AcDbLine
 10
-150.0
 20
-40017.857142857145
 30
0.0
 11
-150.0
 21
-40077.857142857145
 31
0.0
  0
HATCH
  5
BC7
330
17
100
AcDbEntity
  8
A-HATCH
 62
7
100
AcDbHatch
 10
0.0
 20
0.0
 30
0.0
210
0.0
220
0.0
230
1.0
  2
AR-CONC
 70
0
 71
0
 91
1
 92
3
 72
0
 73
1
 93
4
 10
-230.0
 20
-40345.0
 10
70.0
 20
-40345.0
 10
70.0
 20
-40030.0
 10
-230.0
 20
-40030.0
 97
0
 75
1
 76
1
 52
0.0
 41
2.0
 77
0
 78
13
 53
50.0
 43
0.0
 44
0.0
 45
364.369337992
 46
-31.8781710778
 79
2
 49
38.1
 49
-419.1
 53
355.0
 43
0.0
 44
0.0
 45
-70.48684285
 46
382.113690478
 79
2
 49
30.48
 49
-335.28116834
 53
100.4514447
 43
30.364014
 44
-2.656507
 45
293.8824941808
 46
350.2355038244
 79
2
 49
32.3800176
 49
-356.1804892
 53
46.1842
 43
0.0
 44
101.6
 45
542.1580817842
 46
-84.0846558654
 79
2
 49
57.15
 49
-628.65
 53
96.63555761
 43
45.1798
 44
94.593
 45
474.808268103
 46
494.8522491954
 79
2
 49
48.57004628
 49
-534.27121632
 53
351.18415117
 43
0.0
 44
101.6
 45
474.80826813
 46
494.852249171
 79
2
 49
45.71993414
 49
-502.91946384
 53
21.0
 43
50.8
 44
76.2
 45
303.2287825382
 46
-204.5303963742
 79
2
 49
38.1
 49
-419.1
 53
326.0
 43
50.8
 44
76.2
 45
123.6040566952
 46
368.3759322446
 79
2
 49
30.48
 49
-335.28
 53
71.451445
 43
76.0690652
 44
59.1558002
 45
426.8328385574
 46
163.8455377718
 79
2
 49
32.3800176
 49
-356.1798752
 53
37.5
 43
0.0
 44
0.0
 45
6.1772065012
 46
169.1100777464
 79
6
 49
0.0
 49
-331.216
 49
0.0
 49
-340.36
 49
0.0
 49
-336.55
 53
7.5
 43
0.0
 44
0.0
 45
133.6393250206
 46
200.3611496362
 79
6
 49
0.0
 49
-194.056
 49
0.0
 49
-323.596
 49
0.0
 49
-128.27
 53
-32.5
 43
-113.284
 44
0.0
 45
271.1811903338
 46
-11.4574879854
 79
6
 49
0.0
 49
-127.0
 49
0.0
 49
-396.24
 49
0.0
 49
-525.78
 53
-42.5
 43
-164.084
 44
0.0
 45
296.258362772
 46
50.8529820666
 79
6
 49
0.0
 49
-165.1
 49
0.0
 49
-263.144
 49
0.0
 49
-373.38
 98
0
  0
LWPOLYLINE
  5
BC8
330
17
100
AcDbEntity
  8
A-WALL
100
AcDbPolyline
 90
4
 70
1
 10
-230.0
 20
-40345.0
 10
70.0
 20
-40345.0
 10
70.0
 20
-40030.0
 10
-230.0
 20
-40030.0
  0
HATCH
  5
BC9
330
17
100
AcDbEntity
  8
A-HATCH
 62
253
100
AcDbHatch
 10
0.0
 20
0.0
 30
0.0
210
0.0
220
0.0
230
1.0
  2
SOLID
 70
1
 71
0
 91
1
 92
3
 72
0
 73
1
 93
4
 10
-130.0
 20
-40245.0
 10
-30.0
 20
-40245.0
 10
-30.0
 20
-40015.0
 10
-130.0
 20
-40015.0
 97
0
 75
0
 76
1
 98
0
  0
LWPOLYLINE
  5
BCA
330
17
100
AcDbEntity
  8
A-WALL
100
AcDbPolyline
 90
4
 70
1
 10
-130.0
 20
-40245.0
 10
-30.0
 20
-40245.0
 10
-30.0
 20
-40015.0
 10
-130.0
 20
-40015.0
  0
LWPOLYLINE
  5
BCB
330
17
100
AcDbEntity
  8
A-WALL
100
AcDbPolyline
 90
4
 70
1
 10
-122.0
 20
-40237.0
 10
-38.0
 20
-40237.0
 10
-38.0
 20
-40037.0
 10
-122.0
 20
-40037.0
  0
LWPOLYLINE
  5
BCC
330
17
100
AcDbEntity
  8
A-WALL
100
AcDbPolyline
 90
4
 70
1
 10
-86.0
 20
-40037.0
 10
-74.0
 20
-40037.0
 10
-74.0
 20
-40015.0
 10
-86.0
 20
-40015.0
  0
HATCH
  5
BCD
330
17
100
AcDbEntity
  8
A-HATCH
 62
8
100
AcDbHatch
 10
0.0
 20
0.0
 30
0.0
210
0.0
220
0.0
230
1.0
  2
SOLID
 70
1
 71
0
 91
1
 92
3
 72
0
 73
1
 93
4
 10
300.0
 20
-40070.0
 10
1300.0
 20
-40070.0
 10
1300.0
 20
-40000.0
 10
300.0
 20
-40000.0
 97
0
 75
0
 76
1
 98
0
  0
LWPOLYLINE
  5
BCE
330
17
100
AcDbEntity
  8
A-WALL
100
AcDbPolyline
 90
4
 70
1
 10
300.0
 20
-40070.0
 10
1300.0
 20
-40070.0
 10
1300.0
 20
-40000.0
 10
300.0
 20
-40000.0
  0
HATCH
  5
BCF
330
17
100
AcDbEntity
  8
A-HATCH
 62
7
100
AcDbHatch
 10
0.0
 20
0.0
 30
0.0
210
0.0
220
0.0
230
1.0
  2
ANSI31
 70
0
 71
0
 91
1
 92
3
 72
0
 73
1
 93
4
 10
300.0
 20
-40220.0
 10
1300.0
 20
-40220.0
 10
1300.0
 20
-40070.0
 10
300.0
 20
-40070.0
 97
0
 75
1
 76
1
 52
0.0
 41
2.0
 77
0
 78
1
 53
45.0
 43
0.0
 44
0.0
 45
-4.4901280606
 46
4.4901280606
 79
0
 98
0
  0
LWPOLYLINE
  5
BD0
330
17
100
AcDbEntity
  8
A-WALL
100
AcDbPolyline
 90
4
 70
1
 10
300.0
 20
-40220.0
 10
1300.0
 20
-40220.0
 10
1300.0
 20
-40070.0
 10
300.0
 20
-40070.0
  0
HATCH
  5
BD1
330
17
100
AcDbEntity
  8
A-HATCH
 62
7
100
AcDbHatch
 10
0.0
 20
0.0
 30
0.0
210
0.0
220
0.0
230
1.0
  2
ANSI31
 70
0
 71
0
 91
1
 92
3
 72
0
 73
1
 93
4
 10
0.0
 20
-40900.0
 10
300.0
 20
-40900.0
 10
300.0
 20
-40000.0
 10
0.0
 20
-40000.0
 97
0
 75
1
 76
1
 52
0.0
 41
2.0
 77
0
 78
1
 53
45.0
 43
0.0
 44
0.0
 45
-4.4901280606
 46
4.4901280606
 79
0
 98
0
  0
LWPOLYLINE
  5
BD2
330
17
100
AcDbEntity
  8
A-WALL
100
AcDbPolyline
 90
4
 70
1
 10
0.0
 20
-40900.0
 10
300.0
 20
-40900.0
 10
300.0
 20
-40000.0
 10
0.0
 20
-40000.0
  0
LWPOLYLINE
  5
BD3
330
17
100
AcDbEntity
  8
A-WALL
  6
DASHED
100
AcDbPolyline
 90
4
 70
1
 10
-150.0
 20
-41100.0
 10
450.0
 20
-41100.0
 10
450.0
 20
-40850.0
 10
-150.0
 20
-40850.0
  0
TEXT
  5
BD4
330
17
100
AcDbEntity
  8
A-TEXT
100
AcDbText
 10
150.0
 20
-41050.0
 30
0.0
 40
17.28
  1
existing ftg (verify)
 72
1
 11
150.0
 21
-41050.0
 31
0.0
100
AcDbText
 73
1
  0
LWPOLYLINE
  5
BD5
330
17
100
AcDbEntity
  8
A-WALL
100
AcDbPolyline
 90
4
 70
1
 10
90.0
 20
-40015.0
 10
210.0
 20
-40015.0
 10
210.0
 20
-39980.0
 10
90.0
 20
-39980.0
  0
LWPOLYLINE
  5
BD6
330
17
100
AcDbEntity
  8
A-WALL
100
AcDbPolyline
 90
4
 70
1
 10
120.0
 20
-39980.0
 10
180.0
 20
-39980.0
 10
180.0
 20
-37670.0
 10
120.0
 20
-37670.0
  0
HATCH
  5
BD7
330
17
100
AcDbEntity
  8
A-HATCH
 62
8
100
AcDbHatch
 10
0.0
 20
0.0
 30
0.0
210
0.0
220
0.0
230
1.0
  2
SOLID
 70
1
 71
0
 91
1
 92
3
 72
0
 73
1
 93
4
 10
140.0
 20
-39910.0
 10
160.0
 20
-39910.0
 10
160.0
 20
-37740.0
 10
140.0
 20
-37740.0
 97
0
 75
0
 76
1
 98
0
  0
LWPOLYLINE
  5
BD8
330
17
100
AcDbEntity
  8
A-WALL
100
AcDbPolyline
 90
4
 70
1
 10
140.0
 20
-39910.0
 10
160.0
 20
-39910.0
 10
160.0
 20
-37740.0
 10
140.0
 20
-37740.0
  0
LWPOLYLINE
  5
BD9
330
17
100
AcDbEntity
  8
A-WALL
100
AcDbPolyline
 90
4
 70
1
 10
90.0
 20
-37670.0
 10
210.0
 20
-37670.0
 10
210.0
 20
-37600.0
 10
90.0
 20
-37600.0
  0
HATCH
  5
BDA
330
17
100
AcDbEntity
  8
A-HATCH
 62
7
100
AcDbHatch
 10
0.0
 20
0.0
 30
0.0
210
0.0
220
0.0
230
1.0
  2
ANSI31
 70
0
 71
0
 91
1
 92
3
 72
0
 73
1
 93
4
 10
0.0
 20
-37600.0
 10
300.0
 20
-37600.0
 10
300.0
 20
-37050.0
 10
0.0
 20
-37050.0
 97
0
 75
1
 76
1
 52
0.0
 41
2.0
 77
0
 78
1
 53
45.0
 43
0.0
 44
0.0
 45
-4.4901280606
 46
4.4901280606
 79
0
 98
0
  0
LWPOLYLINE
  5
BDB
330
17
100
AcDbEntity
  8
A-WALL
100
AcDbPolyline
 90
4
 70
1
 10
0.0
 20
-37600.0
 10
300.0
 20
-37600.0
 10
300.0
 20
-37050.0
 10
0.0
 20
-37050.0
  0
HATCH
  5
BDC
330
17
100
AcDbEntity
  8
A-HATCH
 62
7
100
AcDbHatch
 10
0.0
 20
0.0
 30
0.0
210
0.0
220
0.0
230
1.0
  2
ANSI31
 70
0
 71
0
 91
1
 92
3
 72
0
 73
1
 93
4
 10
0.0
 20
-37050.0
 10
1300.0
 20
-37050.0
 10
1300.0
 20
-36850.0
 10
0.0
 20
-36850.0
 97
0
 75
1
 76
1
 52
0.0
 41
2.0
 77
0
 78
1
 53
45.0
 43
0.0
 44
0.0
 45
-4.4901280606
 46
4.4901280606
 79
0
 98
0
  0
LWPOLYLINE
  5
BDD
330
17
100
AcDbEntity
  8
A-WALL
100
AcDbPolyline
 90
4
 70
1
 10
0.0
 20
-37050.0
 10
1300.0
 20
-37050.0
 10
1300.0
 20
-36850.0
 10
0.0
 20
-36850.0
  0
HATCH
  5
BDE
330
17
100
AcDbEntity
  8
A-HATCH
 62
7
100
AcDbHatch
 10
0.0
 20
0.0
 30
0.0
210
0.0
220
0.0
230
1.0
  2
ANSI31
 70
0
 71
0
 91
1
 92
3
 72
0
 73
1
 93
4
 10
0.0
 20
-36850.0
 10
300.0
 20
-36850.0
 10
300.0
 20
-36640.0
 10
0.0
 20
-36640.0
 97
0
 75
1
 76
1
 52
0.0
 41
2.0
 77
0
 78
1
 53
45.0
 43
0.0
 44
0.0
 45
-4.4901280606
 46
4.4901280606
 79
0
 98
0
  0
LWPOLYLINE
  5
BDF
330
17
100
AcDbEntity
  8
A-WALL
100
AcDbPolyline
 90
4
 70
1
 10
0.0
 20
-36850.0
 10
300.0
 20
-36850.0
 10
300.0
 20
-36640.0
 10
0.0
 20
-36640.0
  0
LWPOLYLINE
  5
BE0
330
17
100
AcDbEntity
  8
A-WALL
100
AcDbPolyline
 90
4
 70
1
 10
-30.0
 20
-36640.0
 10
330.0
 20
-36640.0
 10
330.0
 20
-36600.0
 10
-30.0
 20
-36600.0
  0
HATCH
  5
BE1
330
17
100
AcDbEntity
  8
A-HATCH
 62
8
100
AcDbHatch
 10
0.0
 20
0.0
 30
0.0
210
0.0
220
0.0
230
1.0
  2
SOLID
 70
1
 71
0
 91
1
 92
3
 72
0
 73
1
 93
4
 10
300.0
 20
-36850.0
 10
1300.0
 20
-36850.0
 10
1300.0
 20
-36770.0
 10
300.0
 20
-36770.0
 97
0
 75
0
 76
1
 98
0
  0
LWPOLYLINE
  5
BE2
330
17
100
AcDbEntity
  8
A-WALL
100
AcDbPolyline
 90
4
 70
1
 10
300.0
 20
-36850.0
 10
1300.0
 20
-36850.0
 10
1300.0
 20
-36770.0
 10
300.0
 20
-36770.0
  0
HATCH
  5
BE3
330
17
100
AcDbEntity
  8
A-HATCH
 62
8
100
AcDbHatch
 10
0.0
 20
0.0
 30
0.0
210
0.0
220
0.0
230
1.0
  2
SOLID
 70
1
 71
0
 91
1
 92
3
 72
0
 73
1
 93
4
 10
-12.0
 20
-40000.0
 10
0.0
 20
-40000.0
 10
0.0
 20
-37600.0
 10
-12.0
 20
-37600.0
 97
0
 75
0
 76
1
 98
0
  0
LWPOLYLINE
  5
BE4
330
17
100
AcDbEntity
  8
A-WALL
100
AcDbPolyline
 90
4
 70
1
 10
-12.0
 20
-40000.0
 10
0.0
 20
-40000.0
 10
0.0
 20
-37600.0
 10
-12.0
 20
-37600.0
  0
LWPOLYLINE
  5
BE5
330
17
100
AcDbEntity
  8
A-WALL
100
AcDbPolyline
 90
4
 70
1
 10
-3750.0
 20
-40000.0
 10
0.0
 20
-40000.0
 10
0.0
 20
-38200.0
 10
-3750.0
 20
-38200.0
  0
HATCH
  5
BE6
330
17
100
AcDbEntity
  8
A-HATCH
 62
8
100
AcDbHatch
 10
0.0
 20
0.0
 30
0.0
210
0.0
220
0.0
230
1.0
  2
SOLID
 70
1
 71
0
 91
1
 92
3
 72
0
 73
1
 93
4
 10
-3750.0
 20
-40005.0
 10
0.0
 20
-40005.0
 10
0.0
 20
-39660.0
 10
-3750.0
 20
-39660.0
 97
0
 75
0
 76
1
 98
0
  0
LWPOLYLINE
  5
BE7
330
17
100
AcDbEntity
  8
A-WALL
100
AcDbPolyline
 90
4
 70
1
 10
-3750.0
 20
-40005.0
 10
0.0
 20
-40005.0
 10
0.0
 20
-39660.0
 10
-3750.0
 20
-39660.0
  0
LWPOLYLINE
  5
BE8
330
17
100
AcDbEntity
  8
A-WALL
100
AcDbPolyline
 90
4
 70
1
 10
-3750.0
 20
-39660.0
 10
0.0
 20
-39660.0
 10
0.0
 20
-39600.0
 10
-3750.0
 20
-39600.0
  0
LWPOLYLINE
  5
BE9
330
17
100
AcDbEntity
  8
L-PLANT
100
AcDbPolyline
 90
15
 70
1
 10
-3736.9293715103577
 20
-39610.0
 10
-3745.4748403387825
 20
-39475.5327269577
 10
-3711.375397875117
 20
-39365.6967360232
 10
-3706.7430473594222
 20
-39214.30701134657
 10
-3653.18954089901
 20
-39148.97533976292
 10
-3603.389544145146
 20
-39094.74255856179
 10
-3559.9296478583697
 20
-38979.83453636782
 10
-3500.0
 20
-38977.40161733722
 10
-3440.524882206459
 20
-38984.61395956275
 10
-3388.6568609714777
 20
-39055.10461466979
 10
-3356.472466871006
 20
-39178.05319862481
 10
-3311.2298622472968
 20
-39248.70601246373
 10
-3289.9223367524314
 20
-39367.19663056378
 10
-3242.9874726991966
 20
-39469.212562736975
 10
-3279.494873935835
 20
-39610.0
  0
LINE
  5
BEA
330
17
100
AcDbEntity
  8
L-PLANT
100
AcDbLine
 10
-3388.2508916172474
 20
-39454.95721667302
 30
0.0
 11
-3411.5138525657403
 21
-39383.523292089245
 31
0.0
  0
LINE
  5
BEB
330
17
100
AcDbEntity
  8
L-PLANT
100
AcDbLine
 10
-3432.725165472068
 20
-39320.165357644764
 30
0.0
 11
-3425.979342018263
 21
-39250.721041597215
 31
0.0
  0
LINE
  5
BEC
330
17
100
AcDbEntity
  8
L-PLANT
100
AcDbLine
 10
-3461.420843339898
 20
-39477.7626279444
 30
0.0
 11
-3485.1963283641485
 21
-39436.73767654821
 31
0.0
  0
LINE
  5
BED
330
17
100
AcDbEntity
  8
L-PLANT
100
AcDbLine
 10
-3474.306835523675
 20
-39405.1438467543
 30
0.0
 11
-3505.2480776103794
 21
-39351.421006405675
 31
0.0
  0
LINE
  5
BEE
330
17
100
AcDbEntity
  8
L-PLANT
100
AcDbLine
 10
-3330.284857341651
 20
-39469.98880806742
 30
0.0
 11
-3282.0513307634715
 21
-39384.83012499386
 31
0.0
  0
LINE
  5
BEF
330
17
100
AcDbEntity
  8
L-PLANT
100
AcDbLine
 10
-3613.923690835636
 20
-39196.37906589679
 30
0.0
 11
-3650.432497857823
 21
-39124.08544073252
 31
0.0
  0
LINE
  5
BF0
330
17
100
AcDbEntity
  8
L-PLANT
100
AcDbLine
 10
-3645.369786768475
 20
-39395.821753250595
 30
0.0
 11
-3646.1133439531513
 21
-39337.00071901006
 31
0.0
  0
LINE
  5
BF1
330
17
100
AcDbEntity
  8
L-PLANT
100
AcDbLine
 10
-3374.756741623079
 20
-39267.848103363
 30
0.0
 11
-3430.734023528954
 21
-39199.941828671304
 31
0.0
  0
CIRCLE
  5
BF2
330
17
100
AcDbEntity
  8
A-WALL
100
AcDbCircle
 10
-3663.483324405018
 20
-39364.90785350533
 30
0.0
 40
18.0
  0
CIRCLE
  5
BF3
330
17
100
AcDbEntity
  8
A-WALL
100
AcDbCircle
 10
-3544.12611218887
 20
-39312.715356970366
 30
0.0
 40
18.0
  0
CIRCLE
  5
BF4
330
17
100
AcDbEntity
  8
A-WALL
100
AcDbCircle
 10
-3477.5448131882786
 20
-39064.26881127025
 30
0.0
 40
18.0
  0
CIRCLE
  5
BF5
330
17
100
AcDbEntity
  8
A-WALL
100
AcDbCircle
 10
-3388.272546564687
 20
-39227.09493382167
 30
0.0
 40
18.0
  0
LWPOLYLINE
  5
BF6
330
17
100
AcDbEntity
  8
L-PLANT
100
AcDbPolyline
 90
15
 70
1
 10
-2921.3558516725298
 20
-39610.0
 10
-2917.6348857774083
 20
-39431.54316328036
 10
-2909.8401367004117
 20
-39242.71102591317
 10
-2841.526519222518
 20
-39135.88068482621
 10
-2792.626659751919
 20
-39015.424759863745
 10
-2745.5946474605084
 20
-38865.8020906384
 10
-2671.3760268055853
 20
-38840.23063120121
 10
-2600.0
 20
-38842.75530282064
 10
-2529.907407137589
 20
-38854.0720872271
 10
-2465.6779823600714
 20
-38923.42143099057
 10
-2414.2109113977667
 20
-39036.53009654719
 10
-2341.078134085604
 20
-39101.73342063629
 10
-2284.7462860175833
 20
-39236.293693196945
 10
-2273.1552505661616
 20
-39426.36878474595
 10
-2268.613252483596
 20
-39610.0
  0
LINE
  5
BF7
330
17
100
AcDbEntity
  8
L-PLANT
100
AcDbLine
 10
-2681.2263189763617
 20
-39264.570218478344
 30
0.0
 11
-2723.926156546648
 21
-39188.13394740573
 31
0.0
  0
LINE
  5
BF8
330
17
100
AcDbEntity
  8
L-PLANT
100
AcDbLine
 10
-2701.7648432191204
 20
-39338.28049403519
 30
0.0
 11
-2644.074456884484
 21
-39281.26355889506
 31
0.0
  0
LINE
  5
BF9
330
17
100
AcDbEntity
  8
L-PLANT
100
AcDbLine
 10
-2360.6381203290384
 20
-39168.661965477244
 30
0.0
 11
-2329.2992922843864
 21
-39097.26280797362
 31
0.0
  0
LINE
  5
BFA
330
17
100
AcDbEntity
  8
L-PLANT
100
AcDbLine
 10
-2760.6574848968844
 20
-39119.29528027933
 30
0.0
 11
-2789.605187764111
 21
-39058.90983826309
 31
0.0
  0
LINE
  5
BFB
330
17
100
AcDbEntity
  8
L-PLANT
100
AcDbLine
 10
-2784.766984802876
 20
-39459.615866531625
 30
0.0
 11
-2800.6587544949125
 21
-39418.91149365644
 31
0.0
  0
LINE
  5
BFC
330
17
100
AcDbEntity
  8
L-PLANT
100
AcDbLine
 10
-2657.3932897830236
 20
-39047.926855084384
 30
0.0
 11
-2597.574883373615
 21
-38986.78027965662
 31
0.0
  0
LINE
  5
BFD
330
17
100
AcDbEntity
  8
L-PLANT
100
AcDbLine
 10
-2796.0513239088677
 20
-39309.99408415619
 30
0.0
 11
-2848.399179720874
 21
-39259.119502403875
 31
0.0
  0
LINE
  5
BFE
330
17
100
AcDbEntity
  8
L-PLANT
100
AcDbLine
 10
-2539.328818195819
 20
-39169.24408338592
 30
0.0
 11
-2595.564237862659
 21
-39104.865556330245
 31
0.0
  0
LINE
  5
BFF
330
17
100
AcDbEntity
  8
L-PLANT
100
AcDbLine
 10
-2638.7312066092077
 20
-39283.109545846506
 30
0.0
 11
-2682.5328232734723
 21
-39223.44139273401
 31
0.0
  0
LINE
  5
C00
330
17
100
AcDbEntity
  8
L-PLANT
100
AcDbLine
 10
-2798.869358980197
 20
-39133.20610970536
 30
0.0
 11
-2780.9364327228964
 21
-39061.76810772466
 31
0.0
  0
LINE
  5
C01
330
17
100
AcDbEntity
  8
L-PLANT
100
AcDbLine
 10
-2646.2528764095814
 20
-38992.46597702955
 30
0.0
 11
-2662.004691785147
 21
-38942.27453468832
 31
0.0
  0
CIRCLE
  5
C02
330
17
100
AcDbEntity
  8
A-WALL
100
AcDbCircle
 10
-2665.832429311551
 20
-38917.28547647073
 30
0.0
 40
18.0
  0
CIRCLE
  5
C03
330
17
100
AcDbEntity
  8
A-WALL
100
AcDbCircle
 10
-2777.929059307786
 20
-38991.219500324594
 30
0.0
 40
18.0
  0
CIRCLE
  5
C04
330
17
100
AcDbEntity
  8
A-WALL
100
AcDbCircle
 10
-2372.1410111750633
 20
-38947.44112544061
 30
0.0
 40
18.0
  0
CIRCLE
  5
C05
330
17
100
AcDbEntity
  8
A-WALL
100
AcDbCircle
 10
-2617.8815501102395
 20
-39146.75459547351
 30
0.0
 40
18.0
  0
LWPOLYLINE
  5
C06
330
17
100
AcDbEntity
  8
L-PLANT
100
AcDbPolyline
 90
15
 70
1
 10
-2371.0395361232722
 20
-39610.0
 10
-2323.762021636623
 20
-39507.855557490184
 10
-2346.311005257771
 20
-39372.76574306978
 10
-2282.241777683511
 20
-39319.334063909555
 10
-2253.105005679952
 20
-39226.02479075944
 10
-2216.8782512965145
 20
-39124.599620777655
 10
-2153.3087958849414
 20
-39142.877809300975
 10
-2100.0
 20
-39114.11436028348
 10
-2049.0685367481133
 20
-39163.70935893811
 10
-1981.609003126696
 20
-39118.31712366211
 10
-1929.0449904692111
 20
-39181.258397047284
 10
-1920.6142147779983
 20
-39323.88921988336
 10
-1895.703803114639
 20
-39413.232273722206
 10
-1860.177134038028
 20
-39500.52399166927
 10
-1851.4700249877556
 20
-39610.0
  0
LINE
  5
C07
330
17
100
AcDbEntity
  8
L-PLANT
100
AcDbLine
 10
-1994.1159080184077
 20
-39423.60731378726
 30
0.0
 11
-1983.3035974604177
 21
-39375.590775654695
 31
0.0
  0
LINE
  5
C08
330
17
100
AcDbEntity
  8
L-PLANT
100
AcDbLine
 10
-2210.5325505176056
 20
-39509.39647405551
 30
0.0
 11
-2205.036398967897
 21
-39441.25751240532
 31
0.0
  0
LINE
  5
C09
330
17
100
AcDbEntity
  8
L-PLANT
100
AcDbLine
 10
-2055.0013118126476
 20
-39230.92126436307
 30
0.0
 11
-2078.229669338638
 21
-39173.789155569546
 31
0.0
  0
LINE
  5
C0A
330
17
100
AcDbEntity
  8
L-PLANT
100
AcDbLine
 10
-2114.205807388684
 20
-39227.550292200984
 30
0.0
 11
-2137.3183435827486
 21
-39173.02734162344
 31
0.0
  0
LINE
  5
C0B
330
17
100
AcDbEntity
  8
L-PLANT
100
AcDbLine
 10
-2128.1749286434288
 20
-39310.82978328167
 30
0.0
 11
-2154.61938951656
 21
-39262.18301621723
 31
0.0
  0
LINE
  5
C0C
330
17
100
AcDbEntity
  8
L-PLANT
100
AcDbLine
 10
-2010.8746818898317
 20
-39348.08042138664
 30
0.0
 11
-2001.3785853385025
 21
-39307.39606277945
 31
0.0
  0
LINE
  5
C0D
330
17
100
AcDbEntity
  8
L-PLANT
100
AcDbLine
 10
-2196.4424898461825
 20
-39501.9502006083
 30
0.0
 11
-2212.611816345554
 21
-39416.66906513534
 31
0.0
  0
CIRCLE
  5
C0E
330
17
100
AcDbEntity
  8
A-WALL
100
AcDbCircle
 10
-1904.420461350039
 20
-39197.562851438684
 30
0.0
 40
18.0
  0
CIRCLE
  5
C0F
330
17
100
AcDbEntity
  8
A-WALL
100
AcDbCircle
 10
-2152.1696658367055
 20
-39284.624174387085
 30
0.0
 40
18.0
  0
CIRCLE
  5
C10
330
17
100
AcDbEntity
  8
A-WALL
100
AcDbCircle
 10
-1941.3285250669935
 20
-39353.588187812005
 30
0.0
 40
18.0
  0
CIRCLE
  5
C11
330
17
100
AcDbEntity
  8
A-WALL
100
AcDbCircle
 10
-2140.3721673939835
 20
-39238.642622901374
 30
0.0
 40
18.0
  0
LWPOLYLINE
  5
C12
330
17
100
AcDbEntity
  8
L-PLANT
100
AcDbPolyline
 90
15
 70
1
 10
-1168.9309231219877
 20
-39610.0
 10
-1153.2788164880453
 20
-39462.84921474451
 10
-1167.6061757695056
 20
-39281.961311051935
 10
-1112.111298725096
 20
-39179.428431453875
 10
-1054.1680043986923
 20
-39117.911294557096
 10
-1024.6862360960747
 20
-38950.947105534186
 10
-954.8656545165601
 20
-38998.118192418544
 10
-900.0
 20
-38962.81413788513
 10
-845.1547329685421
 20
-38998.34556109475
 10
-778.5097055808554
 20
-38967.83986514161
 10
-717.3341563022013
 20
-39026.949068618494
 10
-681.8867952435913
 20
-39167.244968763756
 10
-669.8388819576503
 20
-39327.862447709485
 10
-614.2261069195702
 20
-39443.97011500846
 10
-605.2733736429939
 20
-39610.0
  0
LINE
  5
C13
330
17
100
AcDbEntity
  8
L-PLANT
100
AcDbLine
 10
-972.7057635832624
 20
-39380.440022479015
 30
0.0
 11
-951.854502238548
 21
-39291.80322316089
 31
0.0
  0
LINE
  5
C14
330
17
100
AcDbEntity
  8
L-PLANT
100
AcDbLine
 10
-725.346177596626
 20
-39106.09020291637
 30
0.0
 11
-699.4484453718125
 21
-39054.70019199213
 31
0.0
  0
LINE
  5
C15
330
17
100
AcDbEntity
  8
L-PLANT
100
AcDbLine
 10
-852.2215588986103
 20
-39310.30170447165
 30
0.0
 11
-835.5717496921837
 21
-39245.937932384804
 31
0.0
  0
LINE
  5
C16
330
17
100
AcDbEntity
  8
L-PLANT
100
AcDbLine
 10
-1024.3569830403105
 20
-39096.470965038425
 30
0.0
 11
-1080.0527832274618
 21
-39039.40021018853
 31
0.0
  0
LINE
  5
C17
330
17
100
AcDbEntity
  8
L-PLANT
100
AcDbLine
 10
-972.0646455115632
 20
-39065.23584942201
 30
0.0
 11
-1017.9589163293322
 21
-38996.34218348251
 31
0.0
  0
LINE
  5
C18
330
17
100
AcDbEntity
  8
L-PLANT
100
AcDbLine
 10
-712.5909638874347
 20
-39226.75364386408
 30
0.0
 11
-661.288215385215
 21
-39167.038905492365
 31
0.0
  0
LINE
  5
C19
330
17
100
AcDbEntity
  8
L-PLANT
100
AcDbLine
 10
-926.3510680082461
 20
-39336.490809337905
 30
0.0
 11
-942.0835104005504
 21
-39279.10056360875
 31
0.0
  0
LINE
  5
C1A
330
17
100
AcDbEntity
  8
L-PLANT
100
AcDbLine
 10
-1079.994241899825
 20
-39056.72494077627
 30
0.0
 11
-1051.9627870316883
 21
-38982.80514408555
 31
0.0
  0
LINE
  5
C1B
330
17
100
AcDbEntity
  8
L-PLANT
100
AcDbLine
 10
-886.3090530144586
 20
-39413.78213768318
 30
0.0
 11
-919.2566491111965
 21
-39325.41145582736
 31
0.0
  0
CIRCLE
  5
C1C
330
17
100
AcDbEntity
  8
A-WALL
100
AcDbCircle
 10
-757.4594997472058
 20
-39202.23704045259
 30
0.0
 40
18.0
  0
CIRCLE
  5
C1D
330
17
100
AcDbEntity
  8
A-WALL
100
AcDbCircle
 10
-792.8959392930896
 20
-38983.96058709085
 30
0.0
 40
18.0
  0
CIRCLE
  5
C1E
330
17
100
AcDbEntity
  8
A-WALL
100
AcDbCircle
 10
-1101.427680307878
 20
-39241.23013963456
 30
0.0
 40
18.0
  0
CIRCLE
  5
C1F
330
17
100
AcDbEntity
  8
A-WALL
100
AcDbCircle
 10
-942.965636475793
 20
-39252.03436332293
 30
0.0
 40
18.0
  0
LWPOLYLINE
  5
C20
330
17
100
AcDbEntity
  8
L-PLANT
100
AcDbPolyline
 90
15
 70
1
 10
-646.9509635380912
 20
-39610.0
 10
-648.6217110051507
 20
-39360.66239824978
 10
-624.5845960776961
 20
-39147.5846933182
 10
-619.2517053747977
 20
-38867.64447917348
 10
-560.196504919624
 20
-38849.99874414956
 10
-545.2178970606876
 20
-38522.52899679273
 10
-496.05761333776945
 20
-38500.14626142291
 10
-450.0
 20
-38447.433212868295
 10
-402.9731701097114
 20
-38476.7909779779
 10
-369.79218557229524
 20
-38693.95716442712
 10
-317.786267843534
 20
-38698.150730797875
 10
-289.9351465941653
 20
-38907.93896402416
 10
-285.58492834425573
 20
-39174.52030997645
 10
-241.46430182961248
 20
-39348.21698243368
 10
-254.63840254602255
 20
-39610.0
  0
LINE
  5
C21
330
17
100
AcDbEntity
  8
L-PLANT
100
AcDbLine
 10
-381.91120022853914
 20
-39385.17887407468
 30
0.0
 11
-360.3754267320777
 21
-39344.911710810055
 31
0.0
  0
LINE
  5
C22
330
17
100
AcDbEntity
  8
L-PLANT
100
AcDbLine
 10
-584.2066568260846
 20
-39369.62995417797
 30
0.0
 11
-638.7202537631129
 21
-39300.185899937984
 31
0.0
  0
LINE
  5
C23
330
17
100
AcDbEntity
  8
L-PLANT
100
AcDbLine
 10
-536.3846436389817
 20
-39304.332715060504
 30
0.0
 11
-498.59034985131433
 21
-39225.84872676859
 31
0.0
  0
LINE
  5
C24
330
17
100
AcDbEntity
  8
L-PLANT
100
AcDbLine
 10
-481.6883328060956
 20
-39292.16346046669
 30
0.0
 11
-452.60125291993984
 21
-39224.67951161498
 31
0.0
  0
LINE
  5
C25
330
17
100
AcDbEntity
  8
L-PLANT
100
AcDbLine
 10
-493.4399762767663
 20
-39225.48131850087
 30
0.0
 11
-509.7358250442015
 21
-39161.14544145519
 31
0.0
  0
LINE
  5
C26
330
17
100
AcDbEntity
  8
L-PLANT
100
AcDbLine
 10
-548.7804645527403
 20
-39443.82664803188
 30
0.0
 11
-552.9282690863346
 21
-39393.152042804
 31
0.0
  0
LINE
  5
C27
330
17
100
AcDbEntity
  8
L-PLANT
100
AcDbLine
 10
-586.6212903503861
 20
-39244.25655789409
 30
0.0
 11
-565.8879816369302
 21
-39162.78457857558
 31
0.0
  0
LINE
  5
C28
330
17
100
AcDbEntity
  8
L-PLANT
100
AcDbLine
 10
-594.7581403019827
 20
-38868.44593684096
 30
0.0
 11
-618.39184221516
 21
-38785.59219619675
 31
0.0
  0
LINE
  5
C29
330
17
100
AcDbEntity
  8
L-PLANT
100
AcDbLine
 10
-330.95178247317574
 20
-39231.471777079365
 30
0.0
 11
-313.9246432236816
 21
-39163.01060774835
 31
0.0
  0
LINE
  5
C2A
330
17
100
AcDbEntity
  8
L-PLANT
100
AcDbLine
 10
-530.8460347714317
 20
-38756.9356977619
 30
0.0
 11
-512.1140554225067
 21
-38669.49825940991
 31
0.0
  0
CIRCLE
  5
C2B
330
17
100
AcDbEntity
  8
A-WALL
100
AcDbCircle
 10
-562.4712380974023
 20
-39104.13117674521
 30
0.0
 40
18.0
  0
CIRCLE
  5
C2C
330
17
100
AcDbEntity
  8
A-WALL
100
AcDbCircle
 10
-315.2163637993772
 20
-39075.01270713302
 30
0.0
 40
18.0
  0
CIRCLE
  5
C2D
330
17
100
AcDbEntity
  8
A-WALL
100
AcDbCircle
 10
-490.75161893249344
 20
-39093.259984210636
 30
0.0
 40
18.0
  0
CIRCLE
  5
C2E
330
17
100
AcDbEntity
  8
A-WALL
100
AcDbCircle
 10
-345.4188414109361
 20
-39076.72083896128
 30
0.0
 40
18.0
  0
LWPOLYLINE
  5
C2F
330
17
100
AcDbEntity
  8
A-WALL
100
AcDbPolyline
 90
4
 70
1
 10
-3130.0
 20
-39600.0
 10
-2970.0
 20
-39600.0
 10
-2970.0
 20
-37350.0
 10
-3130.0
 20
-37350.0
  0
LWPOLYLINE
  5
C30
330
17
100
AcDbEntity
  8
A-WALL
100
AcDbPolyline
 90
4
 70
1
 10
-1480.0
 20
-39600.0
 10
-1320.0
 20
-39600.0
 10
-1320.0
 20
-37350.0
 10
-1480.0
 20
-37350.0
  0
LWPOLYLINE
  5
C31
330
17
100
AcDbEntity
  8
A-WALL
100
AcDbPolyline
 90
4
 70
1
 10
-950.0
 20
-39475.0
 10
-350.0
 20
-39475.0
 10
-422.0
 20
-40025.0
 10
-878.0
 20
-40025.0
  0
LINE
  5
C32
330
17
100
AcDbEntity
  8
A-WALL
100
AcDbLine
 10
-670.0
 20
-39475.0
 30
0.0
 11
-710.0
 21
-38980.0
 31
0.0
  0
LINE
  5
C33
330
17
100
AcDbEntity
  8
A-WALL
100
AcDbLine
 10
-630.0
 20
-39475.0
 30
0.0
 11
-580.0
 21
-38885.0
 31
0.0
  0
LWPOLYLINE
  5
C34
330
17
100
AcDbEntity
  8
L-PLANT
100
AcDbPolyline
 90
15
 70
1
 10
-1091.8377284236872
 20
-39170.0
 10
-1072.102723188888
 20
-38946.27202059059
 10
-1019.1408217570065
 20
-38757.18122489443
 10
-1026.6782953040206
 20
-38472.42553794467
 10
-897.2991684048635
 20
-38449.871112424626
 10
-843.4147086071342
 20
-38237.32639783984
 10
-757.9074100696948
 20
-38072.11544371275
 10
-650.0
 20
-38231.82071261263
 10
-549.6713687111994
 20
-38149.22436675786
 10
-451.6941511110366
 20
-38213.74061443083
 10
-400.57372728476184
 20
-38443.67703878229
 10
-311.0581164829563
 20
-38542.30999234614
 10
-230.4687489796338
 20
-38700.8284346868
 10
-220.3004533645497
 20
-38942.245460546656
 10
-182.2185285103613
 20
-39170.0
  0
LINE
  5
C35
330
17
100
AcDbEntity
  8
L-PLANT
100
AcDbLine
 10
-887.352734279259
 20
-38851.580211474604
 30
0.0
 11
-934.0390309218973
 21
-38786.26675889116
 31
0.0
  0
LINE
  5
C36
330
17
100
AcDbEntity
  8
L-PLANT
100
AcDbLine
 10
-356.5793786376416
 20
-38612.20147049043
 30
0.0
 11
-323.6742425693802
 21
-38553.0182282478
 31
0.0
  0
LINE
  5
C37
330
17
100
AcDbEntity
  8
L-PLANT
100
AcDbLine
 10
-479.6263882830879
 20
-38944.19103452414
 30
0.0
 11
-504.68501880471905
 21
-38870.47923446137
 31
0.0
  0
LINE
  5
C38
330
17
100
AcDbEntity
  8
L-PLANT
100
AcDbLine
 10
-493.7417561406351
 20
-38726.77264794153
 30
0.0
 11
-543.2162701727186
 21
-38673.43596938019
 31
0.0
  0
LINE
  5
C39
330
17
100
AcDbEntity
  8
L-PLANT
100
AcDbLine
 10
-850.8452945208973
 20
-38822.25548605381
 30
0.0
 11
-813.7040104337209
 21
-38772.28132499931
 31
0.0
  0
LINE
  5
C3A
330
17
100
AcDbEntity
  8
L-PLANT
100
AcDbLine
 10
-382.49249386819264
 20
-38415.93576177918
 30
0.0
 11
-435.9177711348625
 21
-38356.99494166419
 31
0.0
  0
LINE
  5
C3B
330
17
100
AcDbEntity
  8
L-PLANT
100
AcDbLine
 10
-655.7380283954709
 20
-38997.29906430244
 30
0.0
 11
-664.7709861851599
 21
-38911.97853300469
 31
0.0
  0
LINE
  5
C3C
330
17
100
AcDbEntity
  8
L-PLANT
100
AcDbLine
 10
-918.5833506423046
 20
-38607.842597833784
 30
0.0
 11
-964.035457746043
 21
-38538.907582931104
 31
0.0
  0
LINE
  5
C3D
330
17
100
AcDbEntity
  8
L-PLANT
100
AcDbLine
 10
-376.3283811682879
 20
-38875.326118135454
 30
0.0
 11
-435.33807393333734
 21
-38831.150938261606
 31
0.0
  0
LINE
  5
C3E
330
17
100
AcDbEntity
  8
L-PLANT
100
AcDbLine
 10
-622.4673105782515
 20
-39001.387005627745
 30
0.0
 11
-672.2869231650674
 21
-38936.549923175575
 31
0.0
  0
LINE
  5
C3F
330
17
100
AcDbEntity
  8
L-PLANT
100
AcDbLine
 10
-358.5894714275352
 20
-38727.89203172366
 30
0.0
 11
-370.8132928361368
 21
-38655.95615483082
 31
0.0
  0
LINE
  5
C40
330
17
100
AcDbEntity
  8
L-PLANT
100
AcDbLine
 10
-931.4799854918002
 20
-38619.42074650165
 30
0.0
 11
-970.7733623490969
 21
-38548.97632908474
 31
0.0
  0
LINE
  5
C41
330
17
100
AcDbEntity
  8
L-PLANT
100
AcDbLine
 10
-332.6974483804058
 20
-38976.452851635266
 30
0.0
 11
-326.0901620315637
 21
-38906.133810676685
 31
0.0
  0
LINE
  5
C42
330
17
100
AcDbEntity
  8
L-PLANT
100
AcDbLine
 10
-892.7892079110629
 20
-38831.00005730594
 30
0.0
 11
-833.4031391122095
 21
-38741.101843772536
 31
0.0
  0
LINE
  5
C43
330
17
100
AcDbEntity
  8
L-PLANT
100
AcDbLine
 10
-912.1522598438879
 20
-38534.060682527284
 30
0.0
 11
-858.0415254650654
 21
-38482.221377602626
 31
0.0
  0
LINE
  5
C44
330
17
100
AcDbEntity
  8
L-PLANT
100
AcDbLine
 10
-573.0656133568045
 20
-38984.02136692461
 30
0.0
 11
-589.1519904002313
 21
-38910.315129726914
 31
0.0
  0
LINE
  5
C45
330
17
100
AcDbEntity
  8
L-PLANT
100
AcDbLine
 10
-587.5129708377885
 20
-38487.08596806318
 30
0.0
 11
-637.1042771063278
 21
-38429.72606046961
 31
0.0
  0
LINE
  5
C46
330
17
100
AcDbEntity
  8
L-PLANT
100
AcDbLine
 10
-397.9750353926783
 20
-38616.47302275663
 30
0.0
 11
-403.81903488875327
 21
-38556.3645076584
 31
0.0
  0
LWPOLYLINE
  5
C47
330
17
100
AcDbEntity
  8
A-WALL
100
AcDbPolyline
 90
4
 70
1
 10
-3000.0
 20
-37290.0
 10
-75.0
 20
-37290.0
 10
-75.0
 20
-37090.0
 10
-3000.0
 20
-37090.0
  0
TEXT
  5
C48
330
17
100
AcDbEntity
  8
A-TEXT
100
AcDbText
 10
-1500.0
 20
-37210.0
 30
0.0
 40
20.16
  1
J1 lipped C200 beyond (@ 556 c/c)
 72
1
 11
-1500.0
 21
-37210.0
 31
0.0
100
AcDbText
 73
1
  0
HATCH
  5
C49
330
17
100
AcDbEntity
  8
A-HATCH
 62
7
100
AcDbHatch
 10
0.0
 20
0.0
 30
0.0
210
0.0
220
0.0
230
1.0
  2
ANSI36
 70
0
 71
0
 91
1
 92
3
 72
0
 73
1
 93
4
 10
-75.0
 20
-37090.0
 10
-2995.0
 20
-37090.0
 10
-2995.0
 20
-37070.0
 10
-75.0
 20
-37020.0
 97
0
 75
1
 76
1
 52
0.0
 41
2.0
 77
0
 78
1
 53
45.0
 43
0.0
 44
0.0
 45
3.3675960454
 46
12.3478521664
 79
4
 49
15.875
 49
-3.175
 49
0.0
 49
-3.175
 98
0
  0
LWPOLYLINE
  5
C4A
330
17
100
AcDbEntity
  8
A-WALL
100
AcDbPolyline
 90
4
 70
1
 10
-75.0
 20
-37090.0
 10
-2995.0
 20
-37090.0
 10
-2995.0
 20
-37070.0
 10
-75.0
 20
-37020.0
  0
LWPOLYLINE
  5
C4B
330
17
100
AcDbEntity
  8
A-WALL
100
AcDbPolyline
 90
4
 70
1
 10
-2995.0
 20
-37070.0
 10
-20.0
 20
-37020.0
 10
-20.0
 20
-37002.0
 10
-2995.0
 20
-37052.0
  0
LWPOLYLINE
  5
C4C
330
17
100
AcDbEntity
  8
A-WALL
100
AcDbPolyline
 90
3
 70
0
 10
-2995.0
 20
-37052.0
 10
-20.0
 20
-37002.0
 10
-20.0
 20
-36850.0
  0
LWPOLYLINE
  5
C4D
330
17
100
AcDbEntity
  8
A-WALL
100
AcDbPolyline
 90
3
 70
0
 10
0.0
 20
-36830.0
 10
-40.0
 20
-36850.0
 10
-40.0
 20
-36920.0
  0
HATCH
  5
C4E
330
17
100
AcDbEntity
  8
A-HATCH
 62
253
100
AcDbHatch
 10
0.0
 20
0.0
 30
0.0
210
0.0
220
0.0
230
1.0
  2
SOLID
 70
1
 71
0
 91
1
 92
3
 72
0
 73
1
 93
8
 10
0.0
 20
-37290.0
 10
-75.0
 20
-37290.0
 10
-75.0
 20
-37278.5
 10
-8.5
 20
-37278.5
 10
-8.5
 20
-37101.5
 10
-75.0
 20
-37101.5
 10
-75.0
 20
-37090.0
 10
0.0
 20
-37090.0
 97
0
 75
0
 76
1
 98
0
  0
LWPOLYLINE
  5
C4F
330
17
100
AcDbEntity
  8
S-STEEL
100
AcDbPolyline
 90
8
 70
1
 10
0.0
 20
-37290.0
 10
-75.0
 20
-37290.0
 10
-75.0
 20
-37278.5
 10
-8.5
 20
-37278.5
 10
-8.5
 20
-37101.5
 10
-75.0
 20
-37101.5
 10
-75.0
 20
-37090.0
 10
0.0
 20
-37090.0
  0
LINE
  5
C50
330
17
100
AcDbEntity
  8
A-WALL
100
AcDbLine
 10
0.0
 20
-37230.0
 30
0.0
 11
140.0
 21
-37230.0
 31
0.0
  0
LINE
  5
C51
330
17
100
AcDbEntity
  8
A-WALL
100
AcDbLine
 10
0.0
 20
-37150.0
 30
0.0
 11
140.0
 21
-37150.0
 31
0.0
  0
HATCH
  5
C52
330
17
100
AcDbEntity
  8
A-HATCH
 62
253
100
AcDbHatch
 10
0.0
 20
0.0
 30
0.0
210
0.0
220
0.0
230
1.0
  2
SOLID
 70
1
 71
0
 91
1
 92
3
 72
0
 73
1
 93
4
 10
-3100.0
 20
-37290.0
 10
-3000.0
 20
-37290.0
 10
-3000.0
 20
-37090.0
 10
-3100.0
 20
-37090.0
 97
0
 75
0
 76
1
 98
0
  0
LWPOLYLINE
  5
C53
330
17
100
AcDbEntity
  8
S-STEEL
100
AcDbPolyline
 90
4
 70
1
 10
-3100.0
 20
-37290.0
 10
-3000.0
 20
-37290.0
 10
-3000.0
 20
-37090.0
 10
-3100.0
 20
-37090.0
  0
LWPOLYLINE
  5
C54
330
17
100
AcDbEntity
  8
S-STEEL
100
AcDbPolyline
 90
4
 70
1
 10
-3093.7
 20
-37283.7
 10
-3006.2999999999997
 20
-37283.7
 10
-3006.2999999999997
 20
-37096.3
 10
-3093.7
 20
-37096.3
  0
HATCH
  5
C55
330
17
100
AcDbEntity
  8
A-HATCH
 62
7
100
AcDbHatch
 10
0.0
 20
0.0
 30
0.0
210
0.0
220
0.0
230
1.0
  2
ANSI36
 70
0
 71
0
 91
1
 92
3
 72
0
 73
1
 93
4
 10
-3115.0
 20
-37082.0
 10
-2990.0
 20
-37082.0
 10
-2990.0
 20
-37084.23595505618
 10
-3115.0
 20
-37084.23595505618
 97
0
 75
1
 76
1
 52
0.0
 41
2.0
 77
0
 78
1
 53
45.0
 43
0.0
 44
0.0
 45
3.3675960454
 46
12.3478521664
 79
4
 49
15.875
 49
-3.175
 49
0.0
 49
-3.175
 98
0
  0
LWPOLYLINE
  5
C56
330
17
100
AcDbEntity
  8
A-WALL
100
AcDbPolyline
 90
4
 70
1
 10
-3115.0
 20
-37082.0
 10
-2990.0
 20
-37082.0
 10
-2990.0
 20
-37084.23595505618
 10
-3115.0
 20
-37084.23595505618
  0
LWPOLYLINE
  5
C57
330
17
100
AcDbEntity
  8
A-WALL
100
AcDbPolyline
 90
4
 70
1
 10
-3115.0
 20
-37084.23595505618
 10
-2990.0
 20
-37084.23595505618
 10
-2990.0
 20
-37066.23595505618
 10
-3115.0
 20
-37066.23595505618
  0
LWPOLYLINE
  5
C58
330
17
100
AcDbEntity
  8
A-WALL
100
AcDbPolyline
 90
4
 70
1
 10
-3133.0
 20
-37090.0
 10
-3115.0
 20
-37090.0
 10
-3115.0
 20
-37000.0
 10
-3133.0
 20
-37000.0
  0
LWPOLYLINE
  5
C59
330
17
100
AcDbEntity
  8
A-WALL
100
AcDbPolyline
 90
5
 70
0
 10
-2995.0
 20
-37052.0
 10
-2995.0
 20
-37066.23595505618
 10
-3115.0
 20
-37066.23595505618
 10
-3115.0
 20
-37000.0
 10
-3133.0
 20
-37000.0
  0
LWPOLYLINE
  5
C5A
330
17
100
AcDbEntity
  8
A-WALL
100
AcDbPolyline
 90
5
 70
0
 10
-3090.0
 20
-37350.0
 10
-3150.0
 20
-37350.0
 10
-3150.0
 20
-36980.0
 10
-3100.0
 20
-36985.0
 10
-3100.0
 20
-37005.0
  0
LWPOLYLINE
  5
C5B
330
17
100
AcDbEntity
  8
A-WALL
100
AcDbPolyline
 90
4
 70
1
 10
-3147.0
 20
-37310.0
 10
-3107.0
 20
-37310.0
 10
-3107.0
 20
-37270.0
 10
-3147.0
 20
-37270.0
  0
LWPOLYLINE
  5
C5C
330
17
100
AcDbEntity
  8
A-WALL
100
AcDbPolyline
 90
4
 70
1
 10
-3090.0
 20
-37330.0
 10
-60.0
 20
-37330.0
 10
-60.0
 20
-37290.0
 10
-3090.0
 20
-37290.0
  0
HATCH
  5
C5D
330
17
100
AcDbEntity
  8
A-HATCH
 62
7
100
AcDbHatch
 10
0.0
 20
0.0
 30
0.0
210
0.0
220
0.0
230
1.0
  2
ANSI36
 70
0
 71
0
 91
1
 92
3
 72
0
 73
1
 93
4
 10
-108.0
 20
-37350.0
 10
-40.0
 20
-37350.0
 10
-40.0
 20
-37330.0
 10
-108.0
 20
-37330.0
 97
0
 75
1
 76
1
 52
0.0
 41
2.0
 77
0
 78
1
 53
45.0
 43
0.0
 44
0.0
 45
3.3675960454
 46
12.3478521664
 79
4
 49
15.875
 49
-3.175
 49
0.0
 49
-3.175
 98
0
  0
LWPOLYLINE
  5
C5E
330
17
100
AcDbEntity
  8
A-TIMBER
100
AcDbPolyline
 90
4
 70
1
 10
-108.0
 20
-37350.0
 10
-40.0
 20
-37350.0
 10
-40.0
 20
-37330.0
 10
-108.0
 20
-37330.0
  0
HATCH
  5
C5F
330
17
100
AcDbEntity
  8
A-HATCH
 62
7
100
AcDbHatch
 10
0.0
 20
0.0
 30
0.0
210
0.0
220
0.0
230
1.0
  2
ANSI36
 70
0
 71
0
 91
1
 92
3
 72
0
 73
1
 93
4
 10
-186.0
 20
-37350.0
 10
-118.0
 20
-37350.0
 10
-118.0
 20
-37330.0
 10
-186.0
 20
-37330.0
 97
0
 75
1
 76
1
 52
0.0
 41
2.0
 77
0
 78
1
 53
45.0
 43
0.0
 44
0.0
 45
3.3675960454
 46
12.3478521664
 79
4
 49
15.875
 49
-3.175
 49
0.0
 49
-3.175
 98
0
  0
LWPOLYLINE
  5
C60
330
17
100
AcDbEntity
  8
A-TIMBER
100
AcDbPolyline
 90
4
 70
1
 10
-186.0
 20
-37350.0
 10
-118.0
 20
-37350.0
 10
-118.0
 20
-37330.0
 10
-186.0
 20
-37330.0
  0
HATCH
  5
C61
330
17
100
AcDbEntity
  8
A-HATCH
 62
7
100
AcDbHatch
 10
0.0
 20
0.0
 30
0.0
210
0.0
220
0.0
230
1.0
  2
ANSI36
 70
0
 71
0
 91
1
 92
3
 72
0
 73
1
 93
4
 10
-264.0
 20
-37350.0
 10
-196.0
 20
-37350.0
 10
-196.0
 20
-37330.0
 10
-264.0
 20
-37330.0
 97
0
 75
1
 76
1
 52
0.0
 41
2.0
 77
0
 78
1
 53
45.0
 43
0.0
 44
0.0
 45
3.3675960454
 46
12.3478521664
 79
4
 49
15.875
 49
-3.175
 49
0.0
 49
-3.175
 98
0
  0
LWPOLYLINE
  5
C62
330
17
100
AcDbEntity
  8
A-TIMBER
100
AcDbPolyline
 90
4
 70
1
 10
-264.0
 20
-37350.0
 10
-196.0
 20
-37350.0
 10
-196.0
 20
-37330.0
 10
-264.0
 20
-37330.0
  0
HATCH
  5
C63
330
17
100
AcDbEntity
  8
A-HATCH
 62
7
100
AcDbHatch
 10
0.0
 20
0.0
 30
0.0
210
0.0
220
0.0
230
1.0
  2
ANSI36
 70
0
 71
0
 91
1
 92
3
 72
0
 73
1
 93
4
 10
-342.0
 20
-37350.0
 10
-274.0
 20
-37350.0
 10
-274.0
 20
-37330.0
 10
-342.0
 20
-37330.0
 97
0
 75
1
 76
1
 52
0.0
 41
2.0
 77
0
 78
1
 53
45.0
 43
0.0
 44
0.0
 45
3.3675960454
 46
12.3478521664
 79
4
 49
15.875
 49
-3.175
 49
0.0
 49
-3.175
 98
0
  0
LWPOLYLINE
  5
C64
330
17
100
AcDbEntity
  8
A-TIMBER
100
AcDbPolyline
 90
4
 70
1
 10
-342.0
 20
-37350.0
 10
-274.0
 20
-37350.0
 10
-274.0
 20
-37330.0
 10
-342.0
 20
-37330.0
  0
HATCH
  5
C65
330
17
100
AcDbEntity
  8
A-HATCH
 62
7
100
AcDbHatch
 10
0.0
 20
0.0
 30
0.0
210
0.0
220
0.0
230
1.0
  2
ANSI36
 70
0
 71
0
 91
1
 92
3
 72
0
 73
1
 93
4
 10
-420.0
 20
-37350.0
 10
-352.0
 20
-37350.0
 10
-352.0
 20
-37330.0
 10
-420.0
 20
-37330.0
 97
0
 75
1
 76
1
 52
0.0
 41
2.0
 77
0
 78
1
 53
45.0
 43
0.0
 44
0.0
 45
3.3675960454
 46
12.3478521664
 79
4
 49
15.875
 49
-3.175
 49
0.0
 49
-3.175
 98
0
  0
LWPOLYLINE
  5
C66
330
17
100
AcDbEntity
  8
A-TIMBER
100
AcDbPolyline
 90
4
 70
1
 10
-420.0
 20
-37350.0
 10
-352.0
 20
-37350.0
 10
-352.0
 20
-37330.0
 10
-420.0
 20
-37330.0
  0
HATCH
  5
C67
330
17
100
AcDbEntity
  8
A-HATCH
 62
7
100
AcDbHatch
 10
0.0
 20
0.0
 30
0.0
210
0.0
220
0.0
230
1.0
  2
ANSI36
 70
0
 71
0
 91
1
 92
3
 72
0
 73
1
 93
4
 10
-498.0
 20
-37350.0
 10
-430.0
 20
-37350.0
 10
-430.0
 20
-37330.0
 10
-498.0
 20
-37330.0
 97
0
 75
1
 76
1
 52
0.0
 41
2.0
 77
0
 78
1
 53
45.0
 43
0.0
 44
0.0
 45
3.3675960454
 46
12.3478521664
 79
4
 49
15.875
 49
-3.175
 49
0.0
 49
-3.175
 98
0
  0
LWPOLYLINE
  5
C68
330
17
100
AcDbEntity
  8
A-TIMBER
100
AcDbPolyline
 90
4
 70
1
 10
-498.0
 20
-37350.0
 10
-430.0
 20
-37350.0
 10
-430.0
 20
-37330.0
 10
-498.0
 20
-37330.0
  0
HATCH
  5
C69
330
17
100
AcDbEntity
  8
A-HATCH
 62
7
100
AcDbHatch
 10
0.0
 20
0.0
 30
0.0
210
0.0
220
0.0
230
1.0
  2
ANSI36
 70
0
 71
0
 91
1
 92
3
 72
0
 73
1
 93
4
 10
-576.0
 20
-37350.0
 10
-508.0
 20
-37350.0
 10
-508.0
 20
-37330.0
 10
-576.0
 20
-37330.0
 97
0
 75
1
 76
1
 52
0.0
 41
2.0
 77
0
 78
1
 53
45.0
 43
0.0
 44
0.0
 45
3.3675960454
 46
12.3478521664
 79
4
 49
15.875
 49
-3.175
 49
0.0
 49
-3.175
 98
0
  0
LWPOLYLINE
  5
C6A
330
17
100
AcDbEntity
  8
A-TIMBER
100
AcDbPolyline
 90
4
 70
1
 10
-576.0
 20
-37350.0
 10
-508.0
 20
-37350.0
 10
-508.0
 20
-37330.0
 10
-576.0
 20
-37330.0
  0
HATCH
  5
C6B
330
17
100
AcDbEntity
  8
A-HATCH
 62
7
100
AcDbHatch
 10
0.0
 20
0.0
 30
0.0
210
0.0
220
0.0
230
1.0
  2
ANSI36
 70
0
 71
0
 91
1
 92
3
 72
0
 73
1
 93
4
 10
-654.0
 20
-37350.0
 10
-586.0
 20
-37350.0
 10
-586.0
 20
-37330.0
 10
-654.0
 20
-37330.0
 97
0
 75
1
 76
1
 52
0.0
 41
2.0
 77
0
 78
1
 53
45.0
 43
0.0
 44
0.0
 45
3.3675960454
 46
12.3478521664
 79
4
 49
15.875
 49
-3.175
 49
0.0
 49
-3.175
 98
0
  0
LWPOLYLINE
  5
C6C
330
17
100
AcDbEntity
  8
A-TIMBER
100
AcDbPolyline
 90
4
 70
1
 10
-654.0
 20
-37350.0
 10
-586.0
 20
-37350.0
 10
-586.0
 20
-37330.0
 10
-654.0
 20
-37330.0
  0
HATCH
  5
C6D
330
17
100
AcDbEntity
  8
A-HATCH
 62
7
100
AcDbHatch
 10
0.0
 20
0.0
 30
0.0
210
0.0
220
0.0
230
1.0
  2
ANSI36
 70
0
 71
0
 91
1
 92
3
 72
0
 73
1
 93
4
 10
-732.0
 20
-37350.0
 10
-664.0
 20
-37350.0
 10
-664.0
 20
-37330.0
 10
-732.0
 20
-37330.0
 97
0
 75
1
 76
1
 52
0.0
 41
2.0
 77
0
 78
1
 53
45.0
 43
0.0
 44
0.0
 45
3.3675960454
 46
12.3478521664
 79
4
 49
15.875
 49
-3.175
 49
0.0
 49
-3.175
 98
0
  0
LWPOLYLINE
  5
C6E
330
17
100
AcDbEntity
  8
A-TIMBER
100
AcDbPolyline
 90
4
 70
1
 10
-732.0
 20
-37350.0
 10
-664.0
 20
-37350.0
 10
-664.0
 20
-37330.0
 10
-732.0
 20
-37330.0
  0
HATCH
  5
C6F
330
17
100
AcDbEntity
  8
A-HATCH
 62
7
100
AcDbHatch
 10
0.0
 20
0.0
 30
0.0
210
0.0
220
0.0
230
1.0
  2
ANSI36
 70
0
 71
0
 91
1
 92
3
 72
0
 73
1
 93
4
 10
-810.0
 20
-37350.0
 10
-742.0
 20
-37350.0
 10
-742.0
 20
-37330.0
 10
-810.0
 20
-37330.0
 97
0
 75
1
 76
1
 52
0.0
 41
2.0
 77
0
 78
1
 53
45.0
 43
0.0
 44
0.0
 45
3.3675960454
 46
12.3478521664
 79
4
 49
15.875
 49
-3.175
 49
0.0
 49
-3.175
 98
0
  0
LWPOLYLINE
  5
C70
330
17
100
AcDbEntity
  8
A-TIMBER
100
AcDbPolyline
 90
4
 70
1
 10
-810.0
 20
-37350.0
 10
-742.0
 20
-37350.0
 10
-742.0
 20
-37330.0
 10
-810.0
 20
-37330.0
  0
HATCH
  5
C71
330
17
100
AcDbEntity
  8
A-HATCH
 62
7
100
AcDbHatch
 10
0.0
 20
0.0
 30
0.0
210
0.0
220
0.0
230
1.0
  2
ANSI36
 70
0
 71
0
 91
1
 92
3
 72
0
 73
1
 93
4
 10
-888.0
 20
-37350.0
 10
-820.0
 20
-37350.0
 10
-820.0
 20
-37330.0
 10
-888.0
 20
-37330.0
 97
0
 75
1
 76
1
 52
0.0
 41
2.0
 77
0
 78
1
 53
45.0
 43
0.0
 44
0.0
 45
3.3675960454
 46
12.3478521664
 79
4
 49
15.875
 49
-3.175
 49
0.0
 49
-3.175
 98
0
  0
LWPOLYLINE
  5
C72
330
17
100
AcDbEntity
  8
A-TIMBER
100
AcDbPolyline
 90
4
 70
1
 10
-888.0
 20
-37350.0
 10
-820.0
 20
-37350.0
 10
-820.0
 20
-37330.0
 10
-888.0
 20
-37330.0
  0
HATCH
  5
C73
330
17
100
AcDbEntity
  8
A-HATCH
 62
7
100
AcDbHatch
 10
0.0
 20
0.0
 30
0.0
210
0.0
220
0.0
230
1.0
  2
ANSI36
 70
0
 71
0
 91
1
 92
3
 72
0
 73
1
 93
4
 10
-966.0
 20
-37350.0
 10
-898.0
 20
-37350.0
 10
-898.0
 20
-37330.0
 10
-966.0
 20
-37330.0
 97
0
 75
1
 76
1
 52
0.0
 41
2.0
 77
0
 78
1
 53
45.0
 43
0.0
 44
0.0
 45
3.3675960454
 46
12.3478521664
 79
4
 49
15.875
 49
-3.175
 49
0.0
 49
-3.175
 98
0
  0
LWPOLYLINE
  5
C74
330
17
100
AcDbEntity
  8
A-TIMBER
100
AcDbPolyline
 90
4
 70
1
 10
-966.0
 20
-37350.0
 10
-898.0
 20
-37350.0
 10
-898.0
 20
-37330.0
 10
-966.0
 20
-37330.0
  0
HATCH
  5
C75
330
17
100
AcDbEntity
  8
A-HATCH
 62
7
100
AcDbHatch
 10
0.0
 20
0.0
 30
0.0
210
0.0
220
0.0
230
1.0
  2
ANSI36
 70
0
 71
0
 91
1
 92
3
 72
0
 73
1
 93
4
 10
-1044.0
 20
-37350.0
 10
-976.0
 20
-37350.0
 10
-976.0
 20
-37330.0
 10
-1044.0
 20
-37330.0
 97
0
 75
1
 76
1
 52
0.0
 41
2.0
 77
0
 78
1
 53
45.0
 43
0.0
 44
0.0
 45
3.3675960454
 46
12.3478521664
 79
4
 49
15.875
 49
-3.175
 49
0.0
 49
-3.175
 98
0
  0
LWPOLYLINE
  5
C76
330
17
100
AcDbEntity
  8
A-TIMBER
100
AcDbPolyline
 90
4
 70
1
 10
-1044.0
 20
-37350.0
 10
-976.0
 20
-37350.0
 10
-976.0
 20
-37330.0
 10
-1044.0
 20
-37330.0
  0
HATCH
  5
C77
330
17
100
AcDbEntity
  8
A-HATCH
 62
7
100
AcDbHatch
 10
0.0
 20
0.0
 30
0.0
210
0.0
220
0.0
230
1.0
  2
ANSI36
 70
0
 71
0
 91
1
 92
3
 72
0
 73
1
 93
4
 10
-1122.0
 20
-37350.0
 10
-1054.0
 20
-37350.0
 10
-1054.0
 20
-37330.0
 10
-1122.0
 20
-37330.0
 97
0
 75
1
 76
1
 52
0.0
 41
2.0
 77
0
 78
1
 53
45.0
 43
0.0
 44
0.0
 45
3.3675960454
 46
12.3478521664
 79
4
 49
15.875
 49
-3.175
 49
0.0
 49
-3.175
 98
0
  0
LWPOLYLINE
  5
C78
330
17
100
AcDbEntity
  8
A-TIMBER
100
AcDbPolyline
 90
4
 70
1
 10
-1122.0
 20
-37350.0
 10
-1054.0
 20
-37350.0
 10
-1054.0
 20
-37330.0
 10
-1122.0
 20
-37330.0
  0
HATCH
  5
C79
330
17
100
AcDbEntity
  8
A-HATCH
 62
7
100
AcDbHatch
 10
0.0
 20
0.0
 30
0.0
210
0.0
220
0.0
230
1.0
  2
ANSI36
 70
0
 71
0
 91
1
 92
3
 72
0
 73
1
 93
4
 10
-1200.0
 20
-37350.0
 10
-1132.0
 20
-37350.0
 10
-1132.0
 20
-37330.0
 10
-1200.0
 20
-37330.0
 97
0
 75
1
 76
1
 52
0.0
 41
2.0
 77
0
 78
1
 53
45.0
 43
0.0
 44
0.0
 45
3.3675960454
 46
12.3478521664
 79
4
 49
15.875
 49
-3.175
 49
0.0
 49
-3.175
 98
0
  0
LWPOLYLINE
  5
C7A
330
17
100
AcDbEntity
  8
A-TIMBER
100
AcDbPolyline
 90
4
 70
1
 10
-1200.0
 20
-37350.0
 10
-1132.0
 20
-37350.0
 10
-1132.0
 20
-37330.0
 10
-1200.0
 20
-37330.0
  0
HATCH
  5
C7B
330
17
100
AcDbEntity
  8
A-HATCH
 62
7
100
AcDbHatch
 10
0.0
 20
0.0
 30
0.0
210
0.0
220
0.0
230
1.0
  2
ANSI36
 70
0
 71
0
 91
1
 92
3
 72
0
 73
1
 93
4
 10
-1278.0
 20
-37350.0
 10
-1210.0
 20
-37350.0
 10
-1210.0
 20
-37330.0
 10
-1278.0
 20
-37330.0
 97
0
 75
1
 76
1
 52
0.0
 41
2.0
 77
0
 78
1
 53
45.0
 43
0.0
 44
0.0
 45
3.3675960454
 46
12.3478521664
 79
4
 49
15.875
 49
-3.175
 49
0.0
 49
-3.175
 98
0
  0
LWPOLYLINE
  5
C7C
330
17
100
AcDbEntity
  8
A-TIMBER
100
AcDbPolyline
 90
4
 70
1
 10
-1278.0
 20
-37350.0
 10
-1210.0
 20
-37350.0
 10
-1210.0
 20
-37330.0
 10
-1278.0
 20
-37330.0
  0
HATCH
  5
C7D
330
17
100
AcDbEntity
  8
A-HATCH
 62
7
100
AcDbHatch
 10
0.0
 20
0.0
 30
0.0
210
0.0
220
0.0
230
1.0
  2
ANSI36
 70
0
 71
0
 91
1
 92
3
 72
0
 73
1
 93
4
 10
-1356.0
 20
-37350.0
 10
-1288.0
 20
-37350.0
 10
-1288.0
 20
-37330.0
 10
-1356.0
 20
-37330.0
 97
0
 75
1
 76
1
 52
0.0
 41
2.0
 77
0
 78
1
 53
45.0
 43
0.0
 44
0.0
 45
3.3675960454
 46
12.3478521664
 79
4
 49
15.875
 49
-3.175
 49
0.0
 49
-3.175
 98
0
  0
LWPOLYLINE
  5
C7E
330
17
100
AcDbEntity
  8
A-TIMBER
100
AcDbPolyline
 90
4
 70
1
 10
-1356.0
 20
-37350.0
 10
-1288.0
 20
-37350.0
 10
-1288.0
 20
-37330.0
 10
-1356.0
 20
-37330.0
  0
HATCH
  5
C7F
330
17
100
AcDbEntity
  8
A-HATCH
 62
7
100
AcDbHatch
 10
0.0
 20
0.0
 30
0.0
210
0.0
220
0.0
230
1.0
  2
ANSI36
 70
0
 71
0
 91
1
 92
3
 72
0
 73
1
 93
4
 10
-1434.0
 20
-37350.0
 10
-1366.0
 20
-37350.0
 10
-1366.0
 20
-37330.0
 10
-1434.0
 20
-37330.0
 97
0
 75
1
 76
1
 52
0.0
 41
2.0
 77
0
 78
1
 53
45.0
 43
0.0
 44
0.0
 45
3.3675960454
 46
12.3478521664
 79
4
 49
15.875
 49
-3.175
 49
0.0
 49
-3.175
 98
0
  0
LWPOLYLINE
  5
C80
330
17
100
AcDbEntity
  8
A-TIMBER
100
AcDbPolyline
 90
4
 70
1
 10
-1434.0
 20
-37350.0
 10
-1366.0
 20
-37350.0
 10
-1366.0
 20
-37330.0
 10
-1434.0
 20
-37330.0
  0
HATCH
  5
C81
330
17
100
AcDbEntity
  8
A-HATCH
 62
7
100
AcDbHatch
 10
0.0
 20
0.0
 30
0.0
210
0.0
220
0.0
230
1.0
  2
ANSI36
 70
0
 71
0
 91
1
 92
3
 72
0
 73
1
 93
4
 10
-1512.0
 20
-37350.0
 10
-1444.0
 20
-37350.0
 10
-1444.0
 20
-37330.0
 10
-1512.0
 20
-37330.0
 97
0
 75
1
 76
1
 52
0.0
 41
2.0
 77
0
 78
1
 53
45.0
 43
0.0
 44
0.0
 45
3.3675960454
 46
12.3478521664
 79
4
 49
15.875
 49
-3.175
 49
0.0
 49
-3.175
 98
0
  0
LWPOLYLINE
  5
C82
330
17
100
AcDbEntity
  8
A-TIMBER
100
AcDbPolyline
 90
4
 70
1
 10
-1512.0
 20
-37350.0
 10
-1444.0
 20
-37350.0
 10
-1444.0
 20
-37330.0
 10
-1512.0
 20
-37330.0
  0
HATCH
  5
C83
330
17
100
AcDbEntity
  8
A-HATCH
 62
7
100
AcDbHatch
 10
0.0
 20
0.0
 30
0.0
210
0.0
220
0.0
230
1.0
  2
ANSI36
 70
0
 71
0
 91
1
 92
3
 72
0
 73
1
 93
4
 10
-1590.0
 20
-37350.0
 10
-1522.0
 20
-37350.0
 10
-1522.0
 20
-37330.0
 10
-1590.0
 20
-37330.0
 97
0
 75
1
 76
1
 52
0.0
 41
2.0
 77
0
 78
1
 53
45.0
 43
0.0
 44
0.0
 45
3.3675960454
 46
12.3478521664
 79
4
 49
15.875
 49
-3.175
 49
0.0
 49
-3.175
 98
0
  0
LWPOLYLINE
  5
C84
330
17
100
AcDbEntity
  8
A-TIMBER
100
AcDbPolyline
 90
4
 70
1
 10
-1590.0
 20
-37350.0
 10
-1522.0
 20
-37350.0
 10
-1522.0
 20
-37330.0
 10
-1590.0
 20
-37330.0
  0
HATCH
  5
C85
330
17
100
AcDbEntity
  8
A-HATCH
 62
7
100
AcDbHatch
 10
0.0
 20
0.0
 30
0.0
210
0.0
220
0.0
230
1.0
  2
ANSI36
 70
0
 71
0
 91
1
 92
3
 72
0
 73
1
 93
4
 10
-1668.0
 20
-37350.0
 10
-1600.0
 20
-37350.0
 10
-1600.0
 20
-37330.0
 10
-1668.0
 20
-37330.0
 97
0
 75
1
 76
1
 52
0.0
 41
2.0
 77
0
 78
1
 53
45.0
 43
0.0
 44
0.0
 45
3.3675960454
 46
12.3478521664
 79
4
 49
15.875
 49
-3.175
 49
0.0
 49
-3.175
 98
0
  0
LWPOLYLINE
  5
C86
330
17
100
AcDbEntity
  8
A-TIMBER
100
AcDbPolyline
 90
4
 70
1
 10
-1668.0
 20
-37350.0
 10
-1600.0
 20
-37350.0
 10
-1600.0
 20
-37330.0
 10
-1668.0
 20
-37330.0
  0
HATCH
  5
C87
330
17
100
AcDbEntity
  8
A-HATCH
 62
7
100
AcDbHatch
 10
0.0
 20
0.0
 30
0.0
210
0.0
220
0.0
230
1.0
  2
ANSI36
 70
0
 71
0
 91
1
 92
3
 72
0
 73
1
 93
4
 10
-1746.0
 20
-37350.0
 10
-1678.0
 20
-37350.0
 10
-1678.0
 20
-37330.0
 10
-1746.0
 20
-37330.0
 97
0
 75
1
 76
1
 52
0.0
 41
2.0
 77
0
 78
1
 53
45.0
 43
0.0
 44
0.0
 45
3.3675960454
 46
12.3478521664
 79
4
 49
15.875
 49
-3.175
 49
0.0
 49
-3.175
 98
0
  0
LWPOLYLINE
  5
C88
330
17
100
AcDbEntity
  8
A-TIMBER
100
AcDbPolyline
 90
4
 70
1
 10
-1746.0
 20
-37350.0
 10
-1678.0
 20
-37350.0
 10
-1678.0
 20
-37330.0
 10
-1746.0
 20
-37330.0
  0
HATCH
  5
C89
330
17
100
AcDbEntity
  8
A-HATCH
 62
7
100
AcDbHatch
 10
0.0
 20
0.0
 30
0.0
210
0.0
220
0.0
230
1.0
  2
ANSI36
 70
0
 71
0
 91
1
 92
3
 72
0
 73
1
 93
4
 10
-1824.0
 20
-37350.0
 10
-1756.0
 20
-37350.0
 10
-1756.0
 20
-37330.0
 10
-1824.0
 20
-37330.0
 97
0
 75
1
 76
1
 52
0.0
 41
2.0
 77
0
 78
1
 53
45.0
 43
0.0
 44
0.0
 45
3.3675960454
 46
12.3478521664
 79
4
 49
15.875
 49
-3.175
 49
0.0
 49
-3.175
 98
0
  0
LWPOLYLINE
  5
C8A
330
17
100
AcDbEntity
  8
A-TIMBER
100
AcDbPolyline
 90
4
 70
1
 10
-1824.0
 20
-37350.0
 10
-1756.0
 20
-37350.0
 10
-1756.0
 20
-37330.0
 10
-1824.0
 20
-37330.0
  0
HATCH
  5
C8B
330
17
100
AcDbEntity
  8
A-HATCH
 62
7
100
AcDbHatch
 10
0.0
 20
0.0
 30
0.0
210
0.0
220
0.0
230
1.0
  2
ANSI36
 70
0
 71
0
 91
1
 92
3
 72
0
 73
1
 93
4
 10
-1902.0
 20
-37350.0
 10
-1834.0
 20
-37350.0
 10
-1834.0
 20
-37330.0
 10
-1902.0
 20
-37330.0
 97
0
 75
1
 76
1
 52
0.0
 41
2.0
 77
0
 78
1
 53
45.0
 43
0.0
 44
0.0
 45
3.3675960454
 46
12.3478521664
 79
4
 49
15.875
 49
-3.175
 49
0.0
 49
-3.175
 98
0
  0
LWPOLYLINE
  5
C8C
330
17
100
AcDbEntity
  8
A-TIMBER
100
AcDbPolyline
 90
4
 70
1
 10
-1902.0
 20
-37350.0
 10
-1834.0
 20
-37350.0
 10
-1834.0
 20
-37330.0
 10
-1902.0
 20
-37330.0
  0
HATCH
  5
C8D
330
17
100
AcDbEntity
  8
A-HATCH
 62
7
100
AcDbHatch
 10
0.0
 20
0.0
 30
0.0
210
0.0
220
0.0
230
1.0
  2
ANSI36
 70
0
 71
0
 91
1
 92
3
 72
0
 73
1
 93
4
 10
-1980.0
 20
-37350.0
 10
-1912.0
 20
-37350.0
 10
-1912.0
 20
-37330.0
 10
-1980.0
 20
-37330.0
 97
0
 75
1
 76
1
 52
0.0
 41
2.0
 77
0
 78
1
 53
45.0
 43
0.0
 44
0.0
 45
3.3675960454
 46
12.3478521664
 79
4
 49
15.875
 49
-3.175
 49
0.0
 49
-3.175
 98
0
  0
LWPOLYLINE
  5
C8E
330
17
100
AcDbEntity
  8
A-TIMBER
100
AcDbPolyline
 90
4
 70
1
 10
-1980.0
 20
-37350.0
 10
-1912.0
 20
-37350.0
 10
-1912.0
 20
-37330.0
 10
-1980.0
 20
-37330.0
  0
HATCH
  5
C8F
330
17
100
AcDbEntity
  8
A-HATCH
 62
7
100
AcDbHatch
 10
0.0
 20
0.0
 30
0.0
210
0.0
220
0.0
230
1.0
  2
ANSI36
 70
0
 71
0
 91
1
 92
3
 72
0
 73
1
 93
4
 10
-2058.0
 20
-37350.0
 10
-1990.0
 20
-37350.0
 10
-1990.0
 20
-37330.0
 10
-2058.0
 20
-37330.0
 97
0
 75
1
 76
1
 52
0.0
 41
2.0
 77
0
 78
1
 53
45.0
 43
0.0
 44
0.0
 45
3.3675960454
 46
12.3478521664
 79
4
 49
15.875
 49
-3.175
 49
0.0
 49
-3.175
 98
0
  0
LWPOLYLINE
  5
C90
330
17
100
AcDbEntity
  8
A-TIMBER
100
AcDbPolyline
 90
4
 70
1
 10
-2058.0
 20
-37350.0
 10
-1990.0
 20
-37350.0
 10
-1990.0
 20
-37330.0
 10
-2058.0
 20
-37330.0
  0
HATCH
  5
C91
330
17
100
AcDbEntity
  8
A-HATCH
 62
7
100
AcDbHatch
 10
0.0
 20
0.0
 30
0.0
210
0.0
220
0.0
230
1.0
  2
ANSI36
 70
0
 71
0
 91
1
 92
3
 72
0
 73
1
 93
4
 10
-2136.0
 20
-37350.0
 10
-2068.0
 20
-37350.0
 10
-2068.0
 20
-37330.0
 10
-2136.0
 20
-37330.0
 97
0
 75
1
 76
1
 52
0.0
 41
2.0
 77
0
 78
1
 53
45.0
 43
0.0
 44
0.0
 45
3.3675960454
 46
12.3478521664
 79
4
 49
15.875
 49
-3.175
 49
0.0
 49
-3.175
 98
0
  0
LWPOLYLINE
  5
C92
330
17
100
AcDbEntity
  8
A-TIMBER
100
AcDbPolyline
 90
4
 70
1
 10
-2136.0
 20
-37350.0
 10
-2068.0
 20
-37350.0
 10
-2068.0
 20
-37330.0
 10
-2136.0
 20
-37330.0
  0
HATCH
  5
C93
330
17
100
AcDbEntity
  8
A-HATCH
 62
7
100
AcDbHatch
 10
0.0
 20
0.0
 30
0.0
210
0.0
220
0.0
230
1.0
  2
ANSI36
 70
0
 71
0
 91
1
 92
3
 72
0
 73
1
 93
4
 10
-2214.0
 20
-37350.0
 10
-2146.0
 20
-37350.0
 10
-2146.0
 20
-37330.0
 10
-2214.0
 20
-37330.0
 97
0
 75
1
 76
1
 52
0.0
 41
2.0
 77
0
 78
1
 53
45.0
 43
0.0
 44
0.0
 45
3.3675960454
 46
12.3478521664
 79
4
 49
15.875
 49
-3.175
 49
0.0
 49
-3.175
 98
0
  0
LWPOLYLINE
  5
C94
330
17
100
AcDbEntity
  8
A-TIMBER
100
AcDbPolyline
 90
4
 70
1
 10
-2214.0
 20
-37350.0
 10
-2146.0
 20
-37350.0
 10
-2146.0
 20
-37330.0
 10
-2214.0
 20
-37330.0
  0
HATCH
  5
C95
330
17
100
AcDbEntity
  8
A-HATCH
 62
7
100
AcDbHatch
 10
0.0
 20
0.0
 30
0.0
210
0.0
220
0.0
230
1.0
  2
ANSI36
 70
0
 71
0
 91
1
 92
3
 72
0
 73
1
 93
4
 10
-2292.0
 20
-37350.0
 10
-2224.0
 20
-37350.0
 10
-2224.0
 20
-37330.0
 10
-2292.0
 20
-37330.0
 97
0
 75
1
 76
1
 52
0.0
 41
2.0
 77
0
 78
1
 53
45.0
 43
0.0
 44
0.0
 45
3.3675960454
 46
12.3478521664
 79
4
 49
15.875
 49
-3.175
 49
0.0
 49
-3.175
 98
0
  0
LWPOLYLINE
  5
C96
330
17
100
AcDbEntity
  8
A-TIMBER
100
AcDbPolyline
 90
4
 70
1
 10
-2292.0
 20
-37350.0
 10
-2224.0
 20
-37350.0
 10
-2224.0
 20
-37330.0
 10
-2292.0
 20
-37330.0
  0
HATCH
  5
C97
330
17
100
AcDbEntity
  8
A-HATCH
 62
7
100
AcDbHatch
 10
0.0
 20
0.0
 30
0.0
210
0.0
220
0.0
230
1.0
  2
ANSI36
 70
0
 71
0
 91
1
 92
3
 72
0
 73
1
 93
4
 10
-2370.0
 20
-37350.0
 10
-2302.0
 20
-37350.0
 10
-2302.0
 20
-37330.0
 10
-2370.0
 20
-37330.0
 97
0
 75
1
 76
1
 52
0.0
 41
2.0
 77
0
 78
1
 53
45.0
 43
0.0
 44
0.0
 45
3.3675960454
 46
12.3478521664
 79
4
 49
15.875
 49
-3.175
 49
0.0
 49
-3.175
 98
0
  0
LWPOLYLINE
  5
C98
330
17
100
AcDbEntity
  8
A-TIMBER
100
AcDbPolyline
 90
4
 70
1
 10
-2370.0
 20
-37350.0
 10
-2302.0
 20
-37350.0
 10
-2302.0
 20
-37330.0
 10
-2370.0
 20
-37330.0
  0
HATCH
  5
C99
330
17
100
AcDbEntity
  8
A-HATCH
 62
7
100
AcDbHatch
 10
0.0
 20
0.0
 30
0.0
210
0.0
220
0.0
230
1.0
  2
ANSI36
 70
0
 71
0
 91
1
 92
3
 72
0
 73
1
 93
4
 10
-2448.0
 20
-37350.0
 10
-2380.0
 20
-37350.0
 10
-2380.0
 20
-37330.0
 10
-2448.0
 20
-37330.0
 97
0
 75
1
 76
1
 52
0.0
 41
2.0
 77
0
 78
1
 53
45.0
 43
0.0
 44
0.0
 45
3.3675960454
 46
12.3478521664
 79
4
 49
15.875
 49
-3.175
 49
0.0
 49
-3.175
 98
0
  0
LWPOLYLINE
  5
C9A
330
17
100
AcDbEntity
  8
A-TIMBER
100
AcDbPolyline
 90
4
 70
1
 10
-2448.0
 20
-37350.0
 10
-2380.0
 20
-37350.0
 10
-2380.0
 20
-37330.0
 10
-2448.0
 20
-37330.0
  0
HATCH
  5
C9B
330
17
100
AcDbEntity
  8
A-HATCH
 62
7
100
AcDbHatch
 10
0.0
 20
0.0
 30
0.0
210
0.0
220
0.0
230
1.0
  2
ANSI36
 70
0
 71
0
 91
1
 92
3
 72
0
 73
1
 93
4
 10
-2526.0
 20
-37350.0
 10
-2458.0
 20
-37350.0
 10
-2458.0
 20
-37330.0
 10
-2526.0
 20
-37330.0
 97
0
 75
1
 76
1
 52
0.0
 41
2.0
 77
0
 78
1
 53
45.0
 43
0.0
 44
0.0
 45
3.3675960454
 46
12.3478521664
 79
4
 49
15.875
 49
-3.175
 49
0.0
 49
-3.175
 98
0
  0
LWPOLYLINE
  5
C9C
330
17
100
AcDbEntity
  8
A-TIMBER
100
AcDbPolyline
 90
4
 70
1
 10
-2526.0
 20
-37350.0
 10
-2458.0
 20
-37350.0
 10
-2458.0
 20
-37330.0
 10
-2526.0
 20
-37330.0
  0
HATCH
  5
C9D
330
17
100
AcDbEntity
  8
A-HATCH
 62
7
100
AcDbHatch
 10
0.0
 20
0.0
 30
0.0
210
0.0
220
0.0
230
1.0
  2
ANSI36
 70
0
 71
0
 91
1
 92
3
 72
0
 73
1
 93
4
 10
-2604.0
 20
-37350.0
 10
-2536.0
 20
-37350.0
 10
-2536.0
 20
-37330.0
 10
-2604.0
 20
-37330.0
 97
0
 75
1
 76
1
 52
0.0
 41
2.0
 77
0
 78
1
 53
45.0
 43
0.0
 44
0.0
 45
3.3675960454
 46
12.3478521664
 79
4
 49
15.875
 49
-3.175
 49
0.0
 49
-3.175
 98
0
  0
LWPOLYLINE
  5
C9E
330
17
100
AcDbEntity
  8
A-TIMBER
100
AcDbPolyline
 90
4
 70
1
 10
-2604.0
 20
-37350.0
 10
-2536.0
 20
-37350.0
 10
-2536.0
 20
-37330.0
 10
-2604.0
 20
-37330.0
  0
HATCH
  5
C9F
330
17
100
AcDbEntity
  8
A-HATCH
 62
7
100
AcDbHatch
 10
0.0
 20
0.0
 30
0.0
210
0.0
220
0.0
230
1.0
  2
ANSI36
 70
0
 71
0
 91
1
 92
3
 72
0
 73
1
 93
4
 10
-2682.0
 20
-37350.0
 10
-2614.0
 20
-37350.0
 10
-2614.0
 20
-37330.0
 10
-2682.0
 20
-37330.0
 97
0
 75
1
 76
1
 52
0.0
 41
2.0
 77
0
 78
1
 53
45.0
 43
0.0
 44
0.0
 45
3.3675960454
 46
12.3478521664
 79
4
 49
15.875
 49
-3.175
 49
0.0
 49
-3.175
 98
0
  0
LWPOLYLINE
  5
CA0
330
17
100
AcDbEntity
  8
A-TIMBER
100
AcDbPolyline
 90
4
 70
1
 10
-2682.0
 20
-37350.0
 10
-2614.0
 20
-37350.0
 10
-2614.0
 20
-37330.0
 10
-2682.0
 20
-37330.0
  0
HATCH
  5
CA1
330
17
100
AcDbEntity
  8
A-HATCH
 62
7
100
AcDbHatch
 10
0.0
 20
0.0
 30
0.0
210
0.0
220
0.0
230
1.0
  2
ANSI36
 70
0
 71
0
 91
1
 92
3
 72
0
 73
1
 93
4
 10
-2760.0
 20
-37350.0
 10
-2692.0
 20
-37350.0
 10
-2692.0
 20
-37330.0
 10
-2760.0
 20
-37330.0
 97
0
 75
1
 76
1
 52
0.0
 41
2.0
 77
0
 78
1
 53
45.0
 43
0.0
 44
0.0
 45
3.3675960454
 46
12.3478521664
 79
4
 49
15.875
 49
-3.175
 49
0.0
 49
-3.175
 98
0
  0
LWPOLYLINE
  5
CA2
330
17
100
AcDbEntity
  8
A-TIMBER
100
AcDbPolyline
 90
4
 70
1
 10
-2760.0
 20
-37350.0
 10
-2692.0
 20
-37350.0
 10
-2692.0
 20
-37330.0
 10
-2760.0
 20
-37330.0
  0
HATCH
  5
CA3
330
17
100
AcDbEntity
  8
A-HATCH
 62
7
100
AcDbHatch
 10
0.0
 20
0.0
 30
0.0
210
0.0
220
0.0
230
1.0
  2
ANSI36
 70
0
 71
0
 91
1
 92
3
 72
0
 73
1
 93
4
 10
-2838.0
 20
-37350.0
 10
-2770.0
 20
-37350.0
 10
-2770.0
 20
-37330.0
 10
-2838.0
 20
-37330.0
 97
0
 75
1
 76
1
 52
0.0
 41
2.0
 77
0
 78
1
 53
45.0
 43
0.0
 44
0.0
 45
3.3675960454
 46
12.3478521664
 79
4
 49
15.875
 49
-3.175
 49
0.0
 49
-3.175
 98
0
  0
LWPOLYLINE
  5
CA4
330
17
100
AcDbEntity
  8
A-TIMBER
100
AcDbPolyline
 90
4
 70
1
 10
-2838.0
 20
-37350.0
 10
-2770.0
 20
-37350.0
 10
-2770.0
 20
-37330.0
 10
-2838.0
 20
-37330.0
  0
HATCH
  5
CA5
330
17
100
AcDbEntity
  8
A-HATCH
 62
7
100
AcDbHatch
 10
0.0
 20
0.0
 30
0.0
210
0.0
220
0.0
230
1.0
  2
ANSI36
 70
0
 71
0
 91
1
 92
3
 72
0
 73
1
 93
4
 10
-2916.0
 20
-37350.0
 10
-2848.0
 20
-37350.0
 10
-2848.0
 20
-37330.0
 10
-2916.0
 20
-37330.0
 97
0
 75
1
 76
1
 52
0.0
 41
2.0
 77
0
 78
1
 53
45.0
 43
0.0
 44
0.0
 45
3.3675960454
 46
12.3478521664
 79
4
 49
15.875
 49
-3.175
 49
0.0
 49
-3.175
 98
0
  0
LWPOLYLINE
  5
CA6
330
17
100
AcDbEntity
  8
A-TIMBER
100
AcDbPolyline
 90
4
 70
1
 10
-2916.0
 20
-37350.0
 10
-2848.0
 20
-37350.0
 10
-2848.0
 20
-37330.0
 10
-2916.0
 20
-37330.0
  0
HATCH
  5
CA7
330
17
100
AcDbEntity
  8
A-HATCH
 62
7
100
AcDbHatch
 10
0.0
 20
0.0
 30
0.0
210
0.0
220
0.0
230
1.0
  2
ANSI36
 70
0
 71
0
 91
1
 92
3
 72
0
 73
1
 93
4
 10
-2994.0
 20
-37350.0
 10
-2926.0
 20
-37350.0
 10
-2926.0
 20
-37330.0
 10
-2994.0
 20
-37330.0
 97
0
 75
1
 76
1
 52
0.0
 41
2.0
 77
0
 78
1
 53
45.0
 43
0.0
 44
0.0
 45
3.3675960454
 46
12.3478521664
 79
4
 49
15.875
 49
-3.175
 49
0.0
 49
-3.175
 98
0
  0
LWPOLYLINE
  5
CA8
330
17
100
AcDbEntity
  8
A-TIMBER
100
AcDbPolyline
 90
4
 70
1
 10
-2994.0
 20
-37350.0
 10
-2926.0
 20
-37350.0
 10
-2926.0
 20
-37330.0
 10
-2994.0
 20
-37330.0
  0
HATCH
  5
CA9
330
17
100
AcDbEntity
  8
A-HATCH
 62
7
100
AcDbHatch
 10
0.0
 20
0.0
 30
0.0
210
0.0
220
0.0
230
1.0
  2
ANSI36
 70
0
 71
0
 91
1
 92
3
 72
0
 73
1
 93
4
 10
-3072.0
 20
-37350.0
 10
-3004.0
 20
-37350.0
 10
-3004.0
 20
-37330.0
 10
-3072.0
 20
-37330.0
 97
0
 75
1
 76
1
 52
0.0
 41
2.0
 77
0
 78
1
 53
45.0
 43
0.0
 44
0.0
 45
3.3675960454
 46
12.3478521664
 79
4
 49
15.875
 49
-3.175
 49
0.0
 49
-3.175
 98
0
  0
LWPOLYLINE
  5
CAA
330
17
100
AcDbEntity
  8
A-TIMBER
100
AcDbPolyline
 90
4
 70
1
 10
-3072.0
 20
-37350.0
 10
-3004.0
 20
-37350.0
 10
-3004.0
 20
-37330.0
 10
-3072.0
 20
-37330.0
  0
LWPOLYLINE
  5
CAB
330
17
100
AcDbEntity
  8
A-WALL
100
AcDbPolyline
 90
4
 70
1
 10
-2935.0
 20
-37350.0
 10
-2910.0
 20
-37350.0
 10
-2910.0
 20
-37328.0
 10
-2935.0
 20
-37328.0
  0
LINE
  5
CAC
330
17
100
AcDbEntity
  8
A-DIMS
100
AcDbLine
 10
-3150.0
 20
-40716.0
 30
0.0
 11
-3150.0
 21
-40798.0
 31
0.0
  0
LINE
  5
CAD
330
17
100
AcDbEntity
  8
A-DIMS
100
AcDbLine
 10
-3050.0
 20
-40716.0
 30
0.0
 11
-3050.0
 21
-40798.0
 31
0.0
  0
LINE
  5
CAE
330
17
100
AcDbEntity
  8
A-DIMS
100
AcDbLine
 10
-3150.0
 20
-40780.0
 30
0.0
 11
-3050.0
 21
-40780.0
 31
0.0
  0
TEXT
  5
CAF
330
17
100
AcDbEntity
  8
A-DIMS
100
AcDbText
 10
-3100.0
 20
-40780.0
 30
0.0
 40
20.16
  1
100
 72
1
 11
-3100.0
 21
-40780.0
 31
0.0
100
AcDbText
 73
1
  0
LINE
  5
CB0
330
17
100
AcDbEntity
  8
A-DIMS
100
AcDbLine
 10
-3050.0
 20
-40716.0
 30
0.0
 11
-3050.0
 21
-40798.0
 31
0.0
  0
LINE
  5
CB1
330
17
100
AcDbEntity
  8
A-DIMS
100
AcDbLine
 10
-1400.0
 20
-40716.0
 30
0.0
 11
-1400.0
 21
-40798.0
 31
0.0
  0
LINE
  5
CB2
330
17
100
AcDbEntity
  8
A-DIMS
100
AcDbLine
 10
-3050.0
 20
-40780.0
 30
0.0
 11
-1400.0
 21
-40780.0
 31
0.0
  0
TEXT
  5
CB3
330
17
100
AcDbEntity
  8
A-DIMS
100
AcDbText
 10
-2225.0
 20
-40780.0
 30
0.0
 40
20.16
  1
1650
 72
1
 11
-2225.0
 21
-40780.0
 31
0.0
100
AcDbText
 73
1
  0
LINE
  5
CB4
330
17
100
AcDbEntity
  8
A-DIMS
100
AcDbLine
 10
-1400.0
 20
-40716.0
 30
0.0
 11
-1400.0
 21
-40798.0
 31
0.0
  0
LINE
  5
CB5
330
17
100
AcDbEntity
  8
A-DIMS
100
AcDbLine
 10
0.0
 20
-40716.0
 30
0.0
 11
0.0
 21
-40798.0
 31
0.0
  0
LINE
  5
CB6
330
17
100
AcDbEntity
  8
A-DIMS
100
AcDbLine
 10
-1400.0
 20
-40780.0
 30
0.0
 11
0.0
 21
-40780.0
 31
0.0
  0
TEXT
  5
CB7
330
17
100
AcDbEntity
  8
A-DIMS
100
AcDbText
 10
-700.0
 20
-40780.0
 30
0.0
 40
20.16
  1
1400
 72
1
 11
-700.0
 21
-40780.0
 31
0.0
100
AcDbText
 73
1
  0
LINE
  5
CB8
330
17
100
AcDbEntity
  8
A-DIMS
100
AcDbLine
 10
-3150.0
 20
-40716.0
 30
0.0
 11
-3150.0
 21
-40898.0
 31
0.0
  0
LINE
  5
CB9
330
17
100
AcDbEntity
  8
A-DIMS
100
AcDbLine
 10
0.0
 20
-40716.0
 30
0.0
 11
0.0
 21
-40898.0
 31
0.0
  0
LINE
  5
CBA
330
17
100
AcDbEntity
  8
A-DIMS
100
AcDbLine
 10
-3150.0
 20
-40880.0
 30
0.0
 11
0.0
 21
-40880.0
 31
0.0
  0
TEXT
  5
CBB
330
17
100
AcDbEntity
  8
A-DIMS
100
AcDbText
 10
-1575.0
 20
-40880.0
 30
0.0
 40
20.16
  1
3150
 72
1
 11
-1575.0
 21
-40880.0
 31
0.0
100
AcDbText
 73
1
  0
LINE
  5
CBC
330
17
100
AcDbEntity
  8
A-DIMS
100
AcDbLine
 10
-3150.0
 20
-36964.0
 30
0.0
 11
-3150.0
 21
-36522.0
 31
0.0
  0
LINE
  5
CBD
330
17
100
AcDbEntity
  8
A-DIMS
100
AcDbLine
 10
0.0
 20
-36964.0
 30
0.0
 11
0.0
 21
-36522.0
 31
0.0
  0
LINE
  5
CBE
330
17
100
AcDbEntity
  8
A-DIMS
100
AcDbLine
 10
-3150.0
 20
-36540.0
 30
0.0
 11
0.0
 21
-36540.0
 31
0.0
  0
TEXT
  5
CBF
330
17
100
AcDbEntity
  8
A-DIMS
100
AcDbText
 10
-1575.0
 20
-36540.0
 30
0.0
 40
21.599999999999998
  1
3150
 72
1
 11
-1575.0
 21
-36540.0
 31
0.0
100
AcDbText
 73
1
  0
LINE
  5
CC0
330
17
100
AcDbEntity
  8
A-DIMS
100
AcDbLine
 10
-3150.0
 20
-36964.0
 30
0.0
 11
-3150.0
 21
-36642.0
 31
0.0
  0
LINE
  5
CC1
330
17
100
AcDbEntity
  8
A-DIMS
100
AcDbLine
 10
-3100.0
 20
-36964.0
 30
0.0
 11
-3100.0
 21
-36642.0
 31
0.0
  0
LINE
  5
CC2
330
17
100
AcDbEntity
  8
A-DIMS
100
AcDbLine
 10
-3150.0
 20
-36660.0
 30
0.0
 11
-3100.0
 21
-36660.0
 31
0.0
  0
TEXT
  5
CC3
330
17
100
AcDbEntity
  8
A-DIMS
100
AcDbText
 10
-3125.0
 20
-36660.0
 30
0.0
 40
18.72
  1
50
 72
1
 11
-3125.0
 21
-36660.0
 31
0.0
100
AcDbText
 73
1
  0
LINE
  5
CC4
330
17
100
AcDbEntity
  8
A-DIMS
100
AcDbLine
 10
-3100.0
 20
-36964.0
 30
0.0
 11
-3100.0
 21
-36642.0
 31
0.0
  0
LINE
  5
CC5
330
17
100
AcDbEntity
  8
A-DIMS
100
AcDbLine
 10
-3000.0
 20
-36964.0
 30
0.0
 11
-3000.0
 21
-36642.0
 31
0.0
  0
LINE
  5
CC6
330
17
100
AcDbEntity
  8
A-DIMS
100
AcDbLine
 10
-3100.0
 20
-36660.0
 30
0.0
 11
-3000.0
 21
-36660.0
 31
0.0
  0
TEXT
  5
CC7
330
17
100
AcDbEntity
  8
A-DIMS
100
AcDbText
 10
-3050.0
 20
-36660.0
 30
0.0
 40
18.72
  1
100
 72
1
 11
-3050.0
 21
-36660.0
 31
0.0
100
AcDbText
 73
1
  0
LINE
  5
CC8
330
17
100
AcDbEntity
  8
A-DIMS
100
AcDbLine
 10
-130.0
 20
-39999.0
 30
0.0
 11
-130.0
 21
-39917.0
 31
0.0
  0
LINE
  5
CC9
330
17
100
AcDbEntity
  8
A-DIMS
100
AcDbLine
 10
-30.0
 20
-39999.0
 30
0.0
 11
-30.0
 21
-39917.0
 31
0.0
  0
LINE
  5
CCA
330
17
100
AcDbEntity
  8
A-DIMS
100
AcDbLine
 10
-130.0
 20
-39935.0
 30
0.0
 11
-30.0
 21
-39935.0
 31
0.0
  0
TEXT
  5
CCB
330
17
100
AcDbEntity
  8
A-DIMS
100
AcDbText
 10
-80.0
 20
-39935.0
 30
0.0
 40
18.72
  1
100
 72
1
 11
-80.0
 21
-39935.0
 31
0.0
100
AcDbText
 73
1
  0
LWPOLYLINE
  5
CCC
330
17
100
AcDbEntity
  8
A-WALL
100
AcDbPolyline
 90
4
 70
1
 10
30000.0
 20
-40000.0
 10
37200.0
 20
-40000.0
 10
37200.0
 20
-36600.0
 10
30000.0
 20
-36600.0
  0
LWPOLYLINE
  5
CCD
330
17
100
AcDbEntity
  8
A-DOOR
100
AcDbPolyline
 90
4
 70
1
 10
31650.0
 20
-40000.0
 10
32750.0
 20
-40000.0
 10
32750.0
 20
-37600.0
 10
31650.0
 20
-37600.0
  0
HATCH
  5
CCE
330
17
100
AcDbEntity
  8
A-HATCH
 62
8
100
AcDbHatch
 10
0.0
 20
0.0
 30
0.0
210
0.0
220
0.0
230
1.0
  2
SOLID
 70
1
 71
0
 91
1
 92
3
 72
0
 73
1
 93
4
 10
31710.0
 20
-39975.0
 10
32690.0
 20
-39975.0
 10
32690.0
 20
-37660.0
 10
31710.0
 20
-37660.0
 97
0
 75
0
 76
1
 98
0
  0
LWPOLYLINE
  5
CCF
330
17
100
AcDbEntity
  8
A-DOOR
100
AcDbPolyline
 90
4
 70
1
 10
31710.0
 20
-39975.0
 10
32690.0
 20
-39975.0
 10
32690.0
 20
-37660.0
 10
31710.0
 20
-37660.0
  0
LWPOLYLINE
  5
CD0
330
17
100
AcDbEntity
  8
A-DOOR
100
AcDbPolyline
 90
4
 70
1
 10
31710.0
 20
-39975.0
 10
32690.0
 20
-39975.0
 10
32690.0
 20
-37660.0
 10
31710.0
 20
-37660.0
  0
LWPOLYLINE
  5
CD1
330
17
100
AcDbEntity
  8
A-WALL
100
AcDbPolyline
 90
4
 70
1
 10
31750.0
 20
-39050.0
 10
31770.0
 20
-39050.0
 10
31770.0
 20
-38750.0
 10
31750.0
 20
-38750.0
  0
LINE
  5
CD2
330
17
100
AcDbEntity
  8
A-WALL
  6
DASHED
100
AcDbLine
 10
31710.0
 20
-39975.0
 30
0.0
 11
32690.0
 21
-38800.0
 31
0.0
  0
LINE
  5
CD3
330
17
100
AcDbEntity
  8
A-WALL
  6
DASHED
100
AcDbLine
 10
31710.0
 20
-37660.0
 30
0.0
 11
32690.0
 21
-38800.0
 31
0.0
  0
LWPOLYLINE
  5
CD4
330
17
100
AcDbEntity
  8
A-DOOR
100
AcDbPolyline
 90
4
 70
1
 10
33150.0
 20
-40000.0
 10
34950.0
 20
-40000.0
 10
34950.0
 20
-37600.0
 10
33150.0
 20
-37600.0
  0
LWPOLYLINE
  5
CD5
330
17
100
AcDbEntity
  8
A-DOOR
100
AcDbPolyline
 90
4
 70
1
 10
33230.0
 20
-40000.0
 10
34870.0
 20
-40000.0
 10
34870.0
 20
-37600.0
 10
33230.0
 20
-37600.0
  0
LINE
  5
CD6
330
17
100
AcDbEntity
  8
A-DOOR
100
AcDbLine
 10
33230.0
 20
-39940.0
 30
0.0
 11
34870.0
 21
-39940.0
 31
0.0
  0
LINE
  5
CD7
330
17
100
AcDbEntity
  8
A-DOOR
100
AcDbLine
 10
33230.0
 20
-39863.0
 30
0.0
 11
34870.0
 21
-39863.0
 31
0.0
  0
LINE
  5
CD8
330
17
100
AcDbEntity
  8
A-DOOR
100
AcDbLine
 10
33230.0
 20
-39786.0
 30
0.0
 11
34870.0
 21
-39786.0
 31
0.0
  0
LINE
  5
CD9
330
17
100
AcDbEntity
  8
A-DOOR
100
AcDbLine
 10
33230.0
 20
-39709.0
 30
0.0
 11
34870.0
 21
-39709.0
 31
0.0
  0
LINE
  5
CDA
330
17
100
AcDbEntity
  8
A-DOOR
100
AcDbLine
 10
33230.0
 20
-39632.0
 30
0.0
 11
34870.0
 21
-39632.0
 31
0.0
  0
LINE
  5
CDB
330
17
100
AcDbEntity
  8
A-DOOR
100
AcDbLine
 10
33230.0
 20
-39555.0
 30
0.0
 11
34870.0
 21
-39555.0
 31
0.0
  0
LINE
  5
CDC
330
17
100
AcDbEntity
  8
A-DOOR
100
AcDbLine
 10
33230.0
 20
-39478.0
 30
0.0
 11
34870.0
 21
-39478.0
 31
0.0
  0
LINE
  5
CDD
330
17
100
AcDbEntity
  8
A-DOOR
100
AcDbLine
 10
33230.0
 20
-39401.0
 30
0.0
 11
34870.0
 21
-39401.0
 31
0.0
  0
LINE
  5
CDE
330
17
100
AcDbEntity
  8
A-DOOR
100
AcDbLine
 10
33230.0
 20
-39324.0
 30
0.0
 11
34870.0
 21
-39324.0
 31
0.0
  0
LINE
  5
CDF
330
17
100
AcDbEntity
  8
A-DOOR
100
AcDbLine
 10
33230.0
 20
-39247.0
 30
0.0
 11
34870.0
 21
-39247.0
 31
0.0
  0
LINE
  5
CE0
330
17
100
AcDbEntity
  8
A-DOOR
100
AcDbLine
 10
33230.0
 20
-39170.0
 30
0.0
 11
34870.0
 21
-39170.0
 31
0.0
  0
LINE
  5
CE1
330
17
100
AcDbEntity
  8
A-DOOR
100
AcDbLine
 10
33230.0
 20
-39093.0
 30
0.0
 11
34870.0
 21
-39093.0
 31
0.0
  0
LINE
  5
CE2
330
17
100
AcDbEntity
  8
A-DOOR
100
AcDbLine
 10
33230.0
 20
-39016.0
 30
0.0
 11
34870.0
 21
-39016.0
 31
0.0
  0
LINE
  5
CE3
330
17
100
AcDbEntity
  8
A-DOOR
100
AcDbLine
 10
33230.0
 20
-38939.0
 30
0.0
 11
34870.0
 21
-38939.0
 31
0.0
  0
LINE
  5
CE4
330
17
100
AcDbEntity
  8
A-DOOR
100
AcDbLine
 10
33230.0
 20
-38862.0
 30
0.0
 11
34870.0
 21
-38862.0
 31
0.0
  0
LINE
  5
CE5
330
17
100
AcDbEntity
  8
A-DOOR
100
AcDbLine
 10
33230.0
 20
-38785.0
 30
0.0
 11
34870.0
 21
-38785.0
 31
0.0
  0
LINE
  5
CE6
330
17
100
AcDbEntity
  8
A-DOOR
100
AcDbLine
 10
33230.0
 20
-38708.0
 30
0.0
 11
34870.0
 21
-38708.0
 31
0.0
  0
LINE
  5
CE7
330
17
100
AcDbEntity
  8
A-DOOR
100
AcDbLine
 10
33230.0
 20
-38631.0
 30
0.0
 11
34870.0
 21
-38631.0
 31
0.0
  0
LINE
  5
CE8
330
17
100
AcDbEntity
  8
A-DOOR
100
AcDbLine
 10
33230.0
 20
-38554.0
 30
0.0
 11
34870.0
 21
-38554.0
 31
0.0
  0
LINE
  5
CE9
330
17
100
AcDbEntity
  8
A-DOOR
100
AcDbLine
 10
33230.0
 20
-38477.0
 30
0.0
 11
34870.0
 21
-38477.0
 31
0.0
  0
LINE
  5
CEA
330
17
100
AcDbEntity
  8
A-DOOR
100
AcDbLine
 10
33230.0
 20
-38400.0
 30
0.0
 11
34870.0
 21
-38400.0
 31
0.0
  0
LINE
  5
CEB
330
17
100
AcDbEntity
  8
A-DOOR
100
AcDbLine
 10
33230.0
 20
-38323.0
 30
0.0
 11
34870.0
 21
-38323.0
 31
0.0
  0
LINE
  5
CEC
330
17
100
AcDbEntity
  8
A-DOOR
100
AcDbLine
 10
33230.0
 20
-38246.0
 30
0.0
 11
34870.0
 21
-38246.0
 31
0.0
  0
LINE
  5
CED
330
17
100
AcDbEntity
  8
A-DOOR
100
AcDbLine
 10
33230.0
 20
-38169.0
 30
0.0
 11
34870.0
 21
-38169.0
 31
0.0
  0
LINE
  5
CEE
330
17
100
AcDbEntity
  8
A-DOOR
100
AcDbLine
 10
33230.0
 20
-38092.0
 30
0.0
 11
34870.0
 21
-38092.0
 31
0.0
  0
LINE
  5
CEF
330
17
100
AcDbEntity
  8
A-DOOR
100
AcDbLine
 10
33230.0
 20
-38015.0
 30
0.0
 11
34870.0
 21
-38015.0
 31
0.0
  0
LINE
  5
CF0
330
17
100
AcDbEntity
  8
A-DOOR
100
AcDbLine
 10
33230.0
 20
-37938.0
 30
0.0
 11
34870.0
 21
-37938.0
 31
0.0
  0
LINE
  5
CF1
330
17
100
AcDbEntity
  8
A-DOOR
100
AcDbLine
 10
33230.0
 20
-37861.0
 30
0.0
 11
34870.0
 21
-37861.0
 31
0.0
  0
LINE
  5
CF2
330
17
100
AcDbEntity
  8
A-DOOR
100
AcDbLine
 10
33230.0
 20
-37784.0
 30
0.0
 11
34870.0
 21
-37784.0
 31
0.0
  0
LINE
  5
CF3
330
17
100
AcDbEntity
  8
A-DOOR
100
AcDbLine
 10
33230.0
 20
-37707.0
 30
0.0
 11
34870.0
 21
-37707.0
 31
0.0
  0
LINE
  5
CF4
330
17
100
AcDbEntity
  8
A-DOOR
100
AcDbLine
 10
33230.0
 20
-37630.0
 30
0.0
 11
34870.0
 21
-37630.0
 31
0.0
  0
LWPOLYLINE
  5
CF5
330
17
100
AcDbEntity
  8
A-WALL
100
AcDbPolyline
 90
4
 70
1
 10
33230.0
 20
-40000.0
 10
34870.0
 20
-40000.0
 10
34870.0
 20
-39940.0
 10
33230.0
 20
-39940.0
  0
LWPOLYLINE
  5
CF6
330
17
100
AcDbEntity
  8
A-DOOR
100
AcDbPolyline
 90
4
 70
1
 10
35450.0
 20
-40000.0
 10
36350.0
 20
-40000.0
 10
36350.0
 20
-37600.0
 10
35450.0
 20
-37600.0
  0
LWPOLYLINE
  5
CF7
330
17
100
AcDbEntity
  8
A-DOOR
100
AcDbPolyline
 90
4
 70
1
 10
35483.0
 20
-39990.0
 10
36317.0
 20
-39990.0
 10
36317.0
 20
-37633.0
 10
35483.0
 20
-37633.0
  0
LWPOLYLINE
  5
CF8
330
17
100
AcDbEntity
  8
A-DOOR
100
AcDbPolyline
 90
4
 70
1
 10
35573.0
 20
-39790.0
 10
35652.0
 20
-39790.0
 10
35652.0
 20
-39710.27777777778
 10
35573.0
 20
-39710.27777777778
  0
LWPOLYLINE
  5
CF9
330
17
100
AcDbEntity
  8
A-DOOR
100
AcDbPolyline
 90
4
 70
1
 10
35573.0
 20
-39674.27777777778
 10
35652.0
 20
-39674.27777777778
 10
35652.0
 20
-39594.555555555555
 10
35573.0
 20
-39594.555555555555
  0
LWPOLYLINE
  5
CFA
330
17
100
AcDbEntity
  8
A-DOOR
100
AcDbPolyline
 90
4
 70
1
 10
35573.0
 20
-39558.555555555555
 10
35652.0
 20
-39558.555555555555
 10
35652.0
 20
-39478.833333333336
 10
35573.0
 20
-39478.833333333336
  0
LWPOLYLINE
  5
CFB
330
17
100
AcDbEntity
  8
A-DOOR
100
AcDbPolyline
 90
4
 70
1
 10
35573.0
 20
-39442.833333333336
 10
35652.0
 20
-39442.833333333336
 10
35652.0
 20
-39363.11111111111
 10
35573.0
 20
-39363.11111111111
  0
LWPOLYLINE
  5
CFC
330
17
100
AcDbEntity
  8
A-DOOR
100
AcDbPolyline
 90
4
 70
1
 10
35573.0
 20
-39327.11111111111
 10
35652.0
 20
-39327.11111111111
 10
35652.0
 20
-39247.38888888889
 10
35573.0
 20
-39247.38888888889
  0
LWPOLYLINE
  5
CFD
330
17
100
AcDbEntity
  8
A-DOOR
100
AcDbPolyline
 90
4
 70
1
 10
35573.0
 20
-39211.38888888889
 10
35652.0
 20
-39211.38888888889
 10
35652.0
 20
-39131.666666666664
 10
35573.0
 20
-39131.666666666664
  0
LWPOLYLINE
  5
CFE
330
17
100
AcDbEntity
  8
A-DOOR
100
AcDbPolyline
 90
4
 70
1
 10
35573.0
 20
-39095.666666666664
 10
35652.0
 20
-39095.666666666664
 10
35652.0
 20
-39015.944444444445
 10
35573.0
 20
-39015.944444444445
  0
LWPOLYLINE
  5
CFF
330
17
100
AcDbEntity
  8
A-DOOR
100
AcDbPolyline
 90
4
 70
1
 10
35573.0
 20
-38979.944444444445
 10
35652.0
 20
-38979.944444444445
 10
35652.0
 20
-38900.22222222222
 10
35573.0
 20
-38900.22222222222
  0
LWPOLYLINE
  5
D00
330
17
100
AcDbEntity
  8
A-DOOR
100
AcDbPolyline
 90
4
 70
1
 10
35573.0
 20
-38864.22222222222
 10
35652.0
 20
-38864.22222222222
 10
35652.0
 20
-38784.5
 10
35573.0
 20
-38784.5
  0
LWPOLYLINE
  5
D01
330
17
100
AcDbEntity
  8
A-DOOR
100
AcDbPolyline
 90
4
 70
1
 10
35573.0
 20
-38748.5
 10
35652.0
 20
-38748.5
 10
35652.0
 20
-38668.77777777778
 10
35573.0
 20
-38668.77777777778
  0
LWPOLYLINE
  5
D02
330
17
100
AcDbEntity
  8
A-DOOR
100
AcDbPolyline
 90
4
 70
1
 10
35573.0
 20
-38632.77777777778
 10
35652.0
 20
-38632.77777777778
 10
35652.0
 20
-38553.055555555555
 10
35573.0
 20
-38553.055555555555
  0
LWPOLYLINE
  5
D03
330
17
100
AcDbEntity
  8
A-DOOR
100
AcDbPolyline
 90
4
 70
1
 10
35573.0
 20
-38517.055555555555
 10
35652.0
 20
-38517.055555555555
 10
35652.0
 20
-38437.333333333336
 10
35573.0
 20
-38437.333333333336
  0
LWPOLYLINE
  5
D04
330
17
100
AcDbEntity
  8
A-DOOR
100
AcDbPolyline
 90
4
 70
1
 10
35573.0
 20
-38401.333333333336
 10
35652.0
 20
-38401.333333333336
 10
35652.0
 20
-38321.61111111111
 10
35573.0
 20
-38321.61111111111
  0
LWPOLYLINE
  5
D05
330
17
100
AcDbEntity
  8
A-DOOR
100
AcDbPolyline
 90
4
 70
1
 10
35573.0
 20
-38285.61111111111
 10
35652.0
 20
-38285.61111111111
 10
35652.0
 20
-38205.88888888889
 10
35573.0
 20
-38205.88888888889
  0
LWPOLYLINE
  5
D06
330
17
100
AcDbEntity
  8
A-DOOR
100
AcDbPolyline
 90
4
 70
1
 10
35573.0
 20
-38169.88888888889
 10
35652.0
 20
-38169.88888888889
 10
35652.0
 20
-38090.166666666664
 10
35573.0
 20
-38090.166666666664
  0
LWPOLYLINE
  5
D07
330
17
100
AcDbEntity
  8
A-DOOR
100
AcDbPolyline
 90
4
 70
1
 10
35573.0
 20
-38054.166666666664
 10
35652.0
 20
-38054.166666666664
 10
35652.0
 20
-37974.444444444445
 10
35573.0
 20
-37974.444444444445
  0
LWPOLYLINE
  5
D08
330
17
100
AcDbEntity
  8
A-DOOR
100
AcDbPolyline
 90
4
 70
1
 10
35573.0
 20
-37938.444444444445
 10
35652.0
 20
-37938.444444444445
 10
35652.0
 20
-37858.72222222222
 10
35573.0
 20
-37858.72222222222
  0
LWPOLYLINE
  5
D09
330
17
100
AcDbEntity
  8
A-DOOR
100
AcDbPolyline
 90
4
 70
1
 10
35573.0
 20
-37822.72222222222
 10
35652.0
 20
-37822.72222222222
 10
35652.0
 20
-37743.0
 10
35573.0
 20
-37743.0
  0
LWPOLYLINE
  5
D0A
330
17
100
AcDbEntity
  8
A-DOOR
100
AcDbPolyline
 90
4
 70
1
 10
35688.0
 20
-39790.0
 10
35767.0
 20
-39790.0
 10
35767.0
 20
-39710.27777777778
 10
35688.0
 20
-39710.27777777778
  0
LWPOLYLINE
  5
D0B
330
17
100
AcDbEntity
  8
A-DOOR
100
AcDbPolyline
 90
4
 70
1
 10
35688.0
 20
-39674.27777777778
 10
35767.0
 20
-39674.27777777778
 10
35767.0
 20
-39594.555555555555
 10
35688.0
 20
-39594.555555555555
  0
LWPOLYLINE
  5
D0C
330
17
100
AcDbEntity
  8
A-DOOR
100
AcDbPolyline
 90
4
 70
1
 10
35688.0
 20
-39558.555555555555
 10
35767.0
 20
-39558.555555555555
 10
35767.0
 20
-39478.833333333336
 10
35688.0
 20
-39478.833333333336
  0
LWPOLYLINE
  5
D0D
330
17
100
AcDbEntity
  8
A-DOOR
100
AcDbPolyline
 90
4
 70
1
 10
35688.0
 20
-39442.833333333336
 10
35767.0
 20
-39442.833333333336
 10
35767.0
 20
-39363.11111111111
 10
35688.0
 20
-39363.11111111111
  0
LWPOLYLINE
  5
D0E
330
17
100
AcDbEntity
  8
A-DOOR
100
AcDbPolyline
 90
4
 70
1
 10
35688.0
 20
-39327.11111111111
 10
35767.0
 20
-39327.11111111111
 10
35767.0
 20
-39247.38888888889
 10
35688.0
 20
-39247.38888888889
  0
LWPOLYLINE
  5
D0F
330
17
100
AcDbEntity
  8
A-DOOR
100
AcDbPolyline
 90
4
 70
1
 10
35688.0
 20
-39211.38888888889
 10
35767.0
 20
-39211.38888888889
 10
35767.0
 20
-39131.666666666664
 10
35688.0
 20
-39131.666666666664
  0
LWPOLYLINE
  5
D10
330
17
100
AcDbEntity
  8
A-DOOR
100
AcDbPolyline
 90
4
 70
1
 10
35688.0
 20
-39095.666666666664
 10
35767.0
 20
-39095.666666666664
 10
35767.0
 20
-39015.944444444445
 10
35688.0
 20
-39015.944444444445
  0
LWPOLYLINE
  5
D11
330
17
100
AcDbEntity
  8
A-DOOR
100
AcDbPolyline
 90
4
 70
1
 10
35688.0
 20
-38979.944444444445
 10
35767.0
 20
-38979.944444444445
 10
35767.0
 20
-38900.22222222222
 10
35688.0
 20
-38900.22222222222
  0
LWPOLYLINE
  5
D12
330
17
100
AcDbEntity
  8
A-DOOR
100
AcDbPolyline
 90
4
 70
1
 10
35688.0
 20
-38864.22222222222
 10
35767.0
 20
-38864.22222222222
 10
35767.0
 20
-38784.5
 10
35688.0
 20
-38784.5
  0
LWPOLYLINE
  5
D13
330
17
100
AcDbEntity
  8
A-DOOR
100
AcDbPolyline
 90
4
 70
1
 10
35688.0
 20
-38748.5
 10
35767.0
 20
-38748.5
 10
35767.0
 20
-38668.77777777778
 10
35688.0
 20
-38668.77777777778
  0
LWPOLYLINE
  5
D14
330
17
100
AcDbEntity
  8
A-DOOR
100
AcDbPolyline
 90
4
 70
1
 10
35688.0
 20
-38632.77777777778
 10
35767.0
 20
-38632.77777777778
 10
35767.0
 20
-38553.055555555555
 10
35688.0
 20
-38553.055555555555
  0
LWPOLYLINE
  5
D15
330
17
100
AcDbEntity
  8
A-DOOR
100
AcDbPolyline
 90
4
 70
1
 10
35688.0
 20
-38517.055555555555
 10
35767.0
 20
-38517.055555555555
 10
35767.0
 20
-38437.333333333336
 10
35688.0
 20
-38437.333333333336
  0
LWPOLYLINE
  5
D16
330
17
100
AcDbEntity
  8
A-DOOR
100
AcDbPolyline
 90
4
 70
1
 10
35688.0
 20
-38401.333333333336
 10
35767.0
 20
-38401.333333333336
 10
35767.0
 20
-38321.61111111111
 10
35688.0
 20
-38321.61111111111
  0
LWPOLYLINE
  5
D17
330
17
100
AcDbEntity
  8
A-DOOR
100
AcDbPolyline
 90
4
 70
1
 10
35688.0
 20
-38285.61111111111
 10
35767.0
 20
-38285.61111111111
 10
35767.0
 20
-38205.88888888889
 10
35688.0
 20
-38205.88888888889
  0
LWPOLYLINE
  5
D18
330
17
100
AcDbEntity
  8
A-DOOR
100
AcDbPolyline
 90
4
 70
1
 10
35688.0
 20
-38169.88888888889
 10
35767.0
 20
-38169.88888888889
 10
35767.0
 20
-38090.166666666664
 10
35688.0
 20
-38090.166666666664
  0
LWPOLYLINE
  5
D19
330
17
100
AcDbEntity
  8
A-DOOR
100
AcDbPolyline
 90
4
 70
1
 10
35688.0
 20
-38054.166666666664
 10
35767.0
 20
-38054.166666666664
 10
35767.0
 20
-37974.444444444445
 10
35688.0
 20
-37974.444444444445
  0
LWPOLYLINE
  5
D1A
330
17
100
AcDbEntity
  8
A-DOOR
100
AcDbPolyline
 90
4
 70
1
 10
35688.0
 20
-37938.444444444445
 10
35767.0
 20
-37938.444444444445
 10
35767.0
 20
-37858.72222222222
 10
35688.0
 20
-37858.72222222222
  0
LWPOLYLINE
  5
D1B
330
17
100
AcDbEntity
  8
A-DOOR
100
AcDbPolyline
 90
4
 70
1
 10
35688.0
 20
-37822.72222222222
 10
35767.0
 20
-37822.72222222222
 10
35767.0
 20
-37743.0
 10
35688.0
 20
-37743.0
  0
LWPOLYLINE
  5
D1C
330
17
100
AcDbEntity
  8
A-DOOR
100
AcDbPolyline
 90
4
 70
1
 10
35803.0
 20
-39790.0
 10
35882.0
 20
-39790.0
 10
35882.0
 20
-39710.27777777778
 10
35803.0
 20
-39710.27777777778
  0
LWPOLYLINE
  5
D1D
330
17
100
AcDbEntity
  8
A-DOOR
100
AcDbPolyline
 90
4
 70
1
 10
35803.0
 20
-39674.27777777778
 10
35882.0
 20
-39674.27777777778
 10
35882.0
 20
-39594.555555555555
 10
35803.0
 20
-39594.555555555555
  0
LWPOLYLINE
  5
D1E
330
17
100
AcDbEntity
  8
A-DOOR
100
AcDbPolyline
 90
4
 70
1
 10
35803.0
 20
-39558.555555555555
 10
35882.0
 20
-39558.555555555555
 10
35882.0
 20
-39478.833333333336
 10
35803.0
 20
-39478.833333333336
  0
LWPOLYLINE
  5
D1F
330
17
100
AcDbEntity
  8
A-DOOR
100
AcDbPolyline
 90
4
 70
1
 10
35803.0
 20
-39442.833333333336
 10
35882.0
 20
-39442.833333333336
 10
35882.0
 20
-39363.11111111111
 10
35803.0
 20
-39363.11111111111
  0
LWPOLYLINE
  5
D20
330
17
100
AcDbEntity
  8
A-DOOR
100
AcDbPolyline
 90
4
 70
1
 10
35803.0
 20
-39327.11111111111
 10
35882.0
 20
-39327.11111111111
 10
35882.0
 20
-39247.38888888889
 10
35803.0
 20
-39247.38888888889
  0
LWPOLYLINE
  5
D21
330
17
100
AcDbEntity
  8
A-DOOR
100
AcDbPolyline
 90
4
 70
1
 10
35803.0
 20
-39211.38888888889
 10
35882.0
 20
-39211.38888888889
 10
35882.0
 20
-39131.666666666664
 10
35803.0
 20
-39131.666666666664
  0
LWPOLYLINE
  5
D22
330
17
100
AcDbEntity
  8
A-DOOR
100
AcDbPolyline
 90
4
 70
1
 10
35803.0
 20
-39095.666666666664
 10
35882.0
 20
-39095.666666666664
 10
35882.0
 20
-39015.944444444445
 10
35803.0
 20
-39015.944444444445
  0
LWPOLYLINE
  5
D23
330
17
100
AcDbEntity
  8
A-DOOR
100
AcDbPolyline
 90
4
 70
1
 10
35803.0
 20
-38979.944444444445
 10
35882.0
 20
-38979.944444444445
 10
35882.0
 20
-38900.22222222222
 10
35803.0
 20
-38900.22222222222
  0
LWPOLYLINE
  5
D24
330
17
100
AcDbEntity
  8
A-DOOR
100
AcDbPolyline
 90
4
 70
1
 10
35803.0
 20
-38864.22222222222
 10
35882.0
 20
-38864.22222222222
 10
35882.0
 20
-38784.5
 10
35803.0
 20
-38784.5
  0
LWPOLYLINE
  5
D25
330
17
100
AcDbEntity
  8
A-DOOR
100
AcDbPolyline
 90
4
 70
1
 10
35803.0
 20
-38748.5
 10
35882.0
 20
-38748.5
 10
35882.0
 20
-38668.77777777778
 10
35803.0
 20
-38668.77777777778
  0
LWPOLYLINE
  5
D26
330
17
100
AcDbEntity
  8
A-DOOR
100
AcDbPolyline
 90
4
 70
1
 10
35803.0
 20
-38632.77777777778
 10
35882.0
 20
-38632.77777777778
 10
35882.0
 20
-38553.055555555555
 10
35803.0
 20
-38553.055555555555
  0
LWPOLYLINE
  5
D27
330
17
100
AcDbEntity
  8
A-DOOR
100
AcDbPolyline
 90
4
 70
1
 10
35803.0
 20
-38517.055555555555
 10
35882.0
 20
-38517.055555555555
 10
35882.0
 20
-38437.333333333336
 10
35803.0
 20
-38437.333333333336
  0
LWPOLYLINE
  5
D28
330
17
100
AcDbEntity
  8
A-DOOR
100
AcDbPolyline
 90
4
 70
1
 10
35803.0
 20
-38401.333333333336
 10
35882.0
 20
-38401.333333333336
 10
35882.0
 20
-38321.61111111111
 10
35803.0
 20
-38321.61111111111
  0
LWPOLYLINE
  5
D29
330
17
100
AcDbEntity
  8
A-DOOR
100
AcDbPolyline
 90
4
 70
1
 10
35803.0
 20
-38285.61111111111
 10
35882.0
 20
-38285.61111111111
 10
35882.0
 20
-38205.88888888889
 10
35803.0
 20
-38205.88888888889
  0
LWPOLYLINE
  5
D2A
330
17
100
AcDbEntity
  8
A-DOOR
100
AcDbPolyline
 90
4
 70
1
 10
35803.0
 20
-38169.88888888889
 10
35882.0
 20
-38169.88888888889
 10
35882.0
 20
-38090.166666666664
 10
35803.0
 20
-38090.166666666664
  0
LWPOLYLINE
  5
D2B
330
17
100
AcDbEntity
  8
A-DOOR
100
AcDbPolyline
 90
4
 70
1
 10
35803.0
 20
-38054.166666666664
 10
35882.0
 20
-38054.166666666664
 10
35882.0
 20
-37974.444444444445
 10
35803.0
 20
-37974.444444444445
  0
LWPOLYLINE
  5
D2C
330
17
100
AcDbEntity
  8
A-DOOR
100
AcDbPolyline
 90
4
 70
1
 10
35803.0
 20
-37938.444444444445
 10
35882.0
 20
-37938.444444444445
 10
35882.0
 20
-37858.72222222222
 10
35803.0
 20
-37858.72222222222
  0
LWPOLYLINE
  5
D2D
330
17
100
AcDbEntity
  8
A-DOOR
100
AcDbPolyline
 90
4
 70
1
 10
35803.0
 20
-37822.72222222222
 10
35882.0
 20
-37822.72222222222
 10
35882.0
 20
-37743.0
 10
35803.0
 20
-37743.0
  0
LWPOLYLINE
  5
D2E
330
17
100
AcDbEntity
  8
A-DOOR
100
AcDbPolyline
 90
4
 70
1
 10
35918.0
 20
-39790.0
 10
35997.0
 20
-39790.0
 10
35997.0
 20
-39710.27777777778
 10
35918.0
 20
-39710.27777777778
  0
LWPOLYLINE
  5
D2F
330
17
100
AcDbEntity
  8
A-DOOR
100
AcDbPolyline
 90
4
 70
1
 10
35918.0
 20
-39674.27777777778
 10
35997.0
 20
-39674.27777777778
 10
35997.0
 20
-39594.555555555555
 10
35918.0
 20
-39594.555555555555
  0
LWPOLYLINE
  5
D30
330
17
100
AcDbEntity
  8
A-DOOR
100
AcDbPolyline
 90
4
 70
1
 10
35918.0
 20
-39558.555555555555
 10
35997.0
 20
-39558.555555555555
 10
35997.0
 20
-39478.833333333336
 10
35918.0
 20
-39478.833333333336
  0
LWPOLYLINE
  5
D31
330
17
100
AcDbEntity
  8
A-DOOR
100
AcDbPolyline
 90
4
 70
1
 10
35918.0
 20
-39442.833333333336
 10
35997.0
 20
-39442.833333333336
 10
35997.0
 20
-39363.11111111111
 10
35918.0
 20
-39363.11111111111
  0
LWPOLYLINE
  5
D32
330
17
100
AcDbEntity
  8
A-DOOR
100
AcDbPolyline
 90
4
 70
1
 10
35918.0
 20
-39327.11111111111
 10
35997.0
 20
-39327.11111111111
 10
35997.0
 20
-39247.38888888889
 10
35918.0
 20
-39247.38888888889
  0
LWPOLYLINE
  5
D33
330
17
100
AcDbEntity
  8
A-DOOR
100
AcDbPolyline
 90
4
 70
1
 10
35918.0
 20
-39211.38888888889
 10
35997.0
 20
-39211.38888888889
 10
35997.0
 20
-39131.666666666664
 10
35918.0
 20
-39131.666666666664
  0
LWPOLYLINE
  5
D34
330
17
100
AcDbEntity
  8
A-DOOR
100
AcDbPolyline
 90
4
 70
1
 10
35918.0
 20
-39095.666666666664
 10
35997.0
 20
-39095.666666666664
 10
35997.0
 20
-39015.944444444445
 10
35918.0
 20
-39015.944444444445
  0
LWPOLYLINE
  5
D35
330
17
100
AcDbEntity
  8
A-DOOR
100
AcDbPolyline
 90
4
 70
1
 10
35918.0
 20
-38979.944444444445
 10
35997.0
 20
-38979.944444444445
 10
35997.0
 20
-38900.22222222222
 10
35918.0
 20
-38900.22222222222
  0
LWPOLYLINE
  5
D36
330
17
100
AcDbEntity
  8
A-DOOR
100
AcDbPolyline
 90
4
 70
1
 10
35918.0
 20
-38864.22222222222
 10
35997.0
 20
-38864.22222222222
 10
35997.0
 20
-38784.5
 10
35918.0
 20
-38784.5
  0
LWPOLYLINE
  5
D37
330
17
100
AcDbEntity
  8
A-DOOR
100
AcDbPolyline
 90
4
 70
1
 10
35918.0
 20
-38748.5
 10
35997.0
 20
-38748.5
 10
35997.0
 20
-38668.77777777778
 10
35918.0
 20
-38668.77777777778
  0
LWPOLYLINE
  5
D38
330
17
100
AcDbEntity
  8
A-DOOR
100
AcDbPolyline
 90
4
 70
1
 10
35918.0
 20
-38632.77777777778
 10
35997.0
 20
-38632.77777777778
 10
35997.0
 20
-38553.055555555555
 10
35918.0
 20
-38553.055555555555
  0
LWPOLYLINE
  5
D39
330
17
100
AcDbEntity
  8
A-DOOR
100
AcDbPolyline
 90
4
 70
1
 10
35918.0
 20
-38517.055555555555
 10
35997.0
 20
-38517.055555555555
 10
35997.0
 20
-38437.333333333336
 10
35918.0
 20
-38437.333333333336
  0
LWPOLYLINE
  5
D3A
330
17
100
AcDbEntity
  8
A-DOOR
100
AcDbPolyline
 90
4
 70
1
 10
35918.0
 20
-38401.333333333336
 10
35997.0
 20
-38401.333333333336
 10
35997.0
 20
-38321.61111111111
 10
35918.0
 20
-38321.61111111111
  0
LWPOLYLINE
  5
D3B
330
17
100
AcDbEntity
  8
A-DOOR
100
AcDbPolyline
 90
4
 70
1
 10
35918.0
 20
-38285.61111111111
 10
35997.0
 20
-38285.61111111111
 10
35997.0
 20
-38205.88888888889
 10
35918.0
 20
-38205.88888888889
  0
LWPOLYLINE
  5
D3C
330
17
100
AcDbEntity
  8
A-DOOR
100
AcDbPolyline
 90
4
 70
1
 10
35918.0
 20
-38169.88888888889
 10
35997.0
 20
-38169.88888888889
 10
35997.0
 20
-38090.166666666664
 10
35918.0
 20
-38090.166666666664
  0
LWPOLYLINE
  5
D3D
330
17
100
AcDbEntity
  8
A-DOOR
100
AcDbPolyline
 90
4
 70
1
 10
35918.0
 20
-38054.166666666664
 10
35997.0
 20
-38054.166666666664
 10
35997.0
 20
-37974.444444444445
 10
35918.0
 20
-37974.444444444445
  0
LWPOLYLINE
  5
D3E
330
17
100
AcDbEntity
  8
A-DOOR
100
AcDbPolyline
 90
4
 70
1
 10
35918.0
 20
-37938.444444444445
 10
35997.0
 20
-37938.444444444445
 10
35997.0
 20
-37858.72222222222
 10
35918.0
 20
-37858.72222222222
  0
LWPOLYLINE
  5
D3F
330
17
100
AcDbEntity
  8
A-DOOR
100
AcDbPolyline
 90
4
 70
1
 10
35918.0
 20
-37822.72222222222
 10
35997.0
 20
-37822.72222222222
 10
35997.0
 20
-37743.0
 10
35918.0
 20
-37743.0
  0
LWPOLYLINE
  5
D40
330
17
100
AcDbEntity
  8
A-DOOR
100
AcDbPolyline
 90
4
 70
1
 10
36033.0
 20
-39790.0
 10
36112.0
 20
-39790.0
 10
36112.0
 20
-39710.27777777778
 10
36033.0
 20
-39710.27777777778
  0
LWPOLYLINE
  5
D41
330
17
100
AcDbEntity
  8
A-DOOR
100
AcDbPolyline
 90
4
 70
1
 10
36033.0
 20
-39674.27777777778
 10
36112.0
 20
-39674.27777777778
 10
36112.0
 20
-39594.555555555555
 10
36033.0
 20
-39594.555555555555
  0
LWPOLYLINE
  5
D42
330
17
100
AcDbEntity
  8
A-DOOR
100
AcDbPolyline
 90
4
 70
1
 10
36033.0
 20
-39558.555555555555
 10
36112.0
 20
-39558.555555555555
 10
36112.0
 20
-39478.833333333336
 10
36033.0
 20
-39478.833333333336
  0
LWPOLYLINE
  5
D43
330
17
100
AcDbEntity
  8
A-DOOR
100
AcDbPolyline
 90
4
 70
1
 10
36033.0
 20
-39442.833333333336
 10
36112.0
 20
-39442.833333333336
 10
36112.0
 20
-39363.11111111111
 10
36033.0
 20
-39363.11111111111
  0
LWPOLYLINE
  5
D44
330
17
100
AcDbEntity
  8
A-DOOR
100
AcDbPolyline
 90
4
 70
1
 10
36033.0
 20
-39327.11111111111
 10
36112.0
 20
-39327.11111111111
 10
36112.0
 20
-39247.38888888889
 10
36033.0
 20
-39247.38888888889
  0
LWPOLYLINE
  5
D45
330
17
100
AcDbEntity
  8
A-DOOR
100
AcDbPolyline
 90
4
 70
1
 10
36033.0
 20
-39211.38888888889
 10
36112.0
 20
-39211.38888888889
 10
36112.0
 20
-39131.666666666664
 10
36033.0
 20
-39131.666666666664
  0
LWPOLYLINE
  5
D46
330
17
100
AcDbEntity
  8
A-DOOR
100
AcDbPolyline
 90
4
 70
1
 10
36033.0
 20
-39095.666666666664
 10
36112.0
 20
-39095.666666666664
 10
36112.0
 20
-39015.944444444445
 10
36033.0
 20
-39015.944444444445
  0
LWPOLYLINE
  5
D47
330
17
100
AcDbEntity
  8
A-DOOR
100
AcDbPolyline
 90
4
 70
1
 10
36033.0
 20
-38979.944444444445
 10
36112.0
 20
-38979.944444444445
 10
36112.0
 20
-38900.22222222222
 10
36033.0
 20
-38900.22222222222
  0
LWPOLYLINE
  5
D48
330
17
100
AcDbEntity
  8
A-DOOR
100
AcDbPolyline
 90
4
 70
1
 10
36033.0
 20
-38864.22222222222
 10
36112.0
 20
-38864.22222222222
 10
36112.0
 20
-38784.5
 10
36033.0
 20
-38784.5
  0
LWPOLYLINE
  5
D49
330
17
100
AcDbEntity
  8
A-DOOR
100
AcDbPolyline
 90
4
 70
1
 10
36033.0
 20
-38748.5
 10
36112.0
 20
-38748.5
 10
36112.0
 20
-38668.77777777778
 10
36033.0
 20
-38668.77777777778
  0
LWPOLYLINE
  5
D4A
330
17
100
AcDbEntity
  8
A-DOOR
100
AcDbPolyline
 90
4
 70
1
 10
36033.0
 20
-38632.77777777778
 10
36112.0
 20
-38632.77777777778
 10
36112.0
 20
-38553.055555555555
 10
36033.0
 20
-38553.055555555555
  0
LWPOLYLINE
  5
D4B
330
17
100
AcDbEntity
  8
A-DOOR
100
AcDbPolyline
 90
4
 70
1
 10
36033.0
 20
-38517.055555555555
 10
36112.0
 20
-38517.055555555555
 10
36112.0
 20
-38437.333333333336
 10
36033.0
 20
-38437.333333333336
  0
LWPOLYLINE
  5
D4C
330
17
100
AcDbEntity
  8
A-DOOR
100
AcDbPolyline
 90
4
 70
1
 10
36033.0
 20
-38401.333333333336
 10
36112.0
 20
-38401.333333333336
 10
36112.0
 20
-38321.61111111111
 10
36033.0
 20
-38321.61111111111
  0
LWPOLYLINE
  5
D4D
330
17
100
AcDbEntity
  8
A-DOOR
100
AcDbPolyline
 90
4
 70
1
 10
36033.0
 20
-38285.61111111111
 10
36112.0
 20
-38285.61111111111
 10
36112.0
 20
-38205.88888888889
 10
36033.0
 20
-38205.88888888889
  0
LWPOLYLINE
  5
D4E
330
17
100
AcDbEntity
  8
A-DOOR
100
AcDbPolyline
 90
4
 70
1
 10
36033.0
 20
-38169.88888888889
 10
36112.0
 20
-38169.88888888889
 10
36112.0
 20
-38090.166666666664
 10
36033.0
 20
-38090.166666666664
  0
LWPOLYLINE
  5
D4F
330
17
100
AcDbEntity
  8
A-DOOR
100
AcDbPolyline
 90
4
 70
1
 10
36033.0
 20
-38054.166666666664
 10
36112.0
 20
-38054.166666666664
 10
36112.0
 20
-37974.444444444445
 10
36033.0
 20
-37974.444444444445
  0
LWPOLYLINE
  5
D50
330
17
100
AcDbEntity
  8
A-DOOR
100
AcDbPolyline
 90
4
 70
1
 10
36033.0
 20
-37938.444444444445
 10
36112.0
 20
-37938.444444444445
 10
36112.0
 20
-37858.72222222222
 10
36033.0
 20
-37858.72222222222
  0
LWPOLYLINE
  5
D51
330
17
100
AcDbEntity
  8
A-DOOR
100
AcDbPolyline
 90
4
 70
1
 10
36033.0
 20
-37822.72222222222
 10
36112.0
 20
-37822.72222222222
 10
36112.0
 20
-37743.0
 10
36033.0
 20
-37743.0
  0
LWPOLYLINE
  5
D52
330
17
100
AcDbEntity
  8
A-DOOR
100
AcDbPolyline
 90
4
 70
1
 10
36148.0
 20
-39790.0
 10
36227.0
 20
-39790.0
 10
36227.0
 20
-39710.27777777778
 10
36148.0
 20
-39710.27777777778
  0
LWPOLYLINE
  5
D53
330
17
100
AcDbEntity
  8
A-DOOR
100
AcDbPolyline
 90
4
 70
1
 10
36148.0
 20
-39674.27777777778
 10
36227.0
 20
-39674.27777777778
 10
36227.0
 20
-39594.555555555555
 10
36148.0
 20
-39594.555555555555
  0
LWPOLYLINE
  5
D54
330
17
100
AcDbEntity
  8
A-DOOR
100
AcDbPolyline
 90
4
 70
1
 10
36148.0
 20
-39558.555555555555
 10
36227.0
 20
-39558.555555555555
 10
36227.0
 20
-39478.833333333336
 10
36148.0
 20
-39478.833333333336
  0
LWPOLYLINE
  5
D55
330
17
100
AcDbEntity
  8
A-DOOR
100
AcDbPolyline
 90
4
 70
1
 10
36148.0
 20
-39442.833333333336
 10
36227.0
 20
-39442.833333333336
 10
36227.0
 20
-39363.11111111111
 10
36148.0
 20
-39363.11111111111
  0
LWPOLYLINE
  5
D56
330
17
100
AcDbEntity
  8
A-DOOR
100
AcDbPolyline
 90
4
 70
1
 10
36148.0
 20
-39327.11111111111
 10
36227.0
 20
-39327.11111111111
 10
36227.0
 20
-39247.38888888889
 10
36148.0
 20
-39247.38888888889
  0
LWPOLYLINE
  5
D57
330
17
100
AcDbEntity
  8
A-DOOR
100
AcDbPolyline
 90
4
 70
1
 10
36148.0
 20
-39211.38888888889
 10
36227.0
 20
-39211.38888888889
 10
36227.0
 20
-39131.666666666664
 10
36148.0
 20
-39131.666666666664
  0
LWPOLYLINE
  5
D58
330
17
100
AcDbEntity
  8
A-DOOR
100
AcDbPolyline
 90
4
 70
1
 10
36148.0
 20
-39095.666666666664
 10
36227.0
 20
-39095.666666666664
 10
36227.0
 20
-39015.944444444445
 10
36148.0
 20
-39015.944444444445
  0
LWPOLYLINE
  5
D59
330
17
100
AcDbEntity
  8
A-DOOR
100
AcDbPolyline
 90
4
 70
1
 10
36148.0
 20
-38979.944444444445
 10
36227.0
 20
-38979.944444444445
 10
36227.0
 20
-38900.22222222222
 10
36148.0
 20
-38900.22222222222
  0
LWPOLYLINE
  5
D5A
330
17
100
AcDbEntity
  8
A-DOOR
100
AcDbPolyline
 90
4
 70
1
 10
36148.0
 20
-38864.22222222222
 10
36227.0
 20
-38864.22222222222
 10
36227.0
 20
-38784.5
 10
36148.0
 20
-38784.5
  0
LWPOLYLINE
  5
D5B
330
17
100
AcDbEntity
  8
A-DOOR
100
AcDbPolyline
 90
4
 70
1
 10
36148.0
 20
-38748.5
 10
36227.0
 20
-38748.5
 10
36227.0
 20
-38668.77777777778
 10
36148.0
 20
-38668.77777777778
  0
LWPOLYLINE
  5
D5C
330
17
100
AcDbEntity
  8
A-DOOR
100
AcDbPolyline
 90
4
 70
1
 10
36148.0
 20
-38632.77777777778
 10
36227.0
 20
-38632.77777777778
 10
36227.0
 20
-38553.055555555555
 10
36148.0
 20
-38553.055555555555
  0
LWPOLYLINE
  5
D5D
330
17
100
AcDbEntity
  8
A-DOOR
100
AcDbPolyline
 90
4
 70
1
 10
36148.0
 20
-38517.055555555555
 10
36227.0
 20
-38517.055555555555
 10
36227.0
 20
-38437.333333333336
 10
36148.0
 20
-38437.333333333336
  0
LWPOLYLINE
  5
D5E
330
17
100
AcDbEntity
  8
A-DOOR
100
AcDbPolyline
 90
4
 70
1
 10
36148.0
 20
-38401.333333333336
 10
36227.0
 20
-38401.333333333336
 10
36227.0
 20
-38321.61111111111
 10
36148.0
 20
-38321.61111111111
  0
LWPOLYLINE
  5
D5F
330
17
100
AcDbEntity
  8
A-DOOR
100
AcDbPolyline
 90
4
 70
1
 10
36148.0
 20
-38285.61111111111
 10
36227.0
 20
-38285.61111111111
 10
36227.0
 20
-38205.88888888889
 10
36148.0
 20
-38205.88888888889
  0
LWPOLYLINE
  5
D60
330
17
100
AcDbEntity
  8
A-DOOR
100
AcDbPolyline
 90
4
 70
1
 10
36148.0
 20
-38169.88888888889
 10
36227.0
 20
-38169.88888888889
 10
36227.0
 20
-38090.166666666664
 10
36148.0
 20
-38090.166666666664
  0
LWPOLYLINE
  5
D61
330
17
100
AcDbEntity
  8
A-DOOR
100
AcDbPolyline
 90
4
 70
1
 10
36148.0
 20
-38054.166666666664
 10
36227.0
 20
-38054.166666666664
 10
36227.0
 20
-37974.444444444445
 10
36148.0
 20
-37974.444444444445
  0
LWPOLYLINE
  5
D62
330
17
100
AcDbEntity
  8
A-DOOR
100
AcDbPolyline
 90
4
 70
1
 10
36148.0
 20
-37938.444444444445
 10
36227.0
 20
-37938.444444444445
 10
36227.0
 20
-37858.72222222222
 10
36148.0
 20
-37858.72222222222
  0
LWPOLYLINE
  5
D63
330
17
100
AcDbEntity
  8
A-DOOR
100
AcDbPolyline
 90
4
 70
1
 10
36148.0
 20
-37822.72222222222
 10
36227.0
 20
-37822.72222222222
 10
36227.0
 20
-37743.0
 10
36148.0
 20
-37743.0
  0
LWPOLYLINE
  5
D64
330
17
100
AcDbEntity
  8
A-WALL
100
AcDbPolyline
 90
4
 70
1
 10
35600.0
 20
-37380.0
 10
36450.0
 20
-37380.0
 10
36450.0
 20
-36760.0
 10
35600.0
 20
-36760.0
  0
CIRCLE
  5
D65
330
17
100
AcDbEntity
  8
A-WALL
100
AcDbCircle
 10
36127.0
 20
-37070.0
 30
0.0
 40
223.2
  0
CIRCLE
  5
D66
330
17
100
AcDbEntity
  8
A-WALL
100
AcDbCircle
 10
36127.0
 20
-37070.0
 30
0.0
 40
44.64
  0
TEXT
  5
D67
330
17
100
AcDbEntity
  8
A-TEXT
100
AcDbText
 10
35640.0
 20
-36880.0
 30
0.0
 40
21.599999999999998
  1
AC (exist.)
 11
35640.0
 21
-36880.0
 31
0.0
100
AcDbText
 73
1
  0
LWPOLYLINE
  5
D68
330
17
100
AcDbEntity
  8
A-WALL
100
AcDbPolyline
 90
4
 70
1
 10
31350.0
 20
-38020.0
 10
31450.0
 20
-38020.0
 10
31450.0
 20
-37780.0
 10
31350.0
 20
-37780.0
  0
LWPOLYLINE
  5
D69
330
17
100
AcDbEntity
  8
A-WALL
100
AcDbPolyline
 90
4
 70
1
 10
31100.0
 20
-39455.0
 10
31700.0
 20
-39455.0
 10
31628.0
 20
-40005.0
 10
31172.0
 20
-40005.0
  0
LINE
  5
D6A
330
17
100
AcDbEntity
  8
A-WALL
100
AcDbLine
 10
31380.0
 20
-39455.0
 30
0.0
 11
31340.0
 21
-38960.0
 31
0.0
  0
LINE
  5
D6B
330
17
100
AcDbEntity
  8
A-WALL
100
AcDbLine
 10
31420.0
 20
-39455.0
 30
0.0
 11
31470.0
 21
-38865.0
 31
0.0
  0
LWPOLYLINE
  5
D6C
330
17
100
AcDbEntity
  8
L-PLANT
100
AcDbPolyline
 90
15
 70
1
 10
30976.298268116276
 20
-39150.0
 10
30965.46302407781
 20
-38919.681467896524
 10
30992.89664597647
 20
-38694.72684123787
 10
31054.7156781425
 20
-38510.564364661666
 10
31116.881436546006
 20
-38325.5659452187
 10
31207.253160551343
 20
-38220.54695918337
 10
31300.47261046852
 20
-38137.37645706053
 10
31400.0
 20
-38183.9068240057
 10
31490.550234148297
 20
-38228.71291160262
 10
31582.775755144874
 20
-38268.62896484894
 10
31695.036474163346
 20
-38290.86129240201
 10
31711.571984314258
 20
-38572.996594019016
 10
31788.19731748271
 20
-38715.869902061466
 10
31826.836609176684
 20
-38923.762909209356
 10
31850.752994836217
 20
-39150.0
  0
LINE
  5
D6D
330
17
100
AcDbEntity
  8
L-PLANT
100
AcDbLine
 10
31353.980262819987
 20
-38412.21354016642
 30
0.0
 11
31406.4538781669
 21
-38343.77815546268
 31
0.0
  0
LINE
  5
D6E
330
17
100
AcDbEntity
  8
L-PLANT
100
AcDbLine
 10
31194.026200064272
 20
-38398.87224789562
 30
0.0
 11
31236.70501020549
 21
-38335.65968549969
 31
0.0
  0
LINE
  5
D6F
330
17
100
AcDbEntity
  8
L-PLANT
100
AcDbLine
 10
31606.282770488135
 20
-38392.52583118057
 30
0.0
 11
31660.39315995646
 21
-38341.07655973113
 31
0.0
  0
LINE
  5
D70
330
17
100
AcDbEntity
  8
L-PLANT
100
AcDbLine
 10
31204.2882032182
 20
-38447.989640286265
 30
0.0
 11
31176.797247862058
 21
-38394.27192048249
 31
0.0
  0
LINE
  5
D71
330
17
100
AcDbEntity
  8
L-PLANT
100
AcDbLine
 10
31087.720261141847
 20
-38475.520996220876
 30
0.0
 11
31056.148414690702
 21
-38427.01714794134
 31
0.0
  0
LINE
  5
D72
330
17
100
AcDbEntity
  8
L-PLANT
100
AcDbLine
 10
31478.515006870366
 20
-38936.00405512602
 30
0.0
 11
31512.643799763842
 21
-38891.90806280981
 31
0.0
  0
LINE
  5
D73
330
17
100
AcDbEntity
  8
L-PLANT
100
AcDbLine
 10
31726.743020300593
 20
-38903.65109883067
 30
0.0
 11
31683.85014979021
 21
-38840.53824641811
 31
0.0
  0
LINE
  5
D74
330
17
100
AcDbEntity
  8
L-PLANT
100
AcDbLine
 10
31584.030099588163
 20
-38662.39132553496
 30
0.0
 11
31609.067312461153
 21
-38610.30061410912
 31
0.0
  0
LINE
  5
D75
330
17
100
AcDbEntity
  8
L-PLANT
100
AcDbLine
 10
31647.85199631559
 20
-38855.44539768165
 30
0.0
 11
31637.062607696324
 21
-38775.28477842718
 31
0.0
  0
LINE
  5
D76
330
17
100
AcDbEntity
  8
L-PLANT
100
AcDbLine
 10
31325.72934787245
 20
-38953.18998045218
 30
0.0
 11
31352.0024318333
 21
-38908.700589020336
 31
0.0
  0
LINE
  5
D77
330
17
100
AcDbEntity
  8
L-PLANT
100
AcDbLine
 10
31338.05153123958
 20
-38760.16059817478
 30
0.0
 11
31336.7712155061
 21
-38713.334739730584
 31
0.0
  0
LINE
  5
D78
330
17
100
AcDbEntity
  8
L-PLANT
100
AcDbLine
 10
31693.548713000684
 20
-38441.27385766834
 30
0.0
 11
31699.337213249542
 21
-38386.25746286851
 31
0.0
  0
LINE
  5
D79
330
17
100
AcDbEntity
  8
L-PLANT
100
AcDbLine
 10
31321.063478010343
 20
-38817.37879962655
 30
0.0
 11
31309.970169157157
 21
-38752.950905856254
 31
0.0
  0
LINE
  5
D7A
330
17
100
AcDbEntity
  8
L-PLANT
100
AcDbLine
 10
31572.55190009878
 20
-38928.41625063231
 30
0.0
 11
31624.51931409067
 21
-38843.547930680696
 31
0.0
  0
LINE
  5
D7B
330
17
100
AcDbEntity
  8
L-PLANT
100
AcDbLine
 10
31424.26348695487
 20
-38621.294182104604
 30
0.0
 11
31375.114536653135
 21
-38570.36699470515
 31
0.0
  0
LINE
  5
D7C
330
17
100
AcDbEntity
  8
L-PLANT
100
AcDbLine
 10
31085.003659502472
 20
-38918.92890304481
 30
0.0
 11
31111.712380088957
 21
-38869.03678809563
 31
0.0
  0
LINE
  5
D7D
330
17
100
AcDbEntity
  8
L-PLANT
100
AcDbLine
 10
31534.84942992443
 20
-38464.53122999805
 30
0.0
 11
31524.678894801193
 21
-38390.53350552781
 31
0.0
  0
LINE
  5
D7E
330
17
100
AcDbEntity
  8
L-PLANT
100
AcDbLine
 10
31462.529966595157
 20
-38572.83215659827
 30
0.0
 11
31473.41850822071
 21
-38500.642466397745
 31
0.0
  0
HATCH
  5
D7F
330
17
100
AcDbEntity
  8
A-HATCH
 62
253
100
AcDbHatch
 10
0.0
 20
0.0
 30
0.0
210
0.0
220
0.0
230
1.0
  2
SOLID
 70
1
 71
0
 91
1
 92
3
 72
0
 73
1
 93
4
 10
31000.0
 20
-40005.0
 10
36450.0
 20
-40073.125
 10
36450.0
 20
-40133.125
 10
31000.0
 20
-40065.0
 97
0
 75
0
 76
1
 98
0
  0
LWPOLYLINE
  5
D80
330
17
100
AcDbEntity
  8
A-WALL
100
AcDbPolyline
 90
4
 70
1
 10
31000.0
 20
-40005.0
 10
36450.0
 20
-40073.125
 10
36450.0
 20
-40133.125
 10
31000.0
 20
-40065.0
  0
HATCH
  5
D81
330
17
100
AcDbEntity
  8
A-HATCH
 62
8
100
AcDbHatch
 10
0.0
 20
0.0
 30
0.0
210
0.0
220
0.0
230
1.0
  2
SOLID
 70
1
 71
0
 91
1
 92
3
 72
0
 73
1
 93
4
 10
31000.0
 20
-40065.0
 10
36450.0
 20
-40133.125
 10
36450.0
 20
-40163.125
 10
31000.0
 20
-40095.0
 97
0
 75
0
 76
1
 98
0
  0
LWPOLYLINE
  5
D82
330
17
100
AcDbEntity
  8
A-WALL
100
AcDbPolyline
 90
4
 70
1
 10
31000.0
 20
-40065.0
 10
36450.0
 20
-40133.125
 10
36450.0
 20
-40163.125
 10
31000.0
 20
-40095.0
  0
HATCH
  5
D83
330
17
100
AcDbEntity
  8
A-HATCH
 62
8
100
AcDbHatch
 10
0.0
 20
0.0
 30
0.0
210
0.0
220
0.0
230
1.0
  2
SOLID
 70
1
 71
0
 91
1
 92
3
 72
0
 73
1
 93
4
 10
31000.0
 20
-40095.0
 10
36450.0
 20
-40163.125
 10
36450.0
 20
-40313.125
 10
31000.0
 20
-40245.0
 97
0
 75
0
 76
1
 98
0
  0
LWPOLYLINE
  5
D84
330
17
100
AcDbEntity
  8
A-WALL
100
AcDbPolyline
 90
4
 70
1
 10
31000.0
 20
-40095.0
 10
36450.0
 20
-40163.125
 10
36450.0
 20
-40313.125
 10
31000.0
 20
-40245.0
  0
HATCH
  5
D85
330
17
100
AcDbEntity
  8
A-HATCH
 62
7
100
AcDbHatch
 10
0.0
 20
0.0
 30
0.0
210
0.0
220
0.0
230
1.0
  2
EARTH
 70
0
 71
0
 91
1
 92
3
 72
0
 73
1
 93
4
 10
31000.0
 20
-40245.0
 10
36450.0
 20
-40313.125
 10
36450.0
 20
-40733.125
 10
31000.0
 20
-40665.0
 97
0
 75
1
 76
1
 52
0.0
 41
2.5
 77
0
 78
6
 53
0.0
 43
0.0
 44
0.0
 45
15.875
 46
15.875
 79
2
 49
15.875
 49
-15.875
 53
0.0
 43
0.0
 44
5.953125
 45
15.875
 46
15.875
 79
2
 49
15.875
 49
-15.875
 53
0.0
 43
0.0
 44
11.90625
 45
15.875
 46
15.875
 79
2
 49
15.875
 49
-15.875
 53
90.0
 43
1.984375
 44
13.890625
 45
-15.875
 46
15.875
 79
2
 49
15.875
 49
-15.875
 53
90.0
 43
7.9375
 44
13.890625
 45
-15.875
 46
15.875
 79
2
 49
15.875
 49
-15.875
 53
90.0
 43
13.890625
 44
13.890625
 45
-15.875
 46
15.875
 79
2
 49
15.875
 49
-15.875
 98
0
  0
LWPOLYLINE
  5
D86
330
17
100
AcDbEntity
  8
A-WALL
100
AcDbPolyline
 90
4
 70
1
 10
31000.0
 20
-40245.0
 10
36450.0
 20
-40313.125
 10
36450.0
 20
-40733.125
 10
31000.0
 20
-40665.0
  0
LWPOLYLINE
  5
D87
330
17
100
AcDbEntity
  8
A-WALL
  6
DASHED
100
AcDbPolyline
 90
2
 70
0
 10
31000.0
 20
-40245.0
 10
36450.0
 20
-40313.125
  0
LWPOLYLINE
  5
D88
330
17
100
AcDbEntity
  8
A-WALL
100
AcDbPolyline
 90
2
 70
0
 10
31000.0
 20
-40005.0
 10
36450.0
 20
-40073.125
  0
LINE
  5
D89
330
17
100
AcDbEntity
  8
A-WALL
100
AcDbLine
 10
31200.0
 20
-40007.5
 30
0.0
 11
31200.0
 21
-40067.5
 31
0.0
  0
LINE
  5
D8A
330
17
100
AcDbEntity
  8
A-WALL
100
AcDbLine
 10
31200.0
 20
-40007.5
 30
0.0
 11
31200.0
 21
-40067.5
 31
0.0
  0
LINE
  5
D8B
330
17
100
AcDbEntity
  8
A-WALL
100
AcDbLine
 10
31400.0
 20
-40010.0
 30
0.0
 11
31400.0
 21
-40070.0
 31
0.0
  0
LINE
  5
D8C
330
17
100
AcDbEntity
  8
A-WALL
100
AcDbLine
 10
31400.0
 20
-40010.0
 30
0.0
 11
31400.0
 21
-40070.0
 31
0.0
  0
LINE
  5
D8D
330
17
100
AcDbEntity
  8
A-WALL
100
AcDbLine
 10
31600.0
 20
-40012.5
 30
0.0
 11
31600.0
 21
-40072.5
 31
0.0
  0
LINE
  5
D8E
330
17
100
AcDbEntity
  8
A-WALL
100
AcDbLine
 10
31600.0
 20
-40012.5
 30
0.0
 11
31600.0
 21
-40072.5
 31
0.0
  0
LINE
  5
D8F
330
17
100
AcDbEntity
  8
A-WALL
100
AcDbLine
 10
31800.0
 20
-40015.0
 30
0.0
 11
31800.0
 21
-40075.0
 31
0.0
  0
LINE
  5
D90
330
17
100
AcDbEntity
  8
A-WALL
100
AcDbLine
 10
31800.0
 20
-40015.0
 30
0.0
 11
31800.0
 21
-40075.0
 31
0.0
  0
LINE
  5
D91
330
17
100
AcDbEntity
  8
A-WALL
100
AcDbLine
 10
32000.0
 20
-40017.5
 30
0.0
 11
32000.0
 21
-40077.5
 31
0.0
  0
LINE
  5
D92
330
17
100
AcDbEntity
  8
A-WALL
100
AcDbLine
 10
32000.0
 20
-40017.5
 30
0.0
 11
32000.0
 21
-40077.5
 31
0.0
  0
LINE
  5
D93
330
17
100
AcDbEntity
  8
A-WALL
100
AcDbLine
 10
32200.0
 20
-40020.0
 30
0.0
 11
32200.0
 21
-40080.0
 31
0.0
  0
LINE
  5
D94
330
17
100
AcDbEntity
  8
A-WALL
100
AcDbLine
 10
32200.0
 20
-40020.0
 30
0.0
 11
32200.0
 21
-40080.0
 31
0.0
  0
LINE
  5
D95
330
17
100
AcDbEntity
  8
A-WALL
100
AcDbLine
 10
32400.0
 20
-40022.5
 30
0.0
 11
32400.0
 21
-40082.5
 31
0.0
  0
LINE
  5
D96
330
17
100
AcDbEntity
  8
A-WALL
100
AcDbLine
 10
32400.0
 20
-40022.5
 30
0.0
 11
32400.0
 21
-40082.5
 31
0.0
  0
LINE
  5
D97
330
17
100
AcDbEntity
  8
A-WALL
100
AcDbLine
 10
32600.0
 20
-40025.0
 30
0.0
 11
32600.0
 21
-40085.0
 31
0.0
  0
LINE
  5
D98
330
17
100
AcDbEntity
  8
A-WALL
100
AcDbLine
 10
32600.0
 20
-40025.0
 30
0.0
 11
32600.0
 21
-40085.0
 31
0.0
  0
LINE
  5
D99
330
17
100
AcDbEntity
  8
A-WALL
100
AcDbLine
 10
32800.0
 20
-40027.5
 30
0.0
 11
32800.0
 21
-40087.5
 31
0.0
  0
LINE
  5
D9A
330
17
100
AcDbEntity
  8
A-WALL
100
AcDbLine
 10
32800.0
 20
-40027.5
 30
0.0
 11
32800.0
 21
-40087.5
 31
0.0
  0
LINE
  5
D9B
330
17
100
AcDbEntity
  8
A-WALL
100
AcDbLine
 10
33000.0
 20
-40030.0
 30
0.0
 11
33000.0
 21
-40090.0
 31
0.0
  0
LINE
  5
D9C
330
17
100
AcDbEntity
  8
A-WALL
100
AcDbLine
 10
33000.0
 20
-40030.0
 30
0.0
 11
33000.0
 21
-40090.0
 31
0.0
  0
LINE
  5
D9D
330
17
100
AcDbEntity
  8
A-WALL
100
AcDbLine
 10
33200.0
 20
-40032.5
 30
0.0
 11
33200.0
 21
-40092.5
 31
0.0
  0
LINE
  5
D9E
330
17
100
AcDbEntity
  8
A-WALL
100
AcDbLine
 10
33200.0
 20
-40032.5
 30
0.0
 11
33200.0
 21
-40092.5
 31
0.0
  0
LINE
  5
D9F
330
17
100
AcDbEntity
  8
A-WALL
100
AcDbLine
 10
33400.0
 20
-40035.0
 30
0.0
 11
33400.0
 21
-40095.0
 31
0.0
  0
LINE
  5
DA0
330
17
100
AcDbEntity
  8
A-WALL
100
AcDbLine
 10
33400.0
 20
-40035.0
 30
0.0
 11
33400.0
 21
-40095.0
 31
0.0
  0
LINE
  5
DA1
330
17
100
AcDbEntity
  8
A-WALL
100
AcDbLine
 10
33600.0
 20
-40037.5
 30
0.0
 11
33600.0
 21
-40097.5
 31
0.0
  0
LINE
  5
DA2
330
17
100
AcDbEntity
  8
A-WALL
100
AcDbLine
 10
33600.0
 20
-40037.5
 30
0.0
 11
33600.0
 21
-40097.5
 31
0.0
  0
LINE
  5
DA3
330
17
100
AcDbEntity
  8
A-WALL
100
AcDbLine
 10
33800.0
 20
-40040.0
 30
0.0
 11
33800.0
 21
-40100.0
 31
0.0
  0
LINE
  5
DA4
330
17
100
AcDbEntity
  8
A-WALL
100
AcDbLine
 10
33800.0
 20
-40040.0
 30
0.0
 11
33800.0
 21
-40100.0
 31
0.0
  0
LINE
  5
DA5
330
17
100
AcDbEntity
  8
A-WALL
100
AcDbLine
 10
34000.0
 20
-40042.5
 30
0.0
 11
34000.0
 21
-40102.5
 31
0.0
  0
LINE
  5
DA6
330
17
100
AcDbEntity
  8
A-WALL
100
AcDbLine
 10
34000.0
 20
-40042.5
 30
0.0
 11
34000.0
 21
-40102.5
 31
0.0
  0
LINE
  5
DA7
330
17
100
AcDbEntity
  8
A-WALL
100
AcDbLine
 10
34200.0
 20
-40045.0
 30
0.0
 11
34200.0
 21
-40105.0
 31
0.0
  0
LINE
  5
DA8
330
17
100
AcDbEntity
  8
A-WALL
100
AcDbLine
 10
34200.0
 20
-40045.0
 30
0.0
 11
34200.0
 21
-40105.0
 31
0.0
  0
LINE
  5
DA9
330
17
100
AcDbEntity
  8
A-WALL
100
AcDbLine
 10
34400.0
 20
-40047.5
 30
0.0
 11
34400.0
 21
-40107.5
 31
0.0
  0
LINE
  5
DAA
330
17
100
AcDbEntity
  8
A-WALL
100
AcDbLine
 10
34400.0
 20
-40047.5
 30
0.0
 11
34400.0
 21
-40107.5
 31
0.0
  0
LINE
  5
DAB
330
17
100
AcDbEntity
  8
A-WALL
100
AcDbLine
 10
34600.0
 20
-40050.0
 30
0.0
 11
34600.0
 21
-40110.0
 31
0.0
  0
LINE
  5
DAC
330
17
100
AcDbEntity
  8
A-WALL
100
AcDbLine
 10
34600.0
 20
-40050.0
 30
0.0
 11
34600.0
 21
-40110.0
 31
0.0
  0
LINE
  5
DAD
330
17
100
AcDbEntity
  8
A-WALL
100
AcDbLine
 10
34800.0
 20
-40052.5
 30
0.0
 11
34800.0
 21
-40112.5
 31
0.0
  0
LINE
  5
DAE
330
17
100
AcDbEntity
  8
A-WALL
100
AcDbLine
 10
34800.0
 20
-40052.5
 30
0.0
 11
34800.0
 21
-40112.5
 31
0.0
  0
LINE
  5
DAF
330
17
100
AcDbEntity
  8
A-WALL
100
AcDbLine
 10
35000.0
 20
-40055.0
 30
0.0
 11
35000.0
 21
-40115.0
 31
0.0
  0
LINE
  5
DB0
330
17
100
AcDbEntity
  8
A-WALL
100
AcDbLine
 10
35000.0
 20
-40055.0
 30
0.0
 11
35000.0
 21
-40115.0
 31
0.0
  0
LINE
  5
DB1
330
17
100
AcDbEntity
  8
A-WALL
100
AcDbLine
 10
35200.0
 20
-40057.5
 30
0.0
 11
35200.0
 21
-40117.5
 31
0.0
  0
LINE
  5
DB2
330
17
100
AcDbEntity
  8
A-WALL
100
AcDbLine
 10
35200.0
 20
-40057.5
 30
0.0
 11
35200.0
 21
-40117.5
 31
0.0
  0
LINE
  5
DB3
330
17
100
AcDbEntity
  8
A-WALL
100
AcDbLine
 10
35400.0
 20
-40060.0
 30
0.0
 11
35400.0
 21
-40120.0
 31
0.0
  0
LINE
  5
DB4
330
17
100
AcDbEntity
  8
A-WALL
100
AcDbLine
 10
35400.0
 20
-40060.0
 30
0.0
 11
35400.0
 21
-40120.0
 31
0.0
  0
LINE
  5
DB5
330
17
100
AcDbEntity
  8
A-WALL
100
AcDbLine
 10
35600.0
 20
-40062.5
 30
0.0
 11
35600.0
 21
-40122.5
 31
0.0
  0
LINE
  5
DB6
330
17
100
AcDbEntity
  8
A-WALL
100
AcDbLine
 10
35600.0
 20
-40062.5
 30
0.0
 11
35600.0
 21
-40122.5
 31
0.0
  0
LINE
  5
DB7
330
17
100
AcDbEntity
  8
A-WALL
100
AcDbLine
 10
35800.0
 20
-40065.0
 30
0.0
 11
35800.0
 21
-40125.0
 31
0.0
  0
LINE
  5
DB8
330
17
100
AcDbEntity
  8
A-WALL
100
AcDbLine
 10
35800.0
 20
-40065.0
 30
0.0
 11
35800.0
 21
-40125.0
 31
0.0
  0
LINE
  5
DB9
330
17
100
AcDbEntity
  8
A-WALL
100
AcDbLine
 10
36000.0
 20
-40067.5
 30
0.0
 11
36000.0
 21
-40127.5
 31
0.0
  0
LINE
  5
DBA
330
17
100
AcDbEntity
  8
A-WALL
100
AcDbLine
 10
36000.0
 20
-40067.5
 30
0.0
 11
36000.0
 21
-40127.5
 31
0.0
  0
LINE
  5
DBB
330
17
100
AcDbEntity
  8
A-WALL
100
AcDbLine
 10
36200.0
 20
-40070.0
 30
0.0
 11
36200.0
 21
-40130.0
 31
0.0
  0
LINE
  5
DBC
330
17
100
AcDbEntity
  8
A-WALL
100
AcDbLine
 10
36200.0
 20
-40070.0
 30
0.0
 11
36200.0
 21
-40130.0
 31
0.0
  0
LINE
  5
DBD
330
17
100
AcDbEntity
  8
A-WALL
100
AcDbLine
 10
36400.0
 20
-40072.5
 30
0.0
 11
36400.0
 21
-40132.5
 31
0.0
  0
LINE
  5
DBE
330
17
100
AcDbEntity
  8
A-WALL
100
AcDbLine
 10
36400.0
 20
-40072.5
 30
0.0
 11
36400.0
 21
-40132.5
 31
0.0
  0
HATCH
  5
DBF
330
17
100
AcDbEntity
  8
A-HATCH
 62
253
100
AcDbHatch
 10
0.0
 20
0.0
 30
0.0
210
0.0
220
0.0
230
1.0
  2
SOLID
 70
1
 71
0
 91
1
 92
3
 72
0
 73
1
 93
4
 10
36750.0
 20
-40072.5
 10
37200.0
 20
-40065.0
 10
37200.0
 20
-40125.0
 10
36750.0
 20
-40132.5
 97
0
 75
0
 76
1
 98
0
  0
LWPOLYLINE
  5
DC0
330
17
100
AcDbEntity
  8
A-WALL
100
AcDbPolyline
 90
4
 70
1
 10
36750.0
 20
-40072.5
 10
37200.0
 20
-40065.0
 10
37200.0
 20
-40125.0
 10
36750.0
 20
-40132.5
  0
HATCH
  5
DC1
330
17
100
AcDbEntity
  8
A-HATCH
 62
8
100
AcDbHatch
 10
0.0
 20
0.0
 30
0.0
210
0.0
220
0.0
230
1.0
  2
SOLID
 70
1
 71
0
 91
1
 92
3
 72
0
 73
1
 93
4
 10
36750.0
 20
-40132.5
 10
37200.0
 20
-40125.0
 10
37200.0
 20
-40155.0
 10
36750.0
 20
-40162.5
 97
0
 75
0
 76
1
 98
0
  0
LWPOLYLINE
  5
DC2
330
17
100
AcDbEntity
  8
A-WALL
100
AcDbPolyline
 90
4
 70
1
 10
36750.0
 20
-40132.5
 10
37200.0
 20
-40125.0
 10
37200.0
 20
-40155.0
 10
36750.0
 20
-40162.5
  0
HATCH
  5
DC3
330
17
100
AcDbEntity
  8
A-HATCH
 62
8
100
AcDbHatch
 10
0.0
 20
0.0
 30
0.0
210
0.0
220
0.0
230
1.0
  2
SOLID
 70
1
 71
0
 91
1
 92
3
 72
0
 73
1
 93
4
 10
36750.0
 20
-40162.5
 10
37200.0
 20
-40155.0
 10
37200.0
 20
-40305.0
 10
36750.0
 20
-40312.5
 97
0
 75
0
 76
1
 98
0
  0
LWPOLYLINE
  5
DC4
330
17
100
AcDbEntity
  8
A-WALL
100
AcDbPolyline
 90
4
 70
1
 10
36750.0
 20
-40162.5
 10
37200.0
 20
-40155.0
 10
37200.0
 20
-40305.0
 10
36750.0
 20
-40312.5
  0
HATCH
  5
DC5
330
17
100
AcDbEntity
  8
A-HATCH
 62
7
100
AcDbHatch
 10
0.0
 20
0.0
 30
0.0
210
0.0
220
0.0
230
1.0
  2
EARTH
 70
0
 71
0
 91
1
 92
3
 72
0
 73
1
 93
4
 10
36750.0
 20
-40312.5
 10
37200.0
 20
-40305.0
 10
37200.0
 20
-40725.0
 10
36750.0
 20
-40732.5
 97
0
 75
1
 76
1
 52
0.0
 41
2.5
 77
0
 78
6
 53
0.0
 43
0.0
 44
0.0
 45
15.875
 46
15.875
 79
2
 49
15.875
 49
-15.875
 53
0.0
 43
0.0
 44
5.953125
 45
15.875
 46
15.875
 79
2
 49
15.875
 49
-15.875
 53
0.0
 43
0.0
 44
11.90625
 45
15.875
 46
15.875
 79
2
 49
15.875
 49
-15.875
 53
90.0
 43
1.984375
 44
13.890625
 45
-15.875
 46
15.875
 79
2
 49
15.875
 49
-15.875
 53
90.0
 43
7.9375
 44
13.890625
 45
-15.875
 46
15.875
 79
2
 49
15.875
 49
-15.875
 53
90.0
 43
13.890625
 44
13.890625
 45
-15.875
 46
15.875
 79
2
 49
15.875
 49
-15.875
 98
0
  0
LWPOLYLINE
  5
DC6
330
17
100
AcDbEntity
  8
A-WALL
100
AcDbPolyline
 90
4
 70
1
 10
36750.0
 20
-40312.5
 10
37200.0
 20
-40305.0
 10
37200.0
 20
-40725.0
 10
36750.0
 20
-40732.5
  0
LWPOLYLINE
  5
DC7
330
17
100
AcDbEntity
  8
A-WALL
  6
DASHED
100
AcDbPolyline
 90
2
 70
0
 10
36750.0
 20
-40312.5
 10
37200.0
 20
-40305.0
  0
LWPOLYLINE
  5
DC8
330
17
100
AcDbEntity
  8
A-WALL
100
AcDbPolyline
 90
2
 70
0
 10
36750.0
 20
-40072.5
 10
37200.0
 20
-40065.0
  0
LINE
  5
DC9
330
17
100
AcDbEntity
  8
A-WALL
100
AcDbLine
 10
36950.0
 20
-40069.166666666664
 30
0.0
 11
36950.0
 21
-40129.166666666664
 31
0.0
  0
LINE
  5
DCA
330
17
100
AcDbEntity
  8
A-WALL
100
AcDbLine
 10
36950.0
 20
-40069.166666666664
 30
0.0
 11
36950.0
 21
-40129.166666666664
 31
0.0
  0
LINE
  5
DCB
330
17
100
AcDbEntity
  8
A-WALL
100
AcDbLine
 10
37150.0
 20
-40065.833333333336
 30
0.0
 11
37150.0
 21
-40125.833333333336
 31
0.0
  0
LINE
  5
DCC
330
17
100
AcDbEntity
  8
A-WALL
100
AcDbLine
 10
37150.0
 20
-40065.833333333336
 30
0.0
 11
37150.0
 21
-40125.833333333336
 31
0.0
  0
HATCH
  5
DCD
330
17
100
AcDbEntity
  8
A-HATCH
 62
7
100
AcDbHatch
 10
0.0
 20
0.0
 30
0.0
210
0.0
220
0.0
230
1.0
  2
AR-CONC
 70
0
 71
0
 91
1
 92
3
 72
0
 73
1
 93
4
 10
36300.0
 20
-40835.0
 10
36900.0
 20
-40835.0
 10
36900.0
 20
-40135.0
 10
36300.0
 20
-40135.0
 97
0
 75
1
 76
1
 52
0.0
 41
2.5
 77
0
 78
13
 53
50.0
 43
0.0
 44
0.0
 45
455.46167249
 46
-39.8477138472
 79
2
 49
47.625
 49
-523.875
 53
355.0
 43
0.0
 44
0.0
 45
-88.1085535625
 46
477.6421130975
 79
2
 49
38.1
 49
-419.101460425
 53
100.4514447
 43
37.9550175
 44
-3.32063375
 45
367.353117726
 46
437.7943797805
 79
2
 49
40.475022
 49
-445.2256115
 53
46.1842
 43
0.0
 44
127.0
 45
677.6976022303
 46
-105.1058198317
 79
2
 49
71.4375
 49
-785.8125
 53
96.63555761
 43
56.47475
 44
118.24125
 45
593.5103351287
 46
618.5653114943
 79
2
 49
60.71255785
 49
-667.8390204
 53
351.18415117
 43
0.0
 44
127.0
 45
593.5103351625
 46
618.5653114637
 79
2
 49
57.149917675
 49
-628.6493298
 53
21.0
 43
63.5
 44
95.25
 45
379.0359781727
 46
-255.6629954677
 79
2
 49
47.625
 49
-523.875
 53
326.0
 43
63.5
 44
95.25
 45
154.505070869
 46
460.4699153057
 79
2
 49
38.1
 49
-419.1
 53
71.451445
 43
95.0863315
 44
73.94475025
 45
533.5410481968
 46
204.8069222147
 79
2
 49
40.475022
 49
-445.224844
 53
37.5
 43
0.0
 44
0.0
 45
7.7215081265
 46
211.387597183
 79
6
 49
0.0
 49
-414.02
 49
0.0
 49
-425.45
 49
0.0
 49
-420.6875
 53
7.5
 43
0.0
 44
0.0
 45
167.0491562758
 46
250.4514370453
 79
6
 49
0.0
 49
-242.57
 49
0.0
 49
-404.495
 49
0.0
 49
-160.3375
 53
-32.5
 43
-141.605
 44
0.0
 45
338.9764879172
 46
-14.3218599818
 79
6
 49
0.0
 49
-158.75
 49
0.0
 49
-495.3
 49
0.0
 49
-657.225
 53
-42.5
 43
-205.105
 44
0.0
 45
370.322953465
 46
63.5662275832
 79
6
 49
0.0
 49
-206.375
 49
0.0
 49
-328.93
 49
0.0
 49
-466.725
 98
0
  0
LWPOLYLINE
  5
DCE
330
17
100
AcDbEntity
  8
A-WALL
100
AcDbPolyline
 90
4
 70
1
 10
36300.0
 20
-40835.0
 10
36900.0
 20
-40835.0
 10
36900.0
 20
-40135.0
 10
36300.0
 20
-40135.0
  0
LWPOLYLINE
  5
DCF
330
17
100
AcDbEntity
  8
A-WALL
100
AcDbPolyline
 90
4
 70
1
 10
36450.0
 20
-40685.0
 10
36750.0
 20
-40685.0
 10
36750.0
 20
-40085.0
 10
36450.0
 20
-40085.0
  0
LWPOLYLINE
  5
DD0
330
17
100
AcDbEntity
  8
A-WALL
100
AcDbPolyline
 90
4
 70
1
 10
36470.0
 20
-40665.0
 10
36730.0
 20
-40665.0
 10
36730.0
 20
-40105.0
 10
36470.0
 20
-40105.0
  0
LWPOLYLINE
  5
DD1
330
17
100
AcDbEntity
  8
A-WALL
100
AcDbPolyline
 90
4
 70
1
 10
36450.0
 20
-40105.0
 10
36750.0
 20
-40105.0
 10
36750.0
 20
-40085.0
 10
36450.0
 20
-40085.0
  0
LWPOLYLINE
  5
DD2
330
17
100
AcDbEntity
  8
A-WALL
100
AcDbPolyline
 90
4
 70
1
 10
36750.0
 20
-40605.0
 10
37200.0
 20
-40605.0
 10
37200.0
 20
-40495.0
 10
36750.0
 20
-40495.0
  0
TEXT
  5
DD3
330
17
100
AcDbEntity
  8
A-TEXT
100
AcDbText
 10
36600.0
 20
-40415.0
 30
0.0
 40
28.799999999999997
  1
G1
 72
1
 11
36600.0
 21
-40415.0
 31
0.0
100
AcDbText
 73
1
  0
HATCH
  5
DD4
330
17
100
AcDbEntity
  8
A-HATCH
 62
7
100
AcDbHatch
 10
0.0
 20
0.0
 30
0.0
210
0.0
220
0.0
230
1.0
  2
ANSI31
 70
0
 71
0
 91
1
 92
3
 72
0
 73
1
 93
4
 10
29750.0
 20
-40700.0
 10
30000.0
 20
-40700.0
 10
30000.0
 20
-38200.0
 10
29750.0
 20
-38200.0
 97
0
 75
1
 76
1
 52
0.0
 41
2.5
 77
0
 78
1
 53
45.0
 43
0.0
 44
0.0
 45
-5.6126600758
 46
5.6126600758
 79
0
 98
0
  0
LWPOLYLINE
  5
DD5
330
17
100
AcDbEntity
  8
A-WALL
100
AcDbPolyline
 90
4
 70
1
 10
29750.0
 20
-40700.0
 10
30000.0
 20
-40700.0
 10
30000.0
 20
-38200.0
 10
29750.0
 20
-38200.0
  0
LWPOLYLINE
  5
DD6
330
17
100
AcDbEntity
  8
A-WALL
100
AcDbPolyline
 90
4
 70
1
 10
29725.0
 20
-38200.0
 10
30025.0
 20
-38200.0
 10
30025.0
 20
-38150.0
 10
29725.0
 20
-38150.0
  0
LWPOLYLINE
  5
DD7
330
17
100
AcDbEntity
  8
A-WALL
  6
DASHED
100
AcDbPolyline
 90
4
 70
1
 10
29650.0
 20
-41000.0
 10
30100.0
 20
-41000.0
 10
30100.0
 20
-40700.0
 10
29650.0
 20
-40700.0
  0
HATCH
  5
DD8
330
17
100
AcDbEntity
  8
A-HATCH
 62
7
100
AcDbHatch
 10
0.0
 20
0.0
 30
0.0
210
0.0
220
0.0
230
1.0
  2
EARTH
 70
0
 71
0
 91
1
 92
3
 72
0
 73
1
 93
4
 10
29700.0
 20
-40100.0
 10
29750.0
 20
-40100.0
 10
29750.0
 20
-40700.0
 10
29700.0
 20
-40700.0
 97
0
 75
1
 76
1
 52
0.0
 41
2.5
 77
0
 78
6
 53
0.0
 43
0.0
 44
0.0
 45
15.875
 46
15.875
 79
2
 49
15.875
 49
-15.875
 53
0.0
 43
0.0
 44
5.953125
 45
15.875
 46
15.875
 79
2
 49
15.875
 49
-15.875
 53
0.0
 43
0.0
 44
11.90625
 45
15.875
 46
15.875
 79
2
 49
15.875
 49
-15.875
 53
90.0
 43
1.984375
 44
13.890625
 45
-15.875
 46
15.875
 79
2
 49
15.875
 49
-15.875
 53
90.0
 43
7.9375
 44
13.890625
 45
-15.875
 46
15.875
 79
2
 49
15.875
 49
-15.875
 53
90.0
 43
13.890625
 44
13.890625
 45
-15.875
 46
15.875
 79
2
 49
15.875
 49
-15.875
 98
0
  0
LWPOLYLINE
  5
DD9
330
17
100
AcDbEntity
  8
A-WALL
100
AcDbPolyline
 90
4
 70
1
 10
29700.0
 20
-40100.0
 10
29750.0
 20
-40100.0
 10
29750.0
 20
-40700.0
 10
29700.0
 20
-40700.0
  0
HATCH
  5
DDA
330
17
100
AcDbEntity
  8
A-HATCH
 62
8
100
AcDbHatch
 10
0.0
 20
0.0
 30
0.0
210
0.0
220
0.0
230
1.0
  2
SOLID
 70
1
 71
0
 91
1
 92
3
 72
0
 73
1
 93
4
 10
30000.0
 20
-40300.0
 10
30850.0
 20
-40300.0
 10
30850.0
 20
-40200.0
 10
30000.0
 20
-40200.0
 97
0
 75
0
 76
1
 98
0
  0
LWPOLYLINE
  5
DDB
330
17
100
AcDbEntity
  8
A-WALL
100
AcDbPolyline
 90
4
 70
1
 10
30000.0
 20
-40300.0
 10
30850.0
 20
-40300.0
 10
30850.0
 20
-40200.0
 10
30000.0
 20
-40200.0
  0
HATCH
  5
DDC
330
17
100
AcDbEntity
  8
A-HATCH
 62
8
100
AcDbHatch
 10
0.0
 20
0.0
 30
0.0
210
0.0
220
0.0
230
1.0
  2
SOLID
 70
1
 71
0
 91
1
 92
3
 72
0
 73
1
 93
4
 10
30010.0
 20
-40200.0
 10
30850.0
 20
-40200.0
 10
30850.0
 20
-39710.0
 10
30010.0
 20
-39710.0
 97
0
 75
0
 76
1
 98
0
  0
LWPOLYLINE
  5
DDD
330
17
100
AcDbEntity
  8
A-WALL
100
AcDbPolyline
 90
4
 70
1
 10
30010.0
 20
-40200.0
 10
30850.0
 20
-40200.0
 10
30850.0
 20
-39710.0
 10
30010.0
 20
-39710.0
  0
LWPOLYLINE
  5
DDE
330
17
100
AcDbEntity
  8
A-WALL
100
AcDbPolyline
 90
4
 70
1
 10
30010.0
 20
-39710.0
 10
30850.0
 20
-39710.0
 10
30850.0
 20
-39660.0
 10
30010.0
 20
-39660.0
  0
LWPOLYLINE
  5
DDF
330
17
100
AcDbEntity
  8
A-WALL
100
AcDbPolyline
 90
4
 70
1
 10
30000.0
 20
-40300.0
 10
30010.0
 20
-40300.0
 10
30010.0
 20
-39660.0
 10
30000.0
 20
-39660.0
  0
HATCH
  5
DE0
330
17
100
AcDbEntity
  8
A-HATCH
 62
7
100
AcDbHatch
 10
0.0
 20
0.0
 30
0.0
210
0.0
220
0.0
230
1.0
  2
EARTH
 70
0
 71
0
 91
1
 92
3
 72
0
 73
1
 93
4
 10
30000.0
 20
-40700.0
 10
30850.0
 20
-40700.0
 10
30850.0
 20
-40300.0
 10
30000.0
 20
-40300.0
 97
0
 75
1
 76
1
 52
0.0
 41
2.5
 77
0
 78
6
 53
0.0
 43
0.0
 44
0.0
 45
15.875
 46
15.875
 79
2
 49
15.875
 49
-15.875
 53
0.0
 43
0.0
 44
5.953125
 45
15.875
 46
15.875
 79
2
 49
15.875
 49
-15.875
 53
0.0
 43
0.0
 44
11.90625
 45
15.875
 46
15.875
 79
2
 49
15.875
 49
-15.875
 53
90.0
 43
1.984375
 44
13.890625
 45
-15.875
 46
15.875
 79
2
 49
15.875
 49
-15.875
 53
90.0
 43
7.9375
 44
13.890625
 45
-15.875
 46
15.875
 79
2
 49
15.875
 49
-15.875
 53
90.0
 43
13.890625
 44
13.890625
 45
-15.875
 46
15.875
 79
2
 49
15.875
 49
-15.875
 98
0
  0
LWPOLYLINE
  5
DE1
330
17
100
AcDbEntity
  8
A-WALL
100
AcDbPolyline
 90
4
 70
1
 10
30000.0
 20
-40700.0
 10
30850.0
 20
-40700.0
 10
30850.0
 20
-40300.0
 10
30000.0
 20
-40300.0
  0
HATCH
  5
DE2
330
17
100
AcDbEntity
  8
A-HATCH
 62
7
100
AcDbHatch
 10
0.0
 20
0.0
 30
0.0
210
0.0
220
0.0
230
1.0
  2
ANSI31
 70
0
 71
0
 91
1
 92
3
 72
0
 73
1
 93
4
 10
30775.0
 20
-40650.0
 10
31225.0
 20
-40650.0
 10
31225.0
 20
-40400.0
 10
30775.0
 20
-40400.0
 97
0
 75
1
 76
1
 52
0.0
 41
2.5
 77
0
 78
1
 53
45.0
 43
0.0
 44
0.0
 45
-5.6126600758
 46
5.6126600758
 79
0
 98
0
  0
LWPOLYLINE
  5
DE3
330
17
100
AcDbEntity
  8
A-WALL
100
AcDbPolyline
 90
4
 70
1
 10
30775.0
 20
-40650.0
 10
31225.0
 20
-40650.0
 10
31225.0
 20
-40400.0
 10
30775.0
 20
-40400.0
  0
HATCH
  5
DE4
330
17
100
AcDbEntity
  8
A-HATCH
 62
7
100
AcDbHatch
 10
0.0
 20
0.0
 30
0.0
210
0.0
220
0.0
230
1.0
  2
ANSI31
 70
0
 71
0
 91
1
 92
3
 72
0
 73
1
 93
4
 10
30850.0
 20
-40400.0
 10
30985.0
 20
-40400.0
 10
30985.0
 20
-39660.0
 10
30850.0
 20
-39660.0
 97
0
 75
1
 76
1
 52
0.0
 41
2.5
 77
0
 78
1
 53
45.0
 43
0.0
 44
0.0
 45
-5.6126600758
 46
5.6126600758
 79
0
 98
0
  0
LWPOLYLINE
  5
DE5
330
17
100
AcDbEntity
  8
A-WALL
100
AcDbPolyline
 90
4
 70
1
 10
30850.0
 20
-40400.0
 10
30985.0
 20
-40400.0
 10
30985.0
 20
-39660.0
 10
30850.0
 20
-39660.0
  0
HATCH
  5
DE6
330
17
100
AcDbEntity
  8
A-HATCH
 62
8
100
AcDbHatch
 10
0.0
 20
0.0
 30
0.0
210
0.0
220
0.0
230
1.0
  2
SOLID
 70
1
 71
0
 91
1
 92
3
 72
0
 73
1
 93
4
 10
30985.0
 20
-40090.0
 10
31000.0
 20
-40090.0
 10
31000.0
 20
-39660.0
 10
30985.0
 20
-39660.0
 97
0
 75
0
 76
1
 98
0
  0
LWPOLYLINE
  5
DE7
330
17
100
AcDbEntity
  8
A-WALL
100
AcDbPolyline
 90
4
 70
1
 10
30985.0
 20
-40090.0
 10
31000.0
 20
-40090.0
 10
31000.0
 20
-39660.0
 10
30985.0
 20
-39660.0
  0
HATCH
  5
DE8
330
17
100
AcDbEntity
  8
A-HATCH
 62
7
100
AcDbHatch
 10
0.0
 20
0.0
 30
0.0
210
0.0
220
0.0
230
1.0
  2
AR-CONC
 70
0
 71
0
 91
1
 92
3
 72
0
 73
1
 93
4
 10
30810.0
 20
-39660.0
 10
31040.0
 20
-39660.0
 10
31040.0
 20
-39600.0
 10
30810.0
 20
-39600.0
 97
0
 75
1
 76
1
 52
0.0
 41
2.5
 77
0
 78
13
 53
50.0
 43
0.0
 44
0.0
 45
455.46167249
 46
-39.8477138472
 79
2
 49
47.625
 49
-523.875
 53
355.0
 43
0.0
 44
0.0
 45
-88.1085535625
 46
477.6421130975
 79
2
 49
38.1
 49
-419.101460425
 53
100.4514447
 43
37.9550175
 44
-3.32063375
 45
367.353117726
 46
437.7943797805
 79
2
 49
40.475022
 49
-445.2256115
 53
46.1842
 43
0.0
 44
127.0
 45
677.6976022303
 46
-105.1058198317
 79
2
 49
71.4375
 49
-785.8125
 53
96.63555761
 43
56.47475
 44
118.24125
 45
593.5103351287
 46
618.5653114943
 79
2
 49
60.71255785
 49
-667.8390204
 53
351.18415117
 43
0.0
 44
127.0
 45
593.5103351625
 46
618.5653114637
 79
2
 49
57.149917675
 49
-628.6493298
 53
21.0
 43
63.5
 44
95.25
 45
379.0359781727
 46
-255.6629954677
 79
2
 49
47.625
 49
-523.875
 53
326.0
 43
63.5
 44
95.25
 45
154.505070869
 46
460.4699153057
 79
2
 49
38.1
 49
-419.1
 53
71.451445
 43
95.0863315
 44
73.94475025
 45
533.5410481968
 46
204.8069222147
 79
2
 49
40.475022
 49
-445.224844
 53
37.5
 43
0.0
 44
0.0
 45
7.7215081265
 46
211.387597183
 79
6
 49
0.0
 49
-414.02
 49
0.0
 49
-425.45
 49
0.0
 49
-420.6875
 53
7.5
 43
0.0
 44
0.0
 45
167.0491562758
 46
250.4514370453
 79
6
 49
0.0
 49
-242.57
 49
0.0
 49
-404.495
 49
0.0
 49
-160.3375
 53
-32.5
 43
-141.605
 44
0.0
 45
338.9764879172
 46
-14.3218599818
 79
6
 49
0.0
 49
-158.75
 49
0.0
 49
-495.3
 49
0.0
 49
-657.225
 53
-42.5
 43
-205.105
 44
0.0
 45
370.322953465
 46
63.5662275832
 79
6
 49
0.0
 49
-206.375
 49
0.0
 49
-328.93
 49
0.0
 49
-466.725
 98
0
  0
LWPOLYLINE
  5
DE9
330
17
100
AcDbEntity
  8
A-WALL
100
AcDbPolyline
 90
4
 70
1
 10
30810.0
 20
-39660.0
 10
31040.0
 20
-39660.0
 10
31040.0
 20
-39600.0
 10
30810.0
 20
-39600.0
  0
LWPOLYLINE
  5
DEA
330
17
100
AcDbEntity
  8
L-PLANT
100
AcDbPolyline
 90
15
 70
1
 10
30070.851635773815
 20
-39660.0
 10
30057.950007432864
 20
-39501.679795502794
 10
30121.776628368803
 20
-39392.1609992851
 10
30101.453511011347
 20
-39181.558803770604
 10
30165.03048441377
 20
-39079.40223862712
 10
30224.916972069674
 20
-38966.38997532374
 10
30312.169044608374
 20
-39019.90528196994
 10
30380.0
 20
-39013.27874773082
 10
30444.5118817965
 20
-39051.22610687543
 10
30510.10301988618
 20
-39078.11325173345
 10
30559.396271281057
 20
-39175.47979619164
 10
30642.27261760704
 20
-39209.51137470184
 10
30661.233272645342
 20
-39368.29426384885
 10
30715.680020128235
 20
-39494.97925583324
 10
30720.38804988414
 20
-39660.0
  0
LINE
  5
DEB
330
17
100
AcDbEntity
  8
L-PLANT
100
AcDbLine
 10
30304.662167752595
 20
-39479.10613557863
 30
0.0
 11
30286.38312128249
 21
-39437.59137689173
 31
0.0
  0
LINE
  5
DEC
330
17
100
AcDbEntity
  8
L-PLANT
100
AcDbLine
 10
30454.162936148143
 20
-39468.64520974939
 30
0.0
 11
30412.01086484021
 21
-39384.22505281166
 31
0.0
  0
LINE
  5
DED
330
17
100
AcDbEntity
  8
L-PLANT
100
AcDbLine
 10
30348.5191007179
 20
-39124.54443790534
 30
0.0
 11
30406.151698923473
 21
-39051.3461412463
 31
0.0
  0
LINE
  5
DEE
330
17
100
AcDbEntity
  8
L-PLANT
100
AcDbLine
 10
30254.862851962524
 20
-39487.792256616274
 30
0.0
 11
30224.45360391547
 21
-39410.96081253429
 31
0.0
  0
LINE
  5
DEF
330
17
100
AcDbEntity
  8
L-PLANT
100
AcDbLine
 10
30385.90406490393
 20
-39419.454881637124
 30
0.0
 11
30327.995773311868
 21
-39361.90109425355
 31
0.0
  0
LINE
  5
DF0
330
17
100
AcDbEntity
  8
L-PLANT
100
AcDbLine
 10
30326.374598999573
 20
-39523.45672801589
 30
0.0
 11
30296.31355648054
 21
-39468.684053150195
 31
0.0
  0
LINE
  5
DF1
330
17
100
AcDbEntity
  8
L-PLANT
100
AcDbLine
 10
30337.990584811607
 20
-39330.27317474873
 30
0.0
 11
30345.86622782106
 21
-39247.795890988484
 31
0.0
  0
LINE
  5
DF2
330
17
100
AcDbEntity
  8
L-PLANT
100
AcDbLine
 10
30277.464737130635
 20
-39511.82554496007
 30
0.0
 11
30253.84424039997
 21
-39461.024970552855
 31
0.0
  0
LINE
  5
DF3
330
17
100
AcDbEntity
  8
L-PLANT
100
AcDbLine
 10
30417.81607911495
 20
-39338.307729449254
 30
0.0
 11
30396.34330728589
 21
-39293.568880914805
 31
0.0
  0
LINE
  5
DF4
330
17
100
AcDbEntity
  8
L-PLANT
100
AcDbLine
 10
30505.51498692319
 20
-39271.08662919514
 30
0.0
 11
30520.301885647517
 21
-39195.93965079212
 31
0.0
  0
CIRCLE
  5
DF5
330
17
100
AcDbEntity
  8
A-WALL
100
AcDbCircle
 10
30564.551038837548
 20
-39434.77396088116
 30
0.0
 40
18.0
  0
CIRCLE
  5
DF6
330
17
100
AcDbEntity
  8
A-WALL
100
AcDbCircle
 10
30218.158639930603
 20
-39245.28216757258
 30
0.0
 40
18.0
  0
CIRCLE
  5
DF7
330
17
100
AcDbEntity
  8
A-WALL
100
AcDbCircle
 10
30484.495074727507
 20
-39231.180826879354
 30
0.0
 40
18.0
  0
CIRCLE
  5
DF8
330
17
100
AcDbEntity
  8
A-WALL
100
AcDbCircle
 10
30382.64362164399
 20
-39316.64804492073
 30
0.0
 40
18.0
  0
CIRCLE
  5
DF9
330
17
100
AcDbEntity
  8
A-WALL
100
AcDbCircle
 10
30246.768337341993
 20
-39070.69917871276
 30
0.0
 40
18.0
  0
CIRCLE
  5
DFA
330
17
100
AcDbEntity
  8
A-WALL
100
AcDbCircle
 10
30631.06207480922
 20
-39233.12360401902
 30
0.0
 40
18.0
  0
LWPOLYLINE
  5
DFB
330
17
100
AcDbEntity
  8
L-PLANT
100
AcDbPolyline
 90
37
 70
0
 10
30005.0472041328
 20
-39660.0
 10
30005.999227643944
 20
-39620.0
 10
30008.131605040737
 20
-39580.0
 10
30011.339466366968
 20
-39540.0
 10
30015.465049550443
 20
-39500.0
 10
30020.305459114763
 20
-39460.0
 10
30025.6226445442
 20
-39420.0
 10
30031.155107567392
 20
-39380.0
 10
30036.630762597688
 20
-39340.0
 10
30041.78031785582
 20
-39300.0
 10
30046.350519093638
 20
-39260.0
 10
30050.11660459475
 20
-39220.0
 10
30052.893358917387
 20
-39180.0
 10
30054.54422175817
 20
-39140.0
 10
30054.988003964518
 20
-39100.0
 10
30054.202880403318
 20
-39060.0
 10
30052.22746331722
 20
-39020.0
 10
30049.158903381165
 20
-38980.0
 10
30045.14811184876
 20
-38940.0
 10
30040.392338762613
 20
-38900.0
 10
30035.125472230913
 20
-38860.0
 10
30029.606535850216
 20
-38820.0
 10
30024.106949969213
 20
-38780.0
 10
30018.89718328231
 20
-38740.0
 10
30014.233451225464
 20
-38700.0
 10
30010.34511534475
 20
-38660.0
 10
30007.423403334746
 20
-38620.0
 10
30005.61200449313
 20
-38580.0
 10
30005.000003105586
 20
-38540.0
 10
30005.61749729584
 20
-38500.0
 10
30007.434118805068
 20
-38460.0
 10
30010.360526497683
 20
-38420.0
 10
30014.25280014314
 20
-38380.0
 10
30018.919518388262
 20
-38340.0
 10
30024.13117282674
 20
-38300.0
 10
30029.631455183327
 20
-38260.0
 10
30035.149862511058
 20
-38220.0
  0
CIRCLE
  5
DFC
330
17
100
AcDbEntity
  8
L-PLANT
100
AcDbCircle
 10
29973.005599890184
 20
-39552.7970839886
 30
0.0
 40
20.527691509108806
  0
CIRCLE
  5
DFD
330
17
100
AcDbEntity
  8
L-PLANT
100
AcDbCircle
 10
29936.813457097218
 20
-38580.18037670901
 30
0.0
 40
22.434987011132428
  0
CIRCLE
  5
DFE
330
17
100
AcDbEntity
  8
L-PLANT
100
AcDbCircle
 10
30000.39917026074
 20
-39105.27467094864
 30
0.0
 40
16.663955282144716
  0
CIRCLE
  5
DFF
330
17
100
AcDbEntity
  8
L-PLANT
100
AcDbCircle
 10
30075.922623454626
 20
-39007.3489366415
 30
0.0
 40
17.81118313009203
  0
CIRCLE
  5
E00
330
17
100
AcDbEntity
  8
A-WALL
100
AcDbCircle
 10
30100.922623454626
 20
-38987.3489366415
 30
0.0
 40
12.0
  0
CIRCLE
  5
E01
330
17
100
AcDbEntity
  8
L-PLANT
100
AcDbCircle
 10
30087.33983403659
 20
-39051.26581200053
 30
0.0
 40
18.443790574726343
  0
CIRCLE
  5
E02
330
17
100
AcDbEntity
  8
L-PLANT
100
AcDbCircle
 10
30008.483835642306
 20
-38947.59465063069
 30
0.0
 40
19.96943083678871
  0
CIRCLE
  5
E03
330
17
100
AcDbEntity
  8
A-WALL
100
AcDbCircle
 10
30033.483835642306
 20
-38927.59465063069
 30
0.0
 40
12.0
  0
CIRCLE
  5
E04
330
17
100
AcDbEntity
  8
L-PLANT
100
AcDbCircle
 10
30053.94671851589
 20
-38284.25186279495
 30
0.0
 40
25.437505979072792
  0
CIRCLE
  5
E05
330
17
100
AcDbEntity
  8
A-WALL
100
AcDbCircle
 10
30078.94671851589
 20
-38264.25186279495
 30
0.0
 40
12.0
  0
CIRCLE
  5
E06
330
17
100
AcDbEntity
  8
L-PLANT
100
AcDbCircle
 10
30031.20895403867
 20
-39579.76319714218
 30
0.0
 40
14.875281678156679
  0
CIRCLE
  5
E07
330
17
100
AcDbEntity
  8
L-PLANT
100
AcDbCircle
 10
30094.18632464954
 20
-39224.530941628094
 30
0.0
 40
24.37673762407544
  0
CIRCLE
  5
E08
330
17
100
AcDbEntity
  8
L-PLANT
100
AcDbCircle
 10
30065.977665673036
 20
-38853.69118201508
 30
0.0
 40
23.442984595822754
  0
CIRCLE
  5
E09
330
17
100
AcDbEntity
  8
L-PLANT
100
AcDbCircle
 10
29994.903473732607
 20
-38272.342345980396
 30
0.0
 40
18.001498578217642
  0
CIRCLE
  5
E0A
330
17
100
AcDbEntity
  8
L-PLANT
100
AcDbCircle
 10
30065.846653897443
 20
-39541.94690388044
 30
0.0
 40
16.857744752699016
  0
CIRCLE
  5
E0B
330
17
100
AcDbEntity
  8
L-PLANT
100
AcDbCircle
 10
30069.709153231048
 20
-38516.93728713228
 30
0.0
 40
25.495541138657412
  0
LWPOLYLINE
  5
E0C
330
17
100
AcDbEntity
  8
A-WALL
100
AcDbPolyline
 90
4
 70
1
 10
30520.0
 20
-39660.0
 10
30680.0
 20
-39660.0
 10
30680.0
 20
-37350.0
 10
30520.0
 20
-37350.0
  0
HATCH
  5
E0D
330
17
100
AcDbEntity
  8
A-HATCH
 62
7
100
AcDbHatch
 10
0.0
 20
0.0
 30
0.0
210
0.0
220
0.0
230
1.0
  2
ANSI31
 70
0
 71
0
 91
1
 92
3
 72
0
 73
1
 93
4
 10
37200.0
 20
-40900.0
 10
37350.0
 20
-40900.0
 10
37350.0
 20
-36400.0
 10
37200.0
 20
-36400.0
 97
0
 75
1
 76
1
 52
0.0
 41
2.5
 77
0
 78
1
 53
45.0
 43
0.0
 44
0.0
 45
-5.6126600758
 46
5.6126600758
 79
0
 98
0
  0
LWPOLYLINE
  5
E0E
330
17
100
AcDbEntity
  8
A-WALL
100
AcDbPolyline
 90
4
 70
1
 10
37200.0
 20
-40900.0
 10
37350.0
 20
-40900.0
 10
37350.0
 20
-36400.0
 10
37200.0
 20
-36400.0
  0
HATCH
  5
E0F
330
17
100
AcDbEntity
  8
A-HATCH
 62
253
100
AcDbHatch
 10
0.0
 20
0.0
 30
0.0
210
0.0
220
0.0
230
1.0
  2
SOLID
 70
1
 71
0
 91
1
 92
3
 72
0
 73
1
 93
4
 10
30550.0
 20
-37290.0
 10
30650.0
 20
-37290.0
 10
30650.0
 20
-37090.0
 10
30550.0
 20
-37090.0
 97
0
 75
0
 76
1
 98
0
  0
LWPOLYLINE
  5
E10
330
17
100
AcDbEntity
  8
S-STEEL
100
AcDbPolyline
 90
4
 70
1
 10
30550.0
 20
-37290.0
 10
30650.0
 20
-37290.0
 10
30650.0
 20
-37090.0
 10
30550.0
 20
-37090.0
  0
LWPOLYLINE
  5
E11
330
17
100
AcDbEntity
  8
S-STEEL
100
AcDbPolyline
 90
4
 70
1
 10
30555.0
 20
-37285.0
 10
30645.0
 20
-37285.0
 10
30645.0
 20
-37095.0
 10
30555.0
 20
-37095.0
  0
HATCH
  5
E12
330
17
100
AcDbEntity
  8
A-HATCH
 62
253
100
AcDbHatch
 10
0.0
 20
0.0
 30
0.0
210
0.0
220
0.0
230
1.0
  2
SOLID
 70
1
 71
0
 91
1
 92
3
 72
0
 73
1
 93
4
 10
35100.0
 20
-37290.0
 10
35300.0
 20
-37290.0
 10
35300.0
 20
-37090.0
 10
35100.0
 20
-37090.0
 97
0
 75
0
 76
1
 98
0
  0
LWPOLYLINE
  5
E13
330
17
100
AcDbEntity
  8
A-WALL
100
AcDbPolyline
 90
4
 70
1
 10
35100.0
 20
-37290.0
 10
35300.0
 20
-37290.0
 10
35300.0
 20
-37090.0
 10
35100.0
 20
-37090.0
  0
LWPOLYLINE
  5
E14
330
17
100
AcDbEntity
  8
A-WALL
100
AcDbPolyline
 90
4
 70
1
 10
35112.5
 20
-37277.5
 10
35287.5
 20
-37277.5
 10
35287.5
 20
-37102.5
 10
35112.5
 20
-37102.5
  0
LWPOLYLINE
  5
E15
330
17
100
AcDbEntity
  8
S-STEEL
100
AcDbPolyline
 90
6
 70
0
 10
31238.75
 20
-37270.0
 10
31238.75
 20
-37290.0
 10
31173.75
 20
-37290.0
 10
31173.75
 20
-37090.0
 10
31238.75
 20
-37090.0
 10
31238.75
 20
-37110.0
  0
LWPOLYLINE
  5
E16
330
17
100
AcDbEntity
  8
S-STEEL
100
AcDbPolyline
 90
6
 70
0
 10
31795.0
 20
-37270.0
 10
31795.0
 20
-37290.0
 10
31730.0
 20
-37290.0
 10
31730.0
 20
-37090.0
 10
31795.0
 20
-37090.0
 10
31795.0
 20
-37110.0
  0
LWPOLYLINE
  5
E17
330
17
100
AcDbEntity
  8
S-STEEL
100
AcDbPolyline
 90
6
 70
0
 10
32351.25
 20
-37270.0
 10
32351.25
 20
-37290.0
 10
32286.25
 20
-37290.0
 10
32286.25
 20
-37090.0
 10
32351.25
 20
-37090.0
 10
32351.25
 20
-37110.0
  0
LWPOLYLINE
  5
E18
330
17
100
AcDbEntity
  8
S-STEEL
100
AcDbPolyline
 90
6
 70
0
 10
32907.5
 20
-37270.0
 10
32907.5
 20
-37290.0
 10
32842.5
 20
-37290.0
 10
32842.5
 20
-37090.0
 10
32907.5
 20
-37090.0
 10
32907.5
 20
-37110.0
  0
LWPOLYLINE
  5
E19
330
17
100
AcDbEntity
  8
S-STEEL
100
AcDbPolyline
 90
6
 70
0
 10
33463.75
 20
-37270.0
 10
33463.75
 20
-37290.0
 10
33398.75
 20
-37290.0
 10
33398.75
 20
-37090.0
 10
33463.75
 20
-37090.0
 10
33463.75
 20
-37110.0
  0
LWPOLYLINE
  5
E1A
330
17
100
AcDbEntity
  8
S-STEEL
100
AcDbPolyline
 90
6
 70
0
 10
34020.0
 20
-37270.0
 10
34020.0
 20
-37290.0
 10
33955.0
 20
-37290.0
 10
33955.0
 20
-37090.0
 10
34020.0
 20
-37090.0
 10
34020.0
 20
-37110.0
  0
LWPOLYLINE
  5
E1B
330
17
100
AcDbEntity
  8
S-STEEL
100
AcDbPolyline
 90
6
 70
0
 10
34576.25
 20
-37270.0
 10
34576.25
 20
-37290.0
 10
34511.25
 20
-37290.0
 10
34511.25
 20
-37090.0
 10
34576.25
 20
-37090.0
 10
34576.25
 20
-37110.0
  0
HATCH
  5
E1C
330
17
100
AcDbEntity
  8
A-HATCH
 62
7
100
AcDbHatch
 10
0.0
 20
0.0
 30
0.0
210
0.0
220
0.0
230
1.0
  2
ANSI36
 70
0
 71
0
 91
1
 92
3
 72
0
 73
1
 93
4
 10
30578.0
 20
-37090.0
 10
30623.0
 20
-37090.0
 10
30623.0
 20
-37056.32478632479
 10
30578.0
 20
-37056.32478632479
 97
0
 75
1
 76
1
 52
0.0
 41
2.5
 77
0
 78
1
 53
45.0
 43
0.0
 44
0.0
 45
4.2094950567
 46
15.434815208
 79
4
 49
19.84375
 49
-3.96875
 49
0.0
 49
-3.96875
 98
0
  0
LWPOLYLINE
  5
E1D
330
17
100
AcDbEntity
  8
A-WALL
100
AcDbPolyline
 90
4
 70
1
 10
30578.0
 20
-37090.0
 10
30623.0
 20
-37090.0
 10
30623.0
 20
-37056.32478632479
 10
30578.0
 20
-37056.32478632479
  0
HATCH
  5
E1E
330
17
100
AcDbEntity
  8
A-HATCH
 62
7
100
AcDbHatch
 10
0.0
 20
0.0
 30
0.0
210
0.0
220
0.0
230
1.0
  2
ANSI36
 70
0
 71
0
 91
1
 92
3
 72
0
 73
1
 93
4
 10
30575.0
 20
-37330.0
 10
30625.0
 20
-37330.0
 10
30625.0
 20
-37290.0
 10
30575.0
 20
-37290.0
 97
0
 75
1
 76
1
 52
0.0
 41
2.5
 77
0
 78
1
 53
45.0
 43
0.0
 44
0.0
 45
4.2094950567
 46
15.434815208
 79
4
 49
19.84375
 49
-3.96875
 49
0.0
 49
-3.96875
 98
0
  0
LWPOLYLINE
  5
E1F
330
17
100
AcDbEntity
  8
A-WALL
100
AcDbPolyline
 90
4
 70
1
 10
30575.0
 20
-37330.0
 10
30625.0
 20
-37330.0
 10
30625.0
 20
-37290.0
 10
30575.0
 20
-37290.0
  0
HATCH
  5
E20
330
17
100
AcDbEntity
  8
A-HATCH
 62
7
100
AcDbHatch
 10
0.0
 20
0.0
 30
0.0
210
0.0
220
0.0
230
1.0
  2
ANSI36
 70
0
 71
0
 91
1
 92
3
 72
0
 73
1
 93
4
 10
31184.25
 20
-37090.0
 10
31229.25
 20
-37090.0
 10
31229.25
 20
-37056.32478632479
 10
31184.25
 20
-37056.32478632479
 97
0
 75
1
 76
1
 52
0.0
 41
2.5
 77
0
 78
1
 53
45.0
 43
0.0
 44
0.0
 45
4.2094950567
 46
15.434815208
 79
4
 49
19.84375
 49
-3.96875
 49
0.0
 49
-3.96875
 98
0
  0
LWPOLYLINE
  5
E21
330
17
100
AcDbEntity
  8
A-WALL
100
AcDbPolyline
 90
4
 70
1
 10
31184.25
 20
-37090.0
 10
31229.25
 20
-37090.0
 10
31229.25
 20
-37056.32478632479
 10
31184.25
 20
-37056.32478632479
  0
HATCH
  5
E22
330
17
100
AcDbEntity
  8
A-HATCH
 62
7
100
AcDbHatch
 10
0.0
 20
0.0
 30
0.0
210
0.0
220
0.0
230
1.0
  2
ANSI36
 70
0
 71
0
 91
1
 92
3
 72
0
 73
1
 93
4
 10
31181.25
 20
-37330.0
 10
31231.25
 20
-37330.0
 10
31231.25
 20
-37290.0
 10
31181.25
 20
-37290.0
 97
0
 75
1
 76
1
 52
0.0
 41
2.5
 77
0
 78
1
 53
45.0
 43
0.0
 44
0.0
 45
4.2094950567
 46
15.434815208
 79
4
 49
19.84375
 49
-3.96875
 49
0.0
 49
-3.96875
 98
0
  0
LWPOLYLINE
  5
E23
330
17
100
AcDbEntity
  8
A-WALL
100
AcDbPolyline
 90
4
 70
1
 10
31181.25
 20
-37330.0
 10
31231.25
 20
-37330.0
 10
31231.25
 20
-37290.0
 10
31181.25
 20
-37290.0
  0
HATCH
  5
E24
330
17
100
AcDbEntity
  8
A-HATCH
 62
7
100
AcDbHatch
 10
0.0
 20
0.0
 30
0.0
210
0.0
220
0.0
230
1.0
  2
ANSI36
 70
0
 71
0
 91
1
 92
3
 72
0
 73
1
 93
4
 10
31740.5
 20
-37090.0
 10
31785.5
 20
-37090.0
 10
31785.5
 20
-37056.32478632479
 10
31740.5
 20
-37056.32478632479
 97
0
 75
1
 76
1
 52
0.0
 41
2.5
 77
0
 78
1
 53
45.0
 43
0.0
 44
0.0
 45
4.2094950567
 46
15.434815208
 79
4
 49
19.84375
 49
-3.96875
 49
0.0
 49
-3.96875
 98
0
  0
LWPOLYLINE
  5
E25
330
17
100
AcDbEntity
  8
A-WALL
100
AcDbPolyline
 90
4
 70
1
 10
31740.5
 20
-37090.0
 10
31785.5
 20
-37090.0
 10
31785.5
 20
-37056.32478632479
 10
31740.5
 20
-37056.32478632479
  0
HATCH
  5
E26
330
17
100
AcDbEntity
  8
A-HATCH
 62
7
100
AcDbHatch
 10
0.0
 20
0.0
 30
0.0
210
0.0
220
0.0
230
1.0
  2
ANSI36
 70
0
 71
0
 91
1
 92
3
 72
0
 73
1
 93
4
 10
31737.5
 20
-37330.0
 10
31787.5
 20
-37330.0
 10
31787.5
 20
-37290.0
 10
31737.5
 20
-37290.0
 97
0
 75
1
 76
1
 52
0.0
 41
2.5
 77
0
 78
1
 53
45.0
 43
0.0
 44
0.0
 45
4.2094950567
 46
15.434815208
 79
4
 49
19.84375
 49
-3.96875
 49
0.0
 49
-3.96875
 98
0
  0
LWPOLYLINE
  5
E27
330
17
100
AcDbEntity
  8
A-WALL
100
AcDbPolyline
 90
4
 70
1
 10
31737.5
 20
-37330.0
 10
31787.5
 20
-37330.0
 10
31787.5
 20
-37290.0
 10
31737.5
 20
-37290.0
  0
HATCH
  5
E28
330
17
100
AcDbEntity
  8
A-HATCH
 62
7
100
AcDbHatch
 10
0.0
 20
0.0
 30
0.0
210
0.0
220
0.0
230
1.0
  2
ANSI36
 70
0
 71
0
 91
1
 92
3
 72
0
 73
1
 93
4
 10
32296.75
 20
-37090.0
 10
32341.75
 20
-37090.0
 10
32341.75
 20
-37056.32478632479
 10
32296.75
 20
-37056.32478632479
 97
0
 75
1
 76
1
 52
0.0
 41
2.5
 77
0
 78
1
 53
45.0
 43
0.0
 44
0.0
 45
4.2094950567
 46
15.434815208
 79
4
 49
19.84375
 49
-3.96875
 49
0.0
 49
-3.96875
 98
0
  0
LWPOLYLINE
  5
E29
330
17
100
AcDbEntity
  8
A-WALL
100
AcDbPolyline
 90
4
 70
1
 10
32296.75
 20
-37090.0
 10
32341.75
 20
-37090.0
 10
32341.75
 20
-37056.32478632479
 10
32296.75
 20
-37056.32478632479
  0
HATCH
  5
E2A
330
17
100
AcDbEntity
  8
A-HATCH
 62
7
100
AcDbHatch
 10
0.0
 20
0.0
 30
0.0
210
0.0
220
0.0
230
1.0
  2
ANSI36
 70
0
 71
0
 91
1
 92
3
 72
0
 73
1
 93
4
 10
32293.75
 20
-37330.0
 10
32343.75
 20
-37330.0
 10
32343.75
 20
-37290.0
 10
32293.75
 20
-37290.0
 97
0
 75
1
 76
1
 52
0.0
 41
2.5
 77
0
 78
1
 53
45.0
 43
0.0
 44
0.0
 45
4.2094950567
 46
15.434815208
 79
4
 49
19.84375
 49
-3.96875
 49
0.0
 49
-3.96875
 98
0
  0
LWPOLYLINE
  5
E2B
330
17
100
AcDbEntity
  8
A-WALL
100
AcDbPolyline
 90
4
 70
1
 10
32293.75
 20
-37330.0
 10
32343.75
 20
-37330.0
 10
32343.75
 20
-37290.0
 10
32293.75
 20
-37290.0
  0
HATCH
  5
E2C
330
17
100
AcDbEntity
  8
A-HATCH
 62
7
100
AcDbHatch
 10
0.0
 20
0.0
 30
0.0
210
0.0
220
0.0
230
1.0
  2
ANSI36
 70
0
 71
0
 91
1
 92
3
 72
0
 73
1
 93
4
 10
32853.0
 20
-37090.0
 10
32898.0
 20
-37090.0
 10
32898.0
 20
-37056.32478632479
 10
32853.0
 20
-37056.32478632479
 97
0
 75
1
 76
1
 52
0.0
 41
2.5
 77
0
 78
1
 53
45.0
 43
0.0
 44
0.0
 45
4.2094950567
 46
15.434815208
 79
4
 49
19.84375
 49
-3.96875
 49
0.0
 49
-3.96875
 98
0
  0
LWPOLYLINE
  5
E2D
330
17
100
AcDbEntity
  8
A-WALL
100
AcDbPolyline
 90
4
 70
1
 10
32853.0
 20
-37090.0
 10
32898.0
 20
-37090.0
 10
32898.0
 20
-37056.32478632479
 10
32853.0
 20
-37056.32478632479
  0
HATCH
  5
E2E
330
17
100
AcDbEntity
  8
A-HATCH
 62
7
100
AcDbHatch
 10
0.0
 20
0.0
 30
0.0
210
0.0
220
0.0
230
1.0
  2
ANSI36
 70
0
 71
0
 91
1
 92
3
 72
0
 73
1
 93
4
 10
32850.0
 20
-37330.0
 10
32900.0
 20
-37330.0
 10
32900.0
 20
-37290.0
 10
32850.0
 20
-37290.0
 97
0
 75
1
 76
1
 52
0.0
 41
2.5
 77
0
 78
1
 53
45.0
 43
0.0
 44
0.0
 45
4.2094950567
 46
15.434815208
 79
4
 49
19.84375
 49
-3.96875
 49
0.0
 49
-3.96875
 98
0
  0
LWPOLYLINE
  5
E2F
330
17
100
AcDbEntity
  8
A-WALL
100
AcDbPolyline
 90
4
 70
1
 10
32850.0
 20
-37330.0
 10
32900.0
 20
-37330.0
 10
32900.0
 20
-37290.0
 10
32850.0
 20
-37290.0
  0
HATCH
  5
E30
330
17
100
AcDbEntity
  8
A-HATCH
 62
7
100
AcDbHatch
 10
0.0
 20
0.0
 30
0.0
210
0.0
220
0.0
230
1.0
  2
ANSI36
 70
0
 71
0
 91
1
 92
3
 72
0
 73
1
 93
4
 10
33409.25
 20
-37090.0
 10
33454.25
 20
-37090.0
 10
33454.25
 20
-37056.32478632479
 10
33409.25
 20
-37056.32478632479
 97
0
 75
1
 76
1
 52
0.0
 41
2.5
 77
0
 78
1
 53
45.0
 43
0.0
 44
0.0
 45
4.2094950567
 46
15.434815208
 79
4
 49
19.84375
 49
-3.96875
 49
0.0
 49
-3.96875
 98
0
  0
LWPOLYLINE
  5
E31
330
17
100
AcDbEntity
  8
A-WALL
100
AcDbPolyline
 90
4
 70
1
 10
33409.25
 20
-37090.0
 10
33454.25
 20
-37090.0
 10
33454.25
 20
-37056.32478632479
 10
33409.25
 20
-37056.32478632479
  0
HATCH
  5
E32
330
17
100
AcDbEntity
  8
A-HATCH
 62
7
100
AcDbHatch
 10
0.0
 20
0.0
 30
0.0
210
0.0
220
0.0
230
1.0
  2
ANSI36
 70
0
 71
0
 91
1
 92
3
 72
0
 73
1
 93
4
 10
33406.25
 20
-37330.0
 10
33456.25
 20
-37330.0
 10
33456.25
 20
-37290.0
 10
33406.25
 20
-37290.0
 97
0
 75
1
 76
1
 52
0.0
 41
2.5
 77
0
 78
1
 53
45.0
 43
0.0
 44
0.0
 45
4.2094950567
 46
15.434815208
 79
4
 49
19.84375
 49
-3.96875
 49
0.0
 49
-3.96875
 98
0
  0
LWPOLYLINE
  5
E33
330
17
100
AcDbEntity
  8
A-WALL
100
AcDbPolyline
 90
4
 70
1
 10
33406.25
 20
-37330.0
 10
33456.25
 20
-37330.0
 10
33456.25
 20
-37290.0
 10
33406.25
 20
-37290.0
  0
HATCH
  5
E34
330
17
100
AcDbEntity
  8
A-HATCH
 62
7
100
AcDbHatch
 10
0.0
 20
0.0
 30
0.0
210
0.0
220
0.0
230
1.0
  2
ANSI36
 70
0
 71
0
 91
1
 92
3
 72
0
 73
1
 93
4
 10
33965.5
 20
-37090.0
 10
34010.5
 20
-37090.0
 10
34010.5
 20
-37056.32478632479
 10
33965.5
 20
-37056.32478632479
 97
0
 75
1
 76
1
 52
0.0
 41
2.5
 77
0
 78
1
 53
45.0
 43
0.0
 44
0.0
 45
4.2094950567
 46
15.434815208
 79
4
 49
19.84375
 49
-3.96875
 49
0.0
 49
-3.96875
 98
0
  0
LWPOLYLINE
  5
E35
330
17
100
AcDbEntity
  8
A-WALL
100
AcDbPolyline
 90
4
 70
1
 10
33965.5
 20
-37090.0
 10
34010.5
 20
-37090.0
 10
34010.5
 20
-37056.32478632479
 10
33965.5
 20
-37056.32478632479
  0
HATCH
  5
E36
330
17
100
AcDbEntity
  8
A-HATCH
 62
7
100
AcDbHatch
 10
0.0
 20
0.0
 30
0.0
210
0.0
220
0.0
230
1.0
  2
ANSI36
 70
0
 71
0
 91
1
 92
3
 72
0
 73
1
 93
4
 10
33962.5
 20
-37330.0
 10
34012.5
 20
-37330.0
 10
34012.5
 20
-37290.0
 10
33962.5
 20
-37290.0
 97
0
 75
1
 76
1
 52
0.0
 41
2.5
 77
0
 78
1
 53
45.0
 43
0.0
 44
0.0
 45
4.2094950567
 46
15.434815208
 79
4
 49
19.84375
 49
-3.96875
 49
0.0
 49
-3.96875
 98
0
  0
LWPOLYLINE
  5
E37
330
17
100
AcDbEntity
  8
A-WALL
100
AcDbPolyline
 90
4
 70
1
 10
33962.5
 20
-37330.0
 10
34012.5
 20
-37330.0
 10
34012.5
 20
-37290.0
 10
33962.5
 20
-37290.0
  0
HATCH
  5
E38
330
17
100
AcDbEntity
  8
A-HATCH
 62
7
100
AcDbHatch
 10
0.0
 20
0.0
 30
0.0
210
0.0
220
0.0
230
1.0
  2
ANSI36
 70
0
 71
0
 91
1
 92
3
 72
0
 73
1
 93
4
 10
34521.75
 20
-37090.0
 10
34566.75
 20
-37090.0
 10
34566.75
 20
-37056.32478632479
 10
34521.75
 20
-37056.32478632479
 97
0
 75
1
 76
1
 52
0.0
 41
2.5
 77
0
 78
1
 53
45.0
 43
0.0
 44
0.0
 45
4.2094950567
 46
15.434815208
 79
4
 49
19.84375
 49
-3.96875
 49
0.0
 49
-3.96875
 98
0
  0
LWPOLYLINE
  5
E39
330
17
100
AcDbEntity
  8
A-WALL
100
AcDbPolyline
 90
4
 70
1
 10
34521.75
 20
-37090.0
 10
34566.75
 20
-37090.0
 10
34566.75
 20
-37056.32478632479
 10
34521.75
 20
-37056.32478632479
  0
HATCH
  5
E3A
330
17
100
AcDbEntity
  8
A-HATCH
 62
7
100
AcDbHatch
 10
0.0
 20
0.0
 30
0.0
210
0.0
220
0.0
230
1.0
  2
ANSI36
 70
0
 71
0
 91
1
 92
3
 72
0
 73
1
 93
4
 10
34518.75
 20
-37330.0
 10
34568.75
 20
-37330.0
 10
34568.75
 20
-37290.0
 10
34518.75
 20
-37290.0
 97
0
 75
1
 76
1
 52
0.0
 41
2.5
 77
0
 78
1
 53
45.0
 43
0.0
 44
0.0
 45
4.2094950567
 46
15.434815208
 79
4
 49
19.84375
 49
-3.96875
 49
0.0
 49
-3.96875
 98
0
  0
LWPOLYLINE
  5
E3B
330
17
100
AcDbEntity
  8
A-WALL
100
AcDbPolyline
 90
4
 70
1
 10
34518.75
 20
-37330.0
 10
34568.75
 20
-37330.0
 10
34568.75
 20
-37290.0
 10
34518.75
 20
-37290.0
  0
HATCH
  5
E3C
330
17
100
AcDbEntity
  8
A-HATCH
 62
7
100
AcDbHatch
 10
0.0
 20
0.0
 30
0.0
210
0.0
220
0.0
230
1.0
  2
ANSI36
 70
0
 71
0
 91
1
 92
3
 72
0
 73
1
 93
4
 10
35178.0
 20
-37090.0
 10
35223.0
 20
-37090.0
 10
35223.0
 20
-37056.32478632479
 10
35178.0
 20
-37056.32478632479
 97
0
 75
1
 76
1
 52
0.0
 41
2.5
 77
0
 78
1
 53
45.0
 43
0.0
 44
0.0
 45
4.2094950567
 46
15.434815208
 79
4
 49
19.84375
 49
-3.96875
 49
0.0
 49
-3.96875
 98
0
  0
LWPOLYLINE
  5
E3D
330
17
100
AcDbEntity
  8
A-WALL
100
AcDbPolyline
 90
4
 70
1
 10
35178.0
 20
-37090.0
 10
35223.0
 20
-37090.0
 10
35223.0
 20
-37056.32478632479
 10
35178.0
 20
-37056.32478632479
  0
HATCH
  5
E3E
330
17
100
AcDbEntity
  8
A-HATCH
 62
7
100
AcDbHatch
 10
0.0
 20
0.0
 30
0.0
210
0.0
220
0.0
230
1.0
  2
ANSI36
 70
0
 71
0
 91
1
 92
3
 72
0
 73
1
 93
4
 10
35175.0
 20
-37330.0
 10
35225.0
 20
-37330.0
 10
35225.0
 20
-37290.0
 10
35175.0
 20
-37290.0
 97
0
 75
1
 76
1
 52
0.0
 41
2.5
 77
0
 78
1
 53
45.0
 43
0.0
 44
0.0
 45
4.2094950567
 46
15.434815208
 79
4
 49
19.84375
 49
-3.96875
 49
0.0
 49
-3.96875
 98
0
  0
LWPOLYLINE
  5
E3F
330
17
100
AcDbEntity
  8
A-WALL
100
AcDbPolyline
 90
4
 70
1
 10
35175.0
 20
-37330.0
 10
35225.0
 20
-37330.0
 10
35225.0
 20
-37290.0
 10
35175.0
 20
-37290.0
  0
LWPOLYLINE
  5
E40
330
17
100
AcDbEntity
  8
A-WALL
100
AcDbPolyline
 90
4
 70
1
 10
30550.0
 20
-37056.32478632479
 10
35300.0
 20
-37056.32478632479
 10
35300.0
 20
-37038.32478632479
 10
30550.0
 20
-37038.32478632479
  0
LINE
  5
E41
330
17
100
AcDbEntity
  8
A-WALL
100
AcDbLine
 10
30550.0
 20
-37036.32478632479
 30
0.0
 11
35300.0
 21
-37036.32478632479
 31
0.0
  0
HATCH
  5
E42
330
17
100
AcDbEntity
  8
A-HATCH
 62
7
100
AcDbHatch
 10
0.0
 20
0.0
 30
0.0
210
0.0
220
0.0
230
1.0
  2
ANSI36
 70
0
 71
0
 91
1
 92
3
 72
0
 73
1
 93
4
 10
30560.0
 20
-37350.0
 10
35340.0
 20
-37350.0
 10
35340.0
 20
-37330.0
 10
30560.0
 20
-37330.0
 97
0
 75
1
 76
1
 52
0.0
 41
2.5
 77
0
 78
1
 53
45.0
 43
0.0
 44
0.0
 45
4.2094950567
 46
15.434815208
 79
4
 49
19.84375
 49
-3.96875
 49
0.0
 49
-3.96875
 98
0
  0
LWPOLYLINE
  5
E43
330
17
100
AcDbEntity
  8
A-WALL
100
AcDbPolyline
 90
4
 70
1
 10
30560.0
 20
-37350.0
 10
35340.0
 20
-37350.0
 10
35340.0
 20
-37330.0
 10
30560.0
 20
-37330.0
  0
LWPOLYLINE
  5
E44
330
17
100
AcDbEntity
  8
A-WALL
100
AcDbPolyline
 90
4
 70
1
 10
30500.0
 20
-37350.0
 10
30503.0
 20
-37350.0
 10
30503.0
 20
-36980.0
 10
30500.0
 20
-36980.0
  0
LWPOLYLINE
  5
E45
330
17
100
AcDbEntity
  8
A-WALL
100
AcDbPolyline
 90
4
 70
1
 10
35347.0
 20
-37350.0
 10
35350.0
 20
-37350.0
 10
35350.0
 20
-36980.0
 10
35347.0
 20
-36980.0
  0
LINE
  5
E46
330
17
100
AcDbEntity
  8
A-WALL
100
AcDbLine
 10
30500.0
 20
-36980.0
 30
0.0
 11
30570.0
 21
-36987.0
 31
0.0
  0
LINE
  5
E47
330
17
100
AcDbEntity
  8
A-WALL
100
AcDbLine
 10
35350.0
 20
-36980.0
 30
0.0
 11
35280.0
 21
-36987.0
 31
0.0
  0
LWPOLYLINE
  5
E48
330
17
100
AcDbEntity
  8
A-WALL
100
AcDbPolyline
 90
4
 70
1
 10
30708.0
 20
-37350.0
 10
30733.0
 20
-37350.0
 10
30733.0
 20
-37328.0
 10
30708.0
 20
-37328.0
  0
LWPOLYLINE
  5
E49
330
17
100
AcDbEntity
  8
A-WALL
100
AcDbPolyline
 90
4
 70
1
 10
35118.0
 20
-37350.0
 10
35143.0
 20
-37350.0
 10
35143.0
 20
-37328.0
 10
35118.0
 20
-37328.0
  0
LINE
  5
E4A
330
17
100
AcDbEntity
  8
A-DIMS
100
AcDbLine
 10
29750.0
 20
-41020.0
 30
0.0
 11
29750.0
 21
-41122.5
 31
0.0
  0
LINE
  5
E4B
330
17
100
AcDbEntity
  8
A-DIMS
100
AcDbLine
 10
30000.0
 20
-41020.0
 30
0.0
 11
30000.0
 21
-41122.5
 31
0.0
  0
LINE
  5
E4C
330
17
100
AcDbEntity
  8
A-DIMS
100
AcDbLine
 10
29750.0
 20
-41100.0
 30
0.0
 11
30000.0
 21
-41100.0
 31
0.0
  0
TEXT
  5
E4D
330
17
100
AcDbEntity
  8
A-DIMS
100
AcDbText
 10
29875.0
 20
-41100.0
 30
0.0
 40
25.2
  1
250
 72
1
 11
29875.0
 21
-41100.0
 31
0.0
100
AcDbText
 73
1
  0
LINE
  5
E4E
330
17
100
AcDbEntity
  8
A-DIMS
100
AcDbLine
 10
30000.0
 20
-41020.0
 30
0.0
 11
30000.0
 21
-41122.5
 31
0.0
  0
LINE
  5
E4F
330
17
100
AcDbEntity
  8
A-DIMS
100
AcDbLine
 10
30850.0
 20
-41020.0
 30
0.0
 11
30850.0
 21
-41122.5
 31
0.0
  0
LINE
  5
E50
330
17
100
AcDbEntity
  8
A-DIMS
100
AcDbLine
 10
30000.0
 20
-41100.0
 30
0.0
 11
30850.0
 21
-41100.0
 31
0.0
  0
TEXT
  5
E51
330
17
100
AcDbEntity
  8
A-DIMS
100
AcDbText
 10
30425.0
 20
-41100.0
 30
0.0
 40
25.2
  1
850
 72
1
 11
30425.0
 21
-41100.0
 31
0.0
100
AcDbText
 73
1
  0
LINE
  5
E52
330
17
100
AcDbEntity
  8
A-DIMS
100
AcDbLine
 10
30850.0
 20
-41020.0
 30
0.0
 11
30850.0
 21
-41122.5
 31
0.0
  0
LINE
  5
E53
330
17
100
AcDbEntity
  8
A-DIMS
100
AcDbLine
 10
31000.0
 20
-41020.0
 30
0.0
 11
31000.0
 21
-41122.5
 31
0.0
  0
LINE
  5
E54
330
17
100
AcDbEntity
  8
A-DIMS
100
AcDbLine
 10
30850.0
 20
-41100.0
 30
0.0
 11
31000.0
 21
-41100.0
 31
0.0
  0
TEXT
  5
E55
330
17
100
AcDbEntity
  8
A-DIMS
100
AcDbText
 10
30925.0
 20
-41100.0
 30
0.0
 40
25.2
  1
150
 72
1
 11
30925.0
 21
-41100.0
 31
0.0
100
AcDbText
 73
1
  0
LINE
  5
E56
330
17
100
AcDbEntity
  8
A-DIMS
100
AcDbLine
 10
31000.0
 20
-41020.0
 30
0.0
 11
31000.0
 21
-41122.5
 31
0.0
  0
LINE
  5
E57
330
17
100
AcDbEntity
  8
A-DIMS
100
AcDbLine
 10
36600.0
 20
-41020.0
 30
0.0
 11
36600.0
 21
-41122.5
 31
0.0
  0
LINE
  5
E58
330
17
100
AcDbEntity
  8
A-DIMS
100
AcDbLine
 10
31000.0
 20
-41100.0
 30
0.0
 11
36600.0
 21
-41100.0
 31
0.0
  0
TEXT
  5
E59
330
17
100
AcDbEntity
  8
A-DIMS
100
AcDbText
 10
33800.0
 20
-41100.0
 30
0.0
 40
25.2
  1
5600
 72
1
 11
33800.0
 21
-41100.0
 31
0.0
100
AcDbText
 73
1
  0
LINE
  5
E5A
330
17
100
AcDbEntity
  8
A-DIMS
100
AcDbLine
 10
36600.0
 20
-41020.0
 30
0.0
 11
36600.0
 21
-41122.5
 31
0.0
  0
LINE
  5
E5B
330
17
100
AcDbEntity
  8
A-DIMS
100
AcDbLine
 10
37200.0
 20
-41020.0
 30
0.0
 11
37200.0
 21
-41122.5
 31
0.0
  0
LINE
  5
E5C
330
17
100
AcDbEntity
  8
A-DIMS
100
AcDbLine
 10
36600.0
 20
-41100.0
 30
0.0
 11
37200.0
 21
-41100.0
 31
0.0
  0
TEXT
  5
E5D
330
17
100
AcDbEntity
  8
A-DIMS
100
AcDbText
 10
36900.0
 20
-41100.0
 30
0.0
 40
25.2
  1
600
 72
1
 11
36900.0
 21
-41100.0
 31
0.0
100
AcDbText
 73
1
  0
LINE
  5
E5E
330
17
100
AcDbEntity
  8
A-DIMS
100
AcDbLine
 10
29750.0
 20
-41020.0
 30
0.0
 11
29750.0
 21
-41247.5
 31
0.0
  0
LINE
  5
E5F
330
17
100
AcDbEntity
  8
A-DIMS
100
AcDbLine
 10
37200.0
 20
-41020.0
 30
0.0
 11
37200.0
 21
-41247.5
 31
0.0
  0
LINE
  5
E60
330
17
100
AcDbEntity
  8
A-DIMS
100
AcDbLine
 10
29750.0
 20
-41225.0
 30
0.0
 11
37200.0
 21
-41225.0
 31
0.0
  0
TEXT
  5
E61
330
17
100
AcDbEntity
  8
A-DIMS
100
AcDbText
 10
33475.0
 20
-41225.0
 30
0.0
 40
25.2
  1
7450
 72
1
 11
33475.0
 21
-41225.0
 31
0.0
100
AcDbText
 73
1
  0
LINE
  5
E62
330
17
100
AcDbEntity
  8
A-DIMS
100
AcDbLine
 10
30500.0
 20
-36960.0
 30
0.0
 11
30500.0
 21
-36757.5
 31
0.0
  0
LINE
  5
E63
330
17
100
AcDbEntity
  8
A-DIMS
100
AcDbLine
 10
30600.0
 20
-36960.0
 30
0.0
 11
30600.0
 21
-36757.5
 31
0.0
  0
LINE
  5
E64
330
17
100
AcDbEntity
  8
A-DIMS
100
AcDbLine
 10
30500.0
 20
-36780.0
 30
0.0
 11
30600.0
 21
-36780.0
 31
0.0
  0
TEXT
  5
E65
330
17
100
AcDbEntity
  8
A-DIMS
100
AcDbText
 10
30550.0
 20
-36780.0
 30
0.0
 40
21.599999999999998
  1
100
 72
1
 11
30550.0
 21
-36780.0
 31
0.0
100
AcDbText
 73
1
  0
LINE
  5
E66
330
17
100
AcDbEntity
  8
A-DIMS
100
AcDbLine
 10
30600.0
 20
-36960.0
 30
0.0
 11
30600.0
 21
-36757.5
 31
0.0
  0
LINE
  5
E67
330
17
100
AcDbEntity
  8
A-DIMS
100
AcDbLine
 10
31206.0
 20
-36960.0
 30
0.0
 11
31206.0
 21
-36757.5
 31
0.0
  0
LINE
  5
E68
330
17
100
AcDbEntity
  8
A-DIMS
100
AcDbLine
 10
30600.0
 20
-36780.0
 30
0.0
 11
31206.0
 21
-36780.0
 31
0.0
  0
TEXT
  5
E69
330
17
100
AcDbEntity
  8
A-DIMS
100
AcDbText
 10
30903.0
 20
-36780.0
 30
0.0
 40
21.599999999999998
  1
606
 72
1
 11
30903.0
 21
-36780.0
 31
0.0
100
AcDbText
 73
1
  0
LINE
  5
E6A
330
17
100
AcDbEntity
  8
A-DIMS
100
AcDbLine
 10
31206.0
 20
-36960.0
 30
0.0
 11
31206.0
 21
-36757.5
 31
0.0
  0
LINE
  5
E6B
330
17
100
AcDbEntity
  8
A-DIMS
100
AcDbLine
 10
31762.0
 20
-36960.0
 30
0.0
 11
31762.0
 21
-36757.5
 31
0.0
  0
LINE
  5
E6C
330
17
100
AcDbEntity
  8
A-DIMS
100
AcDbLine
 10
31206.0
 20
-36780.0
 30
0.0
 11
31762.0
 21
-36780.0
 31
0.0
  0
TEXT
  5
E6D
330
17
100
AcDbEntity
  8
A-DIMS
100
AcDbText
 10
31484.0
 20
-36780.0
 30
0.0
 40
21.599999999999998
  1
556
 72
1
 11
31484.0
 21
-36780.0
 31
0.0
100
AcDbText
 73
1
  0
LINE
  5
E6E
330
17
100
AcDbEntity
  8
A-DIMS
100
AcDbLine
 10
31762.0
 20
-36960.0
 30
0.0
 11
31762.0
 21
-36757.5
 31
0.0
  0
LINE
  5
E6F
330
17
100
AcDbEntity
  8
A-DIMS
100
AcDbLine
 10
32319.0
 20
-36960.0
 30
0.0
 11
32319.0
 21
-36757.5
 31
0.0
  0
LINE
  5
E70
330
17
100
AcDbEntity
  8
A-DIMS
100
AcDbLine
 10
31762.0
 20
-36780.0
 30
0.0
 11
32319.0
 21
-36780.0
 31
0.0
  0
TEXT
  5
E71
330
17
100
AcDbEntity
  8
A-DIMS
100
AcDbText
 10
32040.5
 20
-36780.0
 30
0.0
 40
21.599999999999998
  1
557
 72
1
 11
32040.5
 21
-36780.0
 31
0.0
100
AcDbText
 73
1
  0
LINE
  5
E72
330
17
100
AcDbEntity
  8
A-DIMS
100
AcDbLine
 10
32319.0
 20
-36960.0
 30
0.0
 11
32319.0
 21
-36757.5
 31
0.0
  0
LINE
  5
E73
330
17
100
AcDbEntity
  8
A-DIMS
100
AcDbLine
 10
32875.0
 20
-36960.0
 30
0.0
 11
32875.0
 21
-36757.5
 31
0.0
  0
LINE
  5
E74
330
17
100
AcDbEntity
  8
A-DIMS
100
AcDbLine
 10
32319.0
 20
-36780.0
 30
0.0
 11
32875.0
 21
-36780.0
 31
0.0
  0
TEXT
  5
E75
330
17
100
AcDbEntity
  8
A-DIMS
100
AcDbText
 10
32597.0
 20
-36780.0
 30
0.0
 40
21.599999999999998
  1
556
 72
1
 11
32597.0
 21
-36780.0
 31
0.0
100
AcDbText
 73
1
  0
LINE
  5
E76
330
17
100
AcDbEntity
  8
A-DIMS
100
AcDbLine
 10
32875.0
 20
-36960.0
 30
0.0
 11
32875.0
 21
-36757.5
 31
0.0
  0
LINE
  5
E77
330
17
100
AcDbEntity
  8
A-DIMS
100
AcDbLine
 10
33431.0
 20
-36960.0
 30
0.0
 11
33431.0
 21
-36757.5
 31
0.0
  0
LINE
  5
E78
330
17
100
AcDbEntity
  8
A-DIMS
100
AcDbLine
 10
32875.0
 20
-36780.0
 30
0.0
 11
33431.0
 21
-36780.0
 31
0.0
  0
TEXT
  5
E79
330
17
100
AcDbEntity
  8
A-DIMS
100
AcDbText
 10
33153.0
 20
-36780.0
 30
0.0
 40
21.599999999999998
  1
556
 72
1
 11
33153.0
 21
-36780.0
 31
0.0
100
AcDbText
 73
1
  0
LINE
  5
E7A
330
17
100
AcDbEntity
  8
A-DIMS
100
AcDbLine
 10
33431.0
 20
-36960.0
 30
0.0
 11
33431.0
 21
-36757.5
 31
0.0
  0
LINE
  5
E7B
330
17
100
AcDbEntity
  8
A-DIMS
100
AcDbLine
 10
33988.0
 20
-36960.0
 30
0.0
 11
33988.0
 21
-36757.5
 31
0.0
  0
LINE
  5
E7C
330
17
100
AcDbEntity
  8
A-DIMS
100
AcDbLine
 10
33431.0
 20
-36780.0
 30
0.0
 11
33988.0
 21
-36780.0
 31
0.0
  0
TEXT
  5
E7D
330
17
100
AcDbEntity
  8
A-DIMS
100
AcDbText
 10
33709.5
 20
-36780.0
 30
0.0
 40
21.599999999999998
  1
557
 72
1
 11
33709.5
 21
-36780.0
 31
0.0
100
AcDbText
 73
1
  0
LINE
  5
E7E
330
17
100
AcDbEntity
  8
A-DIMS
100
AcDbLine
 10
33988.0
 20
-36960.0
 30
0.0
 11
33988.0
 21
-36757.5
 31
0.0
  0
LINE
  5
E7F
330
17
100
AcDbEntity
  8
A-DIMS
100
AcDbLine
 10
34544.0
 20
-36960.0
 30
0.0
 11
34544.0
 21
-36757.5
 31
0.0
  0
LINE
  5
E80
330
17
100
AcDbEntity
  8
A-DIMS
100
AcDbLine
 10
33988.0
 20
-36780.0
 30
0.0
 11
34544.0
 21
-36780.0
 31
0.0
  0
TEXT
  5
E81
330
17
100
AcDbEntity
  8
A-DIMS
100
AcDbText
 10
34266.0
 20
-36780.0
 30
0.0
 40
21.599999999999998
  1
556
 72
1
 11
34266.0
 21
-36780.0
 31
0.0
100
AcDbText
 73
1
  0
LINE
  5
E82
330
17
100
AcDbEntity
  8
A-DIMS
100
AcDbLine
 10
34544.0
 20
-36960.0
 30
0.0
 11
34544.0
 21
-36757.5
 31
0.0
  0
LINE
  5
E83
330
17
100
AcDbEntity
  8
A-DIMS
100
AcDbLine
 10
35200.0
 20
-36960.0
 30
0.0
 11
35200.0
 21
-36757.5
 31
0.0
  0
LINE
  5
E84
330
17
100
AcDbEntity
  8
A-DIMS
100
AcDbLine
 10
34544.0
 20
-36780.0
 30
0.0
 11
35200.0
 21
-36780.0
 31
0.0
  0
TEXT
  5
E85
330
17
100
AcDbEntity
  8
A-DIMS
100
AcDbText
 10
34872.0
 20
-36780.0
 30
0.0
 40
21.599999999999998
  1
656
 72
1
 11
34872.0
 21
-36780.0
 31
0.0
100
AcDbText
 73
1
  0
LINE
  5
E86
330
17
100
AcDbEntity
  8
A-DIMS
100
AcDbLine
 10
35200.0
 20
-36960.0
 30
0.0
 11
35200.0
 21
-36757.5
 31
0.0
  0
LINE
  5
E87
330
17
100
AcDbEntity
  8
A-DIMS
100
AcDbLine
 10
35350.0
 20
-36960.0
 30
0.0
 11
35350.0
 21
-36757.5
 31
0.0
  0
LINE
  5
E88
330
17
100
AcDbEntity
  8
A-DIMS
100
AcDbLine
 10
35200.0
 20
-36780.0
 30
0.0
 11
35350.0
 21
-36780.0
 31
0.0
  0
TEXT
  5
E89
330
17
100
AcDbEntity
  8
A-DIMS
100
AcDbText
 10
35275.0
 20
-36780.0
 30
0.0
 40
21.599999999999998
  1
150
 72
1
 11
35275.0
 21
-36780.0
 31
0.0
100
AcDbText
 73
1
  0
LINE
  5
E8A
330
17
100
AcDbEntity
  8
A-DIMS
100
AcDbLine
 10
30500.0
 20
-36960.0
 30
0.0
 11
30500.0
 21
-36632.5
 31
0.0
  0
LINE
  5
E8B
330
17
100
AcDbEntity
  8
A-DIMS
100
AcDbLine
 10
35350.0
 20
-36960.0
 30
0.0
 11
35350.0
 21
-36632.5
 31
0.0
  0
LINE
  5
E8C
330
17
100
AcDbEntity
  8
A-DIMS
100
AcDbLine
 10
30500.0
 20
-36655.0
 30
0.0
 11
35350.0
 21
-36655.0
 31
0.0
  0
TEXT
  5
E8D
330
17
100
AcDbEntity
  8
A-DIMS
100
AcDbText
 10
32925.0
 20
-36655.0
 30
0.0
 40
21.599999999999998
  1
4850
 72
1
 11
32925.0
 21
-36655.0
 31
0.0
100
AcDbText
 73
1
  0
HATCH
  5
E8E
330
17
100
AcDbEntity
  8
A-HATCH
 62
7
100
AcDbHatch
 10
0.0
 20
0.0
 30
0.0
210
0.0
220
0.0
230
1.0
  2
EARTH
 70
0
 71
0
 91
1
 92
3
 72
0
 73
1
 93
4
 10
59550.0
 20
-40100.0
 10
59750.0
 20
-40100.0
 10
59750.0
 20
-40750.0
 10
59550.0
 20
-40750.0
 97
0
 75
1
 76
1
 52
0.0
 41
1.0
 77
0
 78
6
 53
0.0
 43
0.0
 44
0.0
 45
6.35
 46
6.35
 79
2
 49
6.35
 49
-6.35
 53
0.0
 43
0.0
 44
2.38125
 45
6.35
 46
6.35
 79
2
 49
6.35
 49
-6.35
 53
0.0
 43
0.0
 44
4.7625
 45
6.35
 46
6.35
 79
2
 49
6.35
 49
-6.35
 53
90.0
 43
0.79375
 44
5.55625
 45
-6.35
 46
6.35
 79
2
 49
6.35
 49
-6.35
 53
90.0
 43
3.175
 44
5.55625
 45
-6.35
 46
6.35
 79
2
 49
6.35
 49
-6.35
 53
90.0
 43
5.55625
 44
5.55625
 45
-6.35
 46
6.35
 79
2
 49
6.35
 49
-6.35
 98
0
  0
LWPOLYLINE
  5
E8F
330
17
100
AcDbEntity
  8
A-WALL
100
AcDbPolyline
 90
4
 70
1
 10
59550.0
 20
-40100.0
 10
59750.0
 20
-40100.0
 10
59750.0
 20
-40750.0
 10
59550.0
 20
-40750.0
  0
HATCH
  5
E90
330
17
100
AcDbEntity
  8
A-HATCH
 62
7
100
AcDbHatch
 10
0.0
 20
0.0
 30
0.0
210
0.0
220
0.0
230
1.0
  2
ANSI31
 70
0
 71
0
 91
1
 92
3
 72
0
 73
1
 93
4
 10
59750.0
 20
-40750.0
 10
60000.0
 20
-40750.0
 10
60000.0
 20
-39050.0
 10
59750.0
 20
-39050.0
 97
0
 75
1
 76
1
 52
0.0
 41
1.0
 77
0
 78
1
 53
45.0
 43
0.0
 44
0.0
 45
-2.2450640303
 46
2.2450640303
 79
0
 98
0
  0
LWPOLYLINE
  5
E91
330
17
100
AcDbEntity
  8
A-WALL
100
AcDbPolyline
 90
4
 70
1
 10
59750.0
 20
-40750.0
 10
60000.0
 20
-40750.0
 10
60000.0
 20
-39050.0
 10
59750.0
 20
-39050.0
  0
HATCH
  5
E92
330
17
100
AcDbEntity
  8
A-HATCH
 62
8
100
AcDbHatch
 10
0.0
 20
0.0
 30
0.0
210
0.0
220
0.0
230
1.0
  2
SOLID
 70
1
 71
0
 91
1
 92
3
 72
0
 73
1
 93
4
 10
59738.0
 20
-40100.0
 10
59750.0
 20
-40100.0
 10
59750.0
 20
-39050.0
 10
59738.0
 20
-39050.0
 97
0
 75
0
 76
1
 98
0
  0
LWPOLYLINE
  5
E93
330
17
100
AcDbEntity
  8
A-WALL
100
AcDbPolyline
 90
4
 70
1
 10
59738.0
 20
-40100.0
 10
59750.0
 20
-40100.0
 10
59750.0
 20
-39050.0
 10
59738.0
 20
-39050.0
  0
LWPOLYLINE
  5
E94
330
17
100
AcDbEntity
  8
A-WALL
  6
DASHED
100
AcDbPolyline
 90
4
 70
1
 10
59600.0
 20
-40900.0
 10
60150.0
 20
-40900.0
 10
60150.0
 20
-40750.0
 10
59600.0
 20
-40750.0
  0
HATCH
  5
E95
330
17
100
AcDbEntity
  8
A-HATCH
 62
7
100
AcDbHatch
 10
0.0
 20
0.0
 30
0.0
210
0.0
220
0.0
230
1.0
  2
EARTH
 70
0
 71
0
 91
1
 92
3
 72
0
 73
1
 93
4
 10
60000.0
 20
-40750.0
 10
60775.0
 20
-40750.0
 10
60775.0
 20
-40400.0
 10
60000.0
 20
-40400.0
 97
0
 75
1
 76
1
 52
0.0
 41
1.0
 77
0
 78
6
 53
0.0
 43
0.0
 44
0.0
 45
6.35
 46
6.35
 79
2
 49
6.35
 49
-6.35
 53
0.0
 43
0.0
 44
2.38125
 45
6.35
 46
6.35
 79
2
 49
6.35
 49
-6.35
 53
0.0
 43
0.0
 44
4.7625
 45
6.35
 46
6.35
 79
2
 49
6.35
 49
-6.35
 53
90.0
 43
0.79375
 44
5.55625
 45
-6.35
 46
6.35
 79
2
 49
6.35
 49
-6.35
 53
90.0
 43
3.175
 44
5.55625
 45
-6.35
 46
6.35
 79
2
 49
6.35
 49
-6.35
 53
90.0
 43
5.55625
 44
5.55625
 45
-6.35
 46
6.35
 79
2
 49
6.35
 49
-6.35
 98
0
  0
LWPOLYLINE
  5
E96
330
17
100
AcDbEntity
  8
A-WALL
100
AcDbPolyline
 90
4
 70
1
 10
60000.0
 20
-40750.0
 10
60775.0
 20
-40750.0
 10
60775.0
 20
-40400.0
 10
60000.0
 20
-40400.0
  0
HATCH
  5
E97
330
17
100
AcDbEntity
  8
A-HATCH
 62
7
100
AcDbHatch
 10
0.0
 20
0.0
 30
0.0
210
0.0
220
0.0
230
1.0
  2
EARTH
 70
0
 71
0
 91
1
 92
3
 72
0
 73
1
 93
4
 10
60000.0
 20
-40400.0
 10
60850.0
 20
-40400.0
 10
60850.0
 20
-40300.0
 10
60000.0
 20
-40300.0
 97
0
 75
1
 76
1
 52
0.0
 41
1.0
 77
0
 78
6
 53
0.0
 43
0.0
 44
0.0
 45
6.35
 46
6.35
 79
2
 49
6.35
 49
-6.35
 53
0.0
 43
0.0
 44
2.38125
 45
6.35
 46
6.35
 79
2
 49
6.35
 49
-6.35
 53
0.0
 43
0.0
 44
4.7625
 45
6.35
 46
6.35
 79
2
 49
6.35
 49
-6.35
 53
90.0
 43
0.79375
 44
5.55625
 45
-6.35
 46
6.35
 79
2
 49
6.35
 49
-6.35
 53
90.0
 43
3.175
 44
5.55625
 45
-6.35
 46
6.35
 79
2
 49
6.35
 49
-6.35
 53
90.0
 43
5.55625
 44
5.55625
 45
-6.35
 46
6.35
 79
2
 49
6.35
 49
-6.35
 98
0
  0
LWPOLYLINE
  5
E98
330
17
100
AcDbEntity
  8
A-WALL
100
AcDbPolyline
 90
4
 70
1
 10
60000.0
 20
-40400.0
 10
60850.0
 20
-40400.0
 10
60850.0
 20
-40300.0
 10
60000.0
 20
-40300.0
  0
HATCH
  5
E99
330
17
100
AcDbEntity
  8
A-HATCH
 62
8
100
AcDbHatch
 10
0.0
 20
0.0
 30
0.0
210
0.0
220
0.0
230
1.0
  2
SOLID
 70
1
 71
0
 91
1
 92
3
 72
0
 73
1
 93
4
 10
60010.0
 20
-40300.0
 10
60850.0
 20
-40300.0
 10
60850.0
 20
-40200.0
 10
60010.0
 20
-40200.0
 97
0
 75
0
 76
1
 98
0
  0
LWPOLYLINE
  5
E9A
330
17
100
AcDbEntity
  8
A-WALL
100
AcDbPolyline
 90
4
 70
1
 10
60010.0
 20
-40300.0
 10
60850.0
 20
-40300.0
 10
60850.0
 20
-40200.0
 10
60010.0
 20
-40200.0
  0
LINE
  5
E9B
330
17
100
AcDbEntity
  8
A-WALL
  6
DASHED
100
AcDbLine
 10
60010.0
 20
-40200.0
 30
0.0
 11
60850.0
 21
-40200.0
 31
0.0
  0
HATCH
  5
E9C
330
17
100
AcDbEntity
  8
A-HATCH
 62
8
100
AcDbHatch
 10
0.0
 20
0.0
 30
0.0
210
0.0
220
0.0
230
1.0
  2
SOLID
 70
1
 71
0
 91
1
 92
3
 72
0
 73
1
 93
4
 10
60010.0
 20
-40200.0
 10
60850.0
 20
-40200.0
 10
60850.0
 20
-39710.0
 10
60010.0
 20
-39710.0
 97
0
 75
0
 76
1
 98
0
  0
LWPOLYLINE
  5
E9D
330
17
100
AcDbEntity
  8
A-WALL
100
AcDbPolyline
 90
4
 70
1
 10
60010.0
 20
-40200.0
 10
60850.0
 20
-40200.0
 10
60850.0
 20
-39710.0
 10
60010.0
 20
-39710.0
  0
LWPOLYLINE
  5
E9E
330
17
100
AcDbEntity
  8
A-WALL
100
AcDbPolyline
 90
4
 70
1
 10
60010.0
 20
-39710.0
 10
60850.0
 20
-39710.0
 10
60850.0
 20
-39660.0
 10
60010.0
 20
-39660.0
  0
LWPOLYLINE
  5
E9F
330
17
100
AcDbEntity
  8
A-WALL
100
AcDbPolyline
 90
4
 70
1
 10
60000.0
 20
-40300.0
 10
60004.0
 20
-40300.0
 10
60004.0
 20
-39350.0
 10
60000.0
 20
-39350.0
  0
LWPOLYLINE
  5
EA0
330
17
100
AcDbEntity
  8
A-WALL
100
AcDbPolyline
 90
4
 70
1
 10
60004.0
 20
-40300.0
 10
60012.0
 20
-40300.0
 10
60012.0
 20
-39350.0
 10
60004.0
 20
-39350.0
  0
HATCH
  5
EA1
330
17
100
AcDbEntity
  8
A-HATCH
 62
7
100
AcDbHatch
 10
0.0
 20
0.0
 30
0.0
210
0.0
220
0.0
230
1.0
  2
ANSI31
 70
0
 71
0
 91
1
 92
3
 72
0
 73
1
 93
4
 10
60775.0
 20
-40650.0
 10
61225.0
 20
-40650.0
 10
61225.0
 20
-40400.0
 10
60775.0
 20
-40400.0
 97
0
 75
1
 76
1
 52
0.0
 41
1.0
 77
0
 78
1
 53
45.0
 43
0.0
 44
0.0
 45
-2.2450640303
 46
2.2450640303
 79
0
 98
0
  0
LWPOLYLINE
  5
EA2
330
17
100
AcDbEntity
  8
A-WALL
100
AcDbPolyline
 90
4
 70
1
 10
60775.0
 20
-40650.0
 10
61225.0
 20
-40650.0
 10
61225.0
 20
-40400.0
 10
60775.0
 20
-40400.0
  0
HATCH
  5
EA3
330
17
100
AcDbEntity
  8
A-HATCH
 62
7
100
AcDbHatch
 10
0.0
 20
0.0
 30
0.0
210
0.0
220
0.0
230
1.0
  2
ANSI31
 70
0
 71
0
 91
1
 92
3
 72
0
 73
1
 93
4
 10
60850.0
 20
-40400.0
 10
60985.0
 20
-40400.0
 10
60985.0
 20
-39670.0
 10
60850.0
 20
-39670.0
 97
0
 75
1
 76
1
 52
0.0
 41
1.0
 77
0
 78
1
 53
45.0
 43
0.0
 44
0.0
 45
-2.2450640303
 46
2.2450640303
 79
0
 98
0
  0
LWPOLYLINE
  5
EA4
330
17
100
AcDbEntity
  8
A-WALL
100
AcDbPolyline
 90
4
 70
1
 10
60850.0
 20
-40400.0
 10
60985.0
 20
-40400.0
 10
60985.0
 20
-39670.0
 10
60850.0
 20
-39670.0
  0
LWPOLYLINE
  5
EA5
330
17
100
AcDbEntity
  8
A-WALL
100
AcDbPolyline
 90
4
 70
1
 10
60846.0
 20
-40300.0
 10
60850.0
 20
-40300.0
 10
60850.0
 20
-39670.0
 10
60846.0
 20
-39670.0
  0
HATCH
  5
EA6
330
17
100
AcDbEntity
  8
A-HATCH
 62
8
100
AcDbHatch
 10
0.0
 20
0.0
 30
0.0
210
0.0
220
0.0
230
1.0
  2
SOLID
 70
1
 71
0
 91
1
 92
3
 72
0
 73
1
 93
4
 10
60985.0
 20
-40090.0
 10
61000.0
 20
-40090.0
 10
61000.0
 20
-39670.0
 10
60985.0
 20
-39670.0
 97
0
 75
0
 76
1
 98
0
  0
LWPOLYLINE
  5
EA7
330
17
100
AcDbEntity
  8
A-WALL
100
AcDbPolyline
 90
4
 70
1
 10
60985.0
 20
-40090.0
 10
61000.0
 20
-40090.0
 10
61000.0
 20
-39670.0
 10
60985.0
 20
-39670.0
  0
LWPOLYLINE
  5
EA8
330
17
100
AcDbEntity
  8
A-WALL
100
AcDbPolyline
 90
4
 70
1
 10
60810.0
 20
-39670.0
 10
61040.0
 20
-39670.0
 10
61040.0
 20
-39660.0
 10
60810.0
 20
-39660.0
  0
HATCH
  5
EA9
330
17
100
AcDbEntity
  8
A-HATCH
 62
7
100
AcDbHatch
 10
0.0
 20
0.0
 30
0.0
210
0.0
220
0.0
230
1.0
  2
AR-CONC
 70
0
 71
0
 91
1
 92
3
 72
0
 73
1
 93
5
 10
60810.0
 20
-39660.0
 10
61040.0
 20
-39660.0
 10
61040.0
 20
-39605.0
 10
61035.0
 20
-39600.0
 10
60810.0
 20
-39600.0
 97
0
 75
1
 76
1
 52
0.0
 41
1.0
 77
0
 78
13
 53
50.0
 43
0.0
 44
0.0
 45
182.184668996
 46
-15.9390855389
 79
2
 49
19.05
 49
-209.55
 53
355.0
 43
0.0
 44
0.0
 45
-35.243421425
 46
191.056845239
 79
2
 49
15.24
 49
-167.64058417
 53
100.4514447
 43
15.182007
 44
-1.3282535
 45
146.9412470904
 46
175.1177519122
 79
2
 49
16.1900088
 49
-178.0902446
 53
46.1842
 43
0.0
 44
50.8
 45
271.0790408921
 46
-42.0423279327
 79
2
 49
28.575
 49
-314.325
 53
96.63555761
 43
22.5899
 44
47.2965
 45
237.4041340515
 46
247.4261245977
 79
2
 49
24.28502314
 49
-267.13560816
 53
351.18415117
 43
0.0
 44
50.8
 45
237.404134065
 46
247.4261245855
 79
2
 49
22.85996707
 49
-251.45973192
 53
21.0
 43
25.4
 44
38.1
 45
151.6143912691
 46
-102.2651981871
 79
2
 49
19.05
 49
-209.55
 53
326.0
 43
25.4
 44
38.1
 45
61.8020283476
 46
184.1879661223
 79
2
 49
15.24
 49
-167.64
 53
71.451445
 43
38.0345326
 44
29.5779001
 45
213.4164192787
 46
81.9227688859
 79
2
 49
16.1900088
 49
-178.0899376
 53
37.5
 43
0.0
 44
0.0
 45
3.0886032506
 46
84.5550388732
 79
6
 49
0.0
 49
-165.608
 49
0.0
 49
-170.18
 49
0.0
 49
-168.275
 53
7.5
 43
0.0
 44
0.0
 45
66.8196625103
 46
100.1805748181
 79
6
 49
0.0
 49
-97.028
 49
0.0
 49
-161.798
 49
0.0
 49
-64.135
 53
-32.5
 43
-56.642
 44
0.0
 45
135.5905951669
 46
-5.7287439927
 79
6
 49
0.0
 49
-63.5
 49
0.0
 49
-198.12
 49
0.0
 49
-262.89
 53
-42.5
 43
-82.042
 44
0.0
 45
148.129181386
 46
25.4264910333
 79
6
 49
0.0
 49
-82.55
 49
0.0
 49
-131.572
 49
0.0
 49
-186.69
 98
0
  0
LWPOLYLINE
  5
EAA
330
17
100
AcDbEntity
  8
A-WALL
100
AcDbPolyline
 90
5
 70
1
 10
60810.0
 20
-39660.0
 10
61040.0
 20
-39660.0
 10
61040.0
 20
-39605.0
 10
61035.0
 20
-39600.0
 10
60810.0
 20
-39600.0
  0
LINE
  5
EAB
330
17
100
AcDbEntity
  8
A-WALL
100
AcDbLine
 10
61020.0
 20
-39660.0
 30
0.0
 11
61020.0
 21
-39652.0
 31
0.0
  0
CIRCLE
  5
EAC
330
17
100
AcDbEntity
  8
A-WALL
100
AcDbCircle
 10
60830.0
 20
-40600.0
 30
0.0
 40
6.0
  0
CIRCLE
  5
EAD
330
17
100
AcDbEntity
  8
A-WALL
100
AcDbCircle
 10
60925.0
 20
-40600.0
 30
0.0
 40
6.0
  0
CIRCLE
  5
EAE
330
17
100
AcDbEntity
  8
A-WALL
100
AcDbCircle
 10
61020.0
 20
-40600.0
 30
0.0
 40
6.0
  0
LWPOLYLINE
  5
EAF
330
17
100
AcDbEntity
  8
A-WALL
100
AcDbPolyline
 90
2
 70
0
 10
60920.0
 20
-40600.0
 10
60920.0
 20
-39700.0
  0
LWPOLYLINE
  5
EB0
330
17
100
AcDbEntity
  8
A-WALL
100
AcDbPolyline
 90
2
 70
0
 10
60920.0
 20
-40600.0
 10
60810.0
 20
-40600.0
  0
CIRCLE
  5
EB1
330
17
100
AcDbEntity
  8
A-WALL
100
AcDbCircle
 10
60900.0
 20
-39720.0
 30
0.0
 40
5.0
  0
CIRCLE
  5
EB2
330
17
100
AcDbEntity
  8
A-WALL
100
AcDbCircle
 10
60900.0
 20
-40250.0
 30
0.0
 40
5.0
  0
HATCH
  5
EB3
330
17
100
AcDbEntity
  8
A-HATCH
 62
253
100
AcDbHatch
 10
0.0
 20
0.0
 30
0.0
210
0.0
220
0.0
230
1.0
  2
SOLID
 70
1
 71
0
 91
1
 92
3
 72
0
 73
1
 93
4
 10
61000.0
 20
-40005.0
 10
61400.0
 20
-40010.0
 10
61400.0
 20
-40070.0
 10
61000.0
 20
-40065.0
 97
0
 75
0
 76
1
 98
0
  0
LWPOLYLINE
  5
EB4
330
17
100
AcDbEntity
  8
A-WALL
100
AcDbPolyline
 90
4
 70
1
 10
61000.0
 20
-40005.0
 10
61400.0
 20
-40010.0
 10
61400.0
 20
-40070.0
 10
61000.0
 20
-40065.0
  0
HATCH
  5
EB5
330
17
100
AcDbEntity
  8
A-HATCH
 62
8
100
AcDbHatch
 10
0.0
 20
0.0
 30
0.0
210
0.0
220
0.0
230
1.0
  2
SOLID
 70
1
 71
0
 91
1
 92
3
 72
0
 73
1
 93
4
 10
61000.0
 20
-40065.0
 10
61400.0
 20
-40070.0
 10
61400.0
 20
-40100.0
 10
61000.0
 20
-40095.0
 97
0
 75
0
 76
1
 98
0
  0
LWPOLYLINE
  5
EB6
330
17
100
AcDbEntity
  8
A-WALL
100
AcDbPolyline
 90
4
 70
1
 10
61000.0
 20
-40065.0
 10
61400.0
 20
-40070.0
 10
61400.0
 20
-40100.0
 10
61000.0
 20
-40095.0
  0
HATCH
  5
EB7
330
17
100
AcDbEntity
  8
A-HATCH
 62
8
100
AcDbHatch
 10
0.0
 20
0.0
 30
0.0
210
0.0
220
0.0
230
1.0
  2
SOLID
 70
1
 71
0
 91
1
 92
3
 72
0
 73
1
 93
4
 10
61000.0
 20
-40095.0
 10
61400.0
 20
-40100.0
 10
61400.0
 20
-40250.0
 10
61000.0
 20
-40245.0
 97
0
 75
0
 76
1
 98
0
  0
LWPOLYLINE
  5
EB8
330
17
100
AcDbEntity
  8
A-WALL
100
AcDbPolyline
 90
4
 70
1
 10
61000.0
 20
-40095.0
 10
61400.0
 20
-40100.0
 10
61400.0
 20
-40250.0
 10
61000.0
 20
-40245.0
  0
HATCH
  5
EB9
330
17
100
AcDbEntity
  8
A-HATCH
 62
7
100
AcDbHatch
 10
0.0
 20
0.0
 30
0.0
210
0.0
220
0.0
230
1.0
  2
EARTH
 70
0
 71
0
 91
1
 92
3
 72
0
 73
1
 93
4
 10
61000.0
 20
-40245.0
 10
61400.0
 20
-40250.0
 10
61400.0
 20
-40550.0
 10
61000.0
 20
-40545.0
 97
0
 75
1
 76
1
 52
0.0
 41
1.0
 77
0
 78
6
 53
0.0
 43
0.0
 44
0.0
 45
6.35
 46
6.35
 79
2
 49
6.35
 49
-6.35
 53
0.0
 43
0.0
 44
2.38125
 45
6.35
 46
6.35
 79
2
 49
6.35
 49
-6.35
 53
0.0
 43
0.0
 44
4.7625
 45
6.35
 46
6.35
 79
2
 49
6.35
 49
-6.35
 53
90.0
 43
0.79375
 44
5.55625
 45
-6.35
 46
6.35
 79
2
 49
6.35
 49
-6.35
 53
90.0
 43
3.175
 44
5.55625
 45
-6.35
 46
6.35
 79
2
 49
6.35
 49
-6.35
 53
90.0
 43
5.55625
 44
5.55625
 45
-6.35
 46
6.35
 79
2
 49
6.35
 49
-6.35
 98
0
  0
LWPOLYLINE
  5
EBA
330
17
100
AcDbEntity
  8
A-WALL
100
AcDbPolyline
 90
4
 70
1
 10
61000.0
 20
-40245.0
 10
61400.0
 20
-40250.0
 10
61400.0
 20
-40550.0
 10
61000.0
 20
-40545.0
  0
LWPOLYLINE
  5
EBB
330
17
100
AcDbEntity
  8
A-WALL
  6
DASHED
100
AcDbPolyline
 90
2
 70
0
 10
61000.0
 20
-40245.0
 10
61400.0
 20
-40250.0
  0
LWPOLYLINE
  5
EBC
330
17
100
AcDbEntity
  8
A-WALL
100
AcDbPolyline
 90
2
 70
0
 10
61000.0
 20
-40005.0
 10
61400.0
 20
-40010.0
  0
LINE
  5
EBD
330
17
100
AcDbEntity
  8
A-WALL
100
AcDbLine
 10
61200.0
 20
-40007.5
 30
0.0
 11
61200.0
 21
-40067.5
 31
0.0
  0
LINE
  5
EBE
330
17
100
AcDbEntity
  8
A-WALL
100
AcDbLine
 10
61200.0
 20
-40007.5
 30
0.0
 11
61200.0
 21
-40067.5
 31
0.0
  0
CIRCLE
  5
EBF
330
17
100
AcDbEntity
  8
A-WALL
100
AcDbCircle
 10
60230.0
 20
-39720.0
 30
0.0
 40
8.0
  0
CIRCLE
  5
EC0
330
17
100
AcDbEntity
  8
A-WALL
100
AcDbCircle
 10
60600.0
 20
-39720.0
 30
0.0
 40
8.0
  0
CIRCLE
  5
EC1
330
17
100
AcDbEntity
  8
A-WALL
100
AcDbCircle
 10
60420.0
 20
-40060.0
 30
0.0
 40
12.0
  0
LWPOLYLINE
  5
EC2
330
17
100
AcDbEntity
  8
L-PLANT
100
AcDbPolyline
 90
15
 70
1
 10
60102.607932691164
 20
-39660.0
 10
60113.45231652805
 20
-39540.09516210084
 10
60128.965072218634
 20
-39420.706839611965
 10
60173.77035396749
 20
-39329.24444210678
 10
60201.05787468522
 20
-39202.646519835725
 10
60280.88981162396
 20
-39206.55276636021
 10
60334.640642462
 20
-39135.01023133374
 10
60400.0
 20
-39083.68530897084
 10
60467.646846411204
 20
-39116.63630142368
 10
60540.48617456906
 20
-39125.175329738704
 10
60576.480516923155
 20
-39254.284124248275
 10
60624.8709551357
 20
-39331.23089513564
 10
60655.97684430279
 20
-39434.00142276577
 10
60665.88986535201
 20
-39548.73935109937
 10
60668.972116231715
 20
-39660.0
  0
LINE
  5
EC3
330
17
100
AcDbEntity
  8
L-PLANT
100
AcDbLine
 10
60406.42874177951
 20
-39470.99790075502
 30
0.0
 11
60416.01222233945
 21
-39382.945597567574
 31
0.0
  0
LINE
  5
EC4
330
17
100
AcDbEntity
  8
L-PLANT
100
AcDbLine
 10
60628.3266181846
 20
-39299.14217977395
 30
0.0
 11
60608.05100826058
 21
-39239.94664589873
 31
0.0
  0
LINE
  5
EC5
330
17
100
AcDbEntity
  8
L-PLANT
100
AcDbLine
 10
60583.974672183715
 20
-39493.87239148846
 30
0.0
 11
60622.85084161057
 21
-39441.60486424464
 31
0.0
  0
LINE
  5
EC6
330
17
100
AcDbEntity
  8
L-PLANT
100
AcDbLine
 10
60375.942146381014
 20
-39378.214127594554
 30
0.0
 11
60431.09887773249
 21
-39301.636645098464
 31
0.0
  0
LINE
  5
EC7
330
17
100
AcDbEntity
  8
L-PLANT
100
AcDbLine
 10
60556.687850332244
 20
-39452.61074705715
 30
0.0
 11
60538.60302273675
 21
-39369.1136122099
 31
0.0
  0
LINE
  5
EC8
330
17
100
AcDbEntity
  8
L-PLANT
100
AcDbLine
 10
60439.30951430653
 20
-39320.27152241472
 30
0.0
 11
60391.09474389692
 21
-39277.17356617038
 31
0.0
  0
LINE
  5
EC9
330
17
100
AcDbEntity
  8
L-PLANT
100
AcDbLine
 10
60366.52378484697
 20
-39467.722892816426
 30
0.0
 11
60338.458507689036
 21
-39386.930652546376
 31
0.0
  0
LINE
  5
ECA
330
17
100
AcDbEntity
  8
L-PLANT
100
AcDbLine
 10
60593.795673639135
 20
-39497.32025578381
 30
0.0
 11
60545.8350479547
 21
-39447.876515567055
 31
0.0
  0
CIRCLE
  5
ECB
330
17
100
AcDbEntity
  8
A-WALL
100
AcDbCircle
 10
60248.41582521406
 20
-39248.1426686068
 30
0.0
 40
18.0
  0
CIRCLE
  5
ECC
330
17
100
AcDbEntity
  8
A-WALL
100
AcDbCircle
 10
60343.25267857599
 20
-39161.29701276599
 30
0.0
 40
18.0
  0
CIRCLE
  5
ECD
330
17
100
AcDbEntity
  8
A-WALL
100
AcDbCircle
 10
60168.95780345619
 20
-39312.469825566084
 30
0.0
 40
18.0
  0
CIRCLE
  5
ECE
330
17
100
AcDbEntity
  8
A-WALL
100
AcDbCircle
 10
60223.84069843982
 20
-39205.48855884675
 30
0.0
 40
18.0
  0
CIRCLE
  5
ECF
330
17
100
AcDbEntity
  8
A-WALL
100
AcDbCircle
 10
60343.00189038121
 20
-39412.93661018288
 30
0.0
 40
18.0
  0
CIRCLE
  5
ED0
330
17
100
AcDbEntity
  8
A-WALL
100
AcDbCircle
 10
60439.841287196235
 20
-39197.4173673098
 30
0.0
 40
18.0
  0
CIRCLE
  5
ED1
330
17
100
AcDbEntity
  8
A-WALL
100
AcDbCircle
 10
59971.0
 20
-39400.0
 30
0.0
 40
4.0
  0
LINE
  5
ED2
330
17
100
AcDbEntity
  8
A-WALL
100
AcDbLine
 10
59996.0
 20
-39400.0
 30
0.0
 11
59940.0
 21
-39400.0
 31
0.0
  0
LINE
  5
ED3
330
17
100
AcDbEntity
  8
A-DIMS
100
AcDbLine
 10
59750.0
 20
-40758.0
 30
0.0
 11
59750.0
 21
-40819.0
 31
0.0
  0
LINE
  5
ED4
330
17
100
AcDbEntity
  8
A-DIMS
100
AcDbLine
 10
60000.0
 20
-40758.0
 30
0.0
 11
60000.0
 21
-40819.0
 31
0.0
  0
LINE
  5
ED5
330
17
100
AcDbEntity
  8
A-DIMS
100
AcDbLine
 10
59750.0
 20
-40810.0
 30
0.0
 11
60000.0
 21
-40810.0
 31
0.0
  0
TEXT
  5
ED6
330
17
100
AcDbEntity
  8
A-DIMS
100
AcDbText
 10
59875.0
 20
-40810.0
 30
0.0
 40
10.799999999999999
  1
250
 72
1
 11
59875.0
 21
-40810.0
 31
0.0
100
AcDbText
 73
1
  0
LINE
  5
ED7
330
17
100
AcDbEntity
  8
A-DIMS
100
AcDbLine
 10
60000.0
 20
-40758.0
 30
0.0
 11
60000.0
 21
-40819.0
 31
0.0
  0
LINE
  5
ED8
330
17
100
AcDbEntity
  8
A-DIMS
100
AcDbLine
 10
60850.0
 20
-40758.0
 30
0.0
 11
60850.0
 21
-40819.0
 31
0.0
  0
LINE
  5
ED9
330
17
100
AcDbEntity
  8
A-DIMS
100
AcDbLine
 10
60000.0
 20
-40810.0
 30
0.0
 11
60850.0
 21
-40810.0
 31
0.0
  0
TEXT
  5
EDA
330
17
100
AcDbEntity
  8
A-DIMS
100
AcDbText
 10
60425.0
 20
-40810.0
 30
0.0
 40
10.799999999999999
  1
850
 72
1
 11
60425.0
 21
-40810.0
 31
0.0
100
AcDbText
 73
1
  0
LINE
  5
EDB
330
17
100
AcDbEntity
  8
A-DIMS
100
AcDbLine
 10
60850.0
 20
-40758.0
 30
0.0
 11
60850.0
 21
-40819.0
 31
0.0
  0
LINE
  5
EDC
330
17
100
AcDbEntity
  8
A-DIMS
100
AcDbLine
 10
61000.0
 20
-40758.0
 30
0.0
 11
61000.0
 21
-40819.0
 31
0.0
  0
LINE
  5
EDD
330
17
100
AcDbEntity
  8
A-DIMS
100
AcDbLine
 10
60850.0
 20
-40810.0
 30
0.0
 11
61000.0
 21
-40810.0
 31
0.0
  0
TEXT
  5
EDE
330
17
100
AcDbEntity
  8
A-DIMS
100
AcDbText
 10
60925.0
 20
-40810.0
 30
0.0
 40
10.799999999999999
  1
150
 72
1
 11
60925.0
 21
-40810.0
 31
0.0
100
AcDbText
 73
1
  0
LINE
  5
EDF
330
17
100
AcDbEntity
  8
A-DIMS
100
AcDbLine
 10
61000.0
 20
-40758.0
 30
0.0
 11
61000.0
 21
-40819.0
 31
0.0
  0
LINE
  5
EE0
330
17
100
AcDbEntity
  8
A-DIMS
100
AcDbLine
 10
61400.0
 20
-40758.0
 30
0.0
 11
61400.0
 21
-40819.0
 31
0.0
  0
LINE
  5
EE1
330
17
100
AcDbEntity
  8
A-DIMS
100
AcDbLine
 10
61000.0
 20
-40810.0
 30
0.0
 11
61400.0
 21
-40810.0
 31
0.0
  0
TEXT
  5
EE2
330
17
100
AcDbEntity
  8
A-DIMS
100
AcDbText
 10
61200.0
 20
-40810.0
 30
0.0
 40
10.799999999999999
  1
400
 72
1
 11
61200.0
 21
-40810.0
 31
0.0
100
AcDbText
 73
1
  0
LINE
  5
EE3
330
17
100
AcDbEntity
  8
A-DIMS
100
AcDbLine
 10
59742.0
 20
-40650.0
 30
0.0
 11
59521.0
 21
-40650.0
 31
0.0
  0
LINE
  5
EE4
330
17
100
AcDbEntity
  8
A-DIMS
100
AcDbLine
 10
59742.0
 20
-40400.0
 30
0.0
 11
59521.0
 21
-40400.0
 31
0.0
  0
LINE
  5
EE5
330
17
100
AcDbEntity
  8
A-DIMS
100
AcDbLine
 10
59530.0
 20
-40650.0
 30
0.0
 11
59530.0
 21
-40400.0
 31
0.0
  0
TEXT
  5
EE6
330
17
100
AcDbEntity
  8
A-DIMS
100
AcDbText
 10
59530.0
 20
-40525.0
 30
0.0
 40
10.08
  1
250
 50
90.0
 72
1
 11
59530.0
 21
-40525.0
 31
0.0
100
AcDbText
 73
1
  0
LINE
  5
EE7
330
17
100
AcDbEntity
  8
A-DIMS
100
AcDbLine
 10
59742.0
 20
-40400.0
 30
0.0
 11
59521.0
 21
-40400.0
 31
0.0
  0
LINE
  5
EE8
330
17
100
AcDbEntity
  8
A-DIMS
100
AcDbLine
 10
59742.0
 20
-40300.0
 30
0.0
 11
59521.0
 21
-40300.0
 31
0.0
  0
LINE
  5
EE9
330
17
100
AcDbEntity
  8
A-DIMS
100
AcDbLine
 10
59530.0
 20
-40400.0
 30
0.0
 11
59530.0
 21
-40300.0
 31
0.0
  0
TEXT
  5
EEA
330
17
100
AcDbEntity
  8
A-DIMS
100
AcDbText
 10
59530.0
 20
-40350.0
 30
0.0
 40
10.08
  1
100
 50
90.0
 72
1
 11
59530.0
 21
-40350.0
 31
0.0
100
AcDbText
 73
1
  0
LINE
  5
EEB
330
17
100
AcDbEntity
  8
A-DIMS
100
AcDbLine
 10
59742.0
 20
-40300.0
 30
0.0
 11
59521.0
 21
-40300.0
 31
0.0
  0
LINE
  5
EEC
330
17
100
AcDbEntity
  8
A-DIMS
100
AcDbLine
 10
59742.0
 20
-40200.0
 30
0.0
 11
59521.0
 21
-40200.0
 31
0.0
  0
LINE
  5
EED
330
17
100
AcDbEntity
  8
A-DIMS
100
AcDbLine
 10
59530.0
 20
-40300.0
 30
0.0
 11
59530.0
 21
-40200.0
 31
0.0
  0
TEXT
  5
EEE
330
17
100
AcDbEntity
  8
A-DIMS
100
AcDbText
 10
59530.0
 20
-40250.0
 30
0.0
 40
10.08
  1
100
 50
90.0
 72
1
 11
59530.0
 21
-40250.0
 31
0.0
100
AcDbText
 73
1
  0
LINE
  5
EEF
330
17
100
AcDbEntity
  8
A-DIMS
100
AcDbLine
 10
59742.0
 20
-40200.0
 30
0.0
 11
59521.0
 21
-40200.0
 31
0.0
  0
LINE
  5
EF0
330
17
100
AcDbEntity
  8
A-DIMS
100
AcDbLine
 10
59742.0
 20
-39660.0
 30
0.0
 11
59521.0
 21
-39660.0
 31
0.0
  0
LINE
  5
EF1
330
17
100
AcDbEntity
  8
A-DIMS
100
AcDbLine
 10
59530.0
 20
-40200.0
 30
0.0
 11
59530.0
 21
-39660.0
 31
0.0
  0
TEXT
  5
EF2
330
17
100
AcDbEntity
  8
A-DIMS
100
AcDbText
 10
59530.0
 20
-39930.0
 30
0.0
 40
10.08
  1
540
 50
90.0
 72
1
 11
59530.0
 21
-39930.0
 31
0.0
100
AcDbText
 73
1
  0
LINE
  5
EF3
330
17
100
AcDbEntity
  8
A-DIMS
100
AcDbLine
 10
59742.0
 20
-39660.0
 30
0.0
 11
59521.0
 21
-39660.0
 31
0.0
  0
LINE
  5
EF4
330
17
100
AcDbEntity
  8
A-DIMS
100
AcDbLine
 10
59742.0
 20
-39600.0
 30
0.0
 11
59521.0
 21
-39600.0
 31
0.0
  0
LINE
  5
EF5
330
17
100
AcDbEntity
  8
A-DIMS
100
AcDbLine
 10
59530.0
 20
-39660.0
 30
0.0
 11
59530.0
 21
-39600.0
 31
0.0
  0
TEXT
  5
EF6
330
17
100
AcDbEntity
  8
A-DIMS
100
AcDbText
 10
59530.0
 20
-39630.0
 30
0.0
 40
10.08
  1
60
 50
90.0
 72
1
 11
59530.0
 21
-39630.0
 31
0.0
100
AcDbText
 73
1
  0
HATCH
  5
EF7
330
17
100
AcDbEntity
  8
A-HATCH
 62
7
100
AcDbHatch
 10
0.0
 20
0.0
 30
0.0
210
0.0
220
0.0
230
1.0
  2
EARTH
 70
0
 71
0
 91
1
 92
3
 72
0
 73
1
 93
4
 10
150.0
 20
-61000.0
 10
1150.0
 20
-61000.0
 10
1150.0
 20
-60200.0
 10
150.0
 20
-60200.0
 97
0
 75
1
 76
1
 52
0.0
 41
1.0
 77
0
 78
6
 53
0.0
 43
0.0
 44
0.0
 45
6.35
 46
6.35
 79
2
 49
6.35
 49
-6.35
 53
0.0
 43
0.0
 44
2.38125
 45
6.35
 46
6.35
 79
2
 49
6.35
 49
-6.35
 53
0.0
 43
0.0
 44
4.7625
 45
6.35
 46
6.35
 79
2
 49
6.35
 49
-6.35
 53
90.0
 43
0.79375
 44
5.55625
 45
-6.35
 46
6.35
 79
2
 49
6.35
 49
-6.35
 53
90.0
 43
3.175
 44
5.55625
 45
-6.35
 46
6.35
 79
2
 49
6.35
 49
-6.35
 53
90.0
 43
5.55625
 44
5.55625
 45
-6.35
 46
6.35
 79
2
 49
6.35
 49
-6.35
 98
0
  0
LWPOLYLINE
  5
EF8
330
17
100
AcDbEntity
  8
A-WALL
100
AcDbPolyline
 90
4
 70
1
 10
150.0
 20
-61000.0
 10
1150.0
 20
-61000.0
 10
1150.0
 20
-60200.0
 10
150.0
 20
-60200.0
  0
HATCH
  5
EF9
330
17
100
AcDbEntity
  8
A-HATCH
 62
8
100
AcDbHatch
 10
0.0
 20
0.0
 30
0.0
210
0.0
220
0.0
230
1.0
  2
SOLID
 70
1
 71
0
 91
1
 92
3
 72
0
 73
1
 93
4
 10
150.0
 20
-60200.0
 10
850.0
 20
-60200.0
 10
850.0
 20
-59660.0
 10
150.0
 20
-59660.0
 97
0
 75
0
 76
1
 98
0
  0
LWPOLYLINE
  5
EFA
330
17
100
AcDbEntity
  8
A-WALL
100
AcDbPolyline
 90
4
 70
1
 10
150.0
 20
-60200.0
 10
850.0
 20
-60200.0
 10
850.0
 20
-59660.0
 10
150.0
 20
-59660.0
  0
LWPOLYLINE
  5
EFB
330
17
100
AcDbEntity
  8
A-WALL
100
AcDbPolyline
 90
4
 70
1
 10
150.0
 20
-59710.0
 10
850.0
 20
-59710.0
 10
850.0
 20
-59660.0
 10
150.0
 20
-59660.0
  0
HATCH
  5
EFC
330
17
100
AcDbEntity
  8
A-HATCH
 62
7
100
AcDbHatch
 10
0.0
 20
0.0
 30
0.0
210
0.0
220
0.0
230
1.0
  2
ANSI31
 70
0
 71
0
 91
1
 92
3
 72
0
 73
1
 93
4
 10
200.0
 20
-60900.0
 10
1000.0
 20
-60900.0
 10
1000.0
 20
-60200.0
 10
200.0
 20
-60200.0
 97
0
 75
1
 76
1
 52
0.0
 41
1.0
 77
0
 78
1
 53
45.0
 43
0.0
 44
0.0
 45
-2.2450640303
 46
2.2450640303
 79
0
 98
0
  0
LWPOLYLINE
  5
EFD
330
17
100
AcDbEntity
  8
A-WALL
100
AcDbPolyline
 90
4
 70
1
 10
200.0
 20
-60900.0
 10
1000.0
 20
-60900.0
 10
1000.0
 20
-60200.0
 10
200.0
 20
-60200.0
  0
HATCH
  5
EFE
330
17
100
AcDbEntity
  8
A-HATCH
 62
7
100
AcDbHatch
 10
0.0
 20
0.0
 30
0.0
210
0.0
220
0.0
230
1.0
  2
AR-CONC
 70
0
 71
0
 91
1
 92
3
 72
0
 73
1
 93
4
 10
150.0
 20
-60950.0
 10
1050.0
 20
-60950.0
 10
1050.0
 20
-60900.0
 10
150.0
 20
-60900.0
 97
0
 75
1
 76
1
 52
0.0
 41
1.0
 77
0
 78
13
 53
50.0
 43
0.0
 44
0.0
 45
182.184668996
 46
-15.9390855389
 79
2
 49
19.05
 49
-209.55
 53
355.0
 43
0.0
 44
0.0
 45
-35.243421425
 46
191.056845239
 79
2
 49
15.24
 49
-167.64058417
 53
100.4514447
 43
15.182007
 44
-1.3282535
 45
146.9412470904
 46
175.1177519122
 79
2
 49
16.1900088
 49
-178.0902446
 53
46.1842
 43
0.0
 44
50.8
 45
271.0790408921
 46
-42.0423279327
 79
2
 49
28.575
 49
-314.325
 53
96.63555761
 43
22.5899
 44
47.2965
 45
237.4041340515
 46
247.4261245977
 79
2
 49
24.28502314
 49
-267.13560816
 53
351.18415117
 43
0.0
 44
50.8
 45
237.404134065
 46
247.4261245855
 79
2
 49
22.85996707
 49
-251.45973192
 53
21.0
 43
25.4
 44
38.1
 45
151.6143912691
 46
-102.2651981871
 79
2
 49
19.05
 49
-209.55
 53
326.0
 43
25.4
 44
38.1
 45
61.8020283476
 46
184.1879661223
 79
2
 49
15.24
 49
-167.64
 53
71.451445
 43
38.0345326
 44
29.5779001
 45
213.4164192787
 46
81.9227688859
 79
2
 49
16.1900088
 49
-178.0899376
 53
37.5
 43
0.0
 44
0.0
 45
3.0886032506
 46
84.5550388732
 79
6
 49
0.0
 49
-165.608
 49
0.0
 49
-170.18
 49
0.0
 49
-168.275
 53
7.5
 43
0.0
 44
0.0
 45
66.8196625103
 46
100.1805748181
 79
6
 49
0.0
 49
-97.028
 49
0.0
 49
-161.798
 49
0.0
 49
-64.135
 53
-32.5
 43
-56.642
 44
0.0
 45
135.5905951669
 46
-5.7287439927
 79
6
 49
0.0
 49
-63.5
 49
0.0
 49
-198.12
 49
0.0
 49
-262.89
 53
-42.5
 43
-82.042
 44
0.0
 45
148.129181386
 46
25.4264910333
 79
6
 49
0.0
 49
-82.55
 49
0.0
 49
-131.572
 49
0.0
 49
-186.69
 98
0
  0
LWPOLYLINE
  5
EFF
330
17
100
AcDbEntity
  8
A-WALL
100
AcDbPolyline
 90
4
 70
1
 10
150.0
 20
-60950.0
 10
1050.0
 20
-60950.0
 10
1050.0
 20
-60900.0
 10
150.0
 20
-60900.0
  0
CIRCLE
  5
F00
330
17
100
AcDbEntity
  8
A-WALL
100
AcDbCircle
 10
260.0
 20
-60840.0
 30
0.0
 40
6.0
  0
CIRCLE
  5
F01
330
17
100
AcDbEntity
  8
A-WALL
100
AcDbCircle
 10
335.0
 20
-60840.0
 30
0.0
 40
6.0
  0
CIRCLE
  5
F02
330
17
100
AcDbEntity
  8
A-WALL
100
AcDbCircle
 10
410.0
 20
-60840.0
 30
0.0
 40
6.0
  0
CIRCLE
  5
F03
330
17
100
AcDbEntity
  8
A-WALL
100
AcDbCircle
 10
485.0
 20
-60840.0
 30
0.0
 40
6.0
  0
CIRCLE
  5
F04
330
17
100
AcDbEntity
  8
A-WALL
100
AcDbCircle
 10
560.0
 20
-60840.0
 30
0.0
 40
6.0
  0
CIRCLE
  5
F05
330
17
100
AcDbEntity
  8
A-WALL
100
AcDbCircle
 10
635.0
 20
-60840.0
 30
0.0
 40
6.0
  0
CIRCLE
  5
F06
330
17
100
AcDbEntity
  8
A-WALL
100
AcDbCircle
 10
710.0
 20
-60840.0
 30
0.0
 40
6.0
  0
CIRCLE
  5
F07
330
17
100
AcDbEntity
  8
A-WALL
100
AcDbCircle
 10
785.0
 20
-60840.0
 30
0.0
 40
6.0
  0
CIRCLE
  5
F08
330
17
100
AcDbEntity
  8
A-WALL
100
AcDbCircle
 10
860.0
 20
-60840.0
 30
0.0
 40
6.0
  0
CIRCLE
  5
F09
330
17
100
AcDbEntity
  8
A-WALL
100
AcDbCircle
 10
935.0
 20
-60840.0
 30
0.0
 40
6.0
  0
LINE
  5
F0A
330
17
100
AcDbEntity
  8
A-WALL
100
AcDbLine
 10
240.0
 20
-60828.0
 30
0.0
 11
960.0
 21
-60828.0
 31
0.0
  0
HATCH
  5
F0B
330
17
100
AcDbEntity
  8
A-HATCH
 62
7
100
AcDbHatch
 10
0.0
 20
0.0
 30
0.0
210
0.0
220
0.0
230
1.0
  2
ANSI31
 70
0
 71
0
 91
1
 92
3
 72
0
 73
1
 93
4
 10
450.0
 20
-60200.0
 10
750.0
 20
-60200.0
 10
750.0
 20
-59610.0
 10
450.0
 20
-59610.0
 97
0
 75
1
 76
1
 52
0.0
 41
1.0
 77
0
 78
1
 53
45.0
 43
0.0
 44
0.0
 45
-2.2450640303
 46
2.2450640303
 79
0
 98
0
  0
LWPOLYLINE
  5
F0C
330
17
100
AcDbEntity
  8
A-WALL
100
AcDbPolyline
 90
4
 70
1
 10
450.0
 20
-60200.0
 10
750.0
 20
-60200.0
 10
750.0
 20
-59610.0
 10
450.0
 20
-59610.0
  0
LINE
  5
F0D
330
17
100
AcDbEntity
  8
A-WALL
100
AcDbLine
 10
490.0
 20
-60820.0
 30
0.0
 11
490.0
 21
-59650.0
 31
0.0
  0
LINE
  5
F0E
330
17
100
AcDbEntity
  8
A-WALL
100
AcDbLine
 10
490.0
 20
-60820.0
 30
0.0
 11
590.0
 21
-60820.0
 31
0.0
  0
LINE
  5
F0F
330
17
100
AcDbEntity
  8
A-WALL
100
AcDbLine
 10
710.0
 20
-60820.0
 30
0.0
 11
710.0
 21
-59650.0
 31
0.0
  0
LINE
  5
F10
330
17
100
AcDbEntity
  8
A-WALL
100
AcDbLine
 10
710.0
 20
-60820.0
 30
0.0
 11
610.0
 21
-60820.0
 31
0.0
  0
LWPOLYLINE
  5
F11
330
17
100
AcDbEntity
  8
A-WALL
100
AcDbPolyline
 90
4
 70
1
 10
480.0
 20
-60150.0
 10
720.0
 20
-60150.0
 10
720.0
 20
-60149.99
 10
480.0
 20
-60149.99
  0
LWPOLYLINE
  5
F12
330
17
100
AcDbEntity
  8
A-WALL
100
AcDbPolyline
 90
4
 70
1
 10
480.0
 20
-60000.0
 10
720.0
 20
-60000.0
 10
720.0
 20
-59999.99
 10
480.0
 20
-59999.99
  0
LWPOLYLINE
  5
F13
330
17
100
AcDbEntity
  8
A-WALL
100
AcDbPolyline
 90
4
 70
1
 10
480.0
 20
-59850.0
 10
720.0
 20
-59850.0
 10
720.0
 20
-59849.99
 10
480.0
 20
-59849.99
  0
LWPOLYLINE
  5
F14
330
17
100
AcDbEntity
  8
A-WALL
100
AcDbPolyline
 90
4
 70
1
 10
480.0
 20
-59700.0
 10
720.0
 20
-59700.0
 10
720.0
 20
-59699.99
 10
480.0
 20
-59699.99
  0
HATCH
  5
F15
330
17
100
AcDbEntity
  8
A-HATCH
 62
7
100
AcDbHatch
 10
0.0
 20
0.0
 30
0.0
210
0.0
220
0.0
230
1.0
  2
ANSI31
 70
0
 71
0
 91
1
 92
3
 72
0
 73
1
 93
4
 10
850.0
 20
-60200.0
 10
1000.0
 20
-60200.0
 10
1000.0
 20
-59660.0
 10
850.0
 20
-59660.0
 97
0
 75
1
 76
1
 52
0.0
 41
1.0
 77
0
 78
1
 53
45.0
 43
0.0
 44
0.0
 45
-2.2450640303
 46
2.2450640303
 79
0
 98
0
  0
LWPOLYLINE
  5
F16
330
17
100
AcDbEntity
  8
A-WALL
100
AcDbPolyline
 90
4
 70
1
 10
850.0
 20
-60200.0
 10
1000.0
 20
-60200.0
 10
1000.0
 20
-59660.0
 10
850.0
 20
-59660.0
  0
HATCH
  5
F17
330
17
100
AcDbEntity
  8
A-HATCH
 62
7
100
AcDbHatch
 10
0.0
 20
0.0
 30
0.0
210
0.0
220
0.0
230
1.0
  2
ANSI31
 70
0
 71
0
 91
1
 92
3
 72
0
 73
1
 93
4
 10
1000.0
 20
-60650.0
 10
1150.0
 20
-60650.0
 10
1150.0
 20
-60400.0
 10
1000.0
 20
-60400.0
 97
0
 75
1
 76
1
 52
0.0
 41
1.0
 77
0
 78
1
 53
45.0
 43
0.0
 44
0.0
 45
-2.2450640303
 46
2.2450640303
 79
0
 98
0
  0
LWPOLYLINE
  5
F18
330
17
100
AcDbEntity
  8
A-WALL
100
AcDbPolyline
 90
4
 70
1
 10
1000.0
 20
-60650.0
 10
1150.0
 20
-60650.0
 10
1150.0
 20
-60400.0
 10
1000.0
 20
-60400.0
  0
HATCH
  5
F19
330
17
100
AcDbEntity
  8
A-HATCH
 62
7
100
AcDbHatch
 10
0.0
 20
0.0
 30
0.0
210
0.0
220
0.0
230
1.0
  2
AR-CONC
 70
0
 71
0
 91
1
 92
3
 72
0
 73
1
 93
4
 10
810.0
 20
-59660.0
 10
1040.0
 20
-59660.0
 10
1040.0
 20
-59600.0
 10
810.0
 20
-59600.0
 97
0
 75
1
 76
1
 52
0.0
 41
1.0
 77
0
 78
13
 53
50.0
 43
0.0
 44
0.0
 45
182.184668996
 46
-15.9390855389
 79
2
 49
19.05
 49
-209.55
 53
355.0
 43
0.0
 44
0.0
 45
-35.243421425
 46
191.056845239
 79
2
 49
15.24
 49
-167.64058417
 53
100.4514447
 43
15.182007
 44
-1.3282535
 45
146.9412470904
 46
175.1177519122
 79
2
 49
16.1900088
 49
-178.0902446
 53
46.1842
 43
0.0
 44
50.8
 45
271.0790408921
 46
-42.0423279327
 79
2
 49
28.575
 49
-314.325
 53
96.63555761
 43
22.5899
 44
47.2965
 45
237.4041340515
 46
247.4261245977
 79
2
 49
24.28502314
 49
-267.13560816
 53
351.18415117
 43
0.0
 44
50.8
 45
237.404134065
 46
247.4261245855
 79
2
 49
22.85996707
 49
-251.45973192
 53
21.0
 43
25.4
 44
38.1
 45
151.6143912691
 46
-102.2651981871
 79
2
 49
19.05
 49
-209.55
 53
326.0
 43
25.4
 44
38.1
 45
61.8020283476
 46
184.1879661223
 79
2
 49
15.24
 49
-167.64
 53
71.451445
 43
38.0345326
 44
29.5779001
 45
213.4164192787
 46
81.9227688859
 79
2
 49
16.1900088
 49
-178.0899376
 53
37.5
 43
0.0
 44
0.0
 45
3.0886032506
 46
84.5550388732
 79
6
 49
0.0
 49
-165.608
 49
0.0
 49
-170.18
 49
0.0
 49
-168.275
 53
7.5
 43
0.0
 44
0.0
 45
66.8196625103
 46
100.1805748181
 79
6
 49
0.0
 49
-97.028
 49
0.0
 49
-161.798
 49
0.0
 49
-64.135
 53
-32.5
 43
-56.642
 44
0.0
 45
135.5905951669
 46
-5.7287439927
 79
6
 49
0.0
 49
-63.5
 49
0.0
 49
-198.12
 49
0.0
 49
-262.89
 53
-42.5
 43
-82.042
 44
0.0
 45
148.129181386
 46
25.4264910333
 79
6
 49
0.0
 49
-82.55
 49
0.0
 49
-131.572
 49
0.0
 49
-186.69
 98
0
  0
LWPOLYLINE
  5
F1A
330
17
100
AcDbEntity
  8
A-WALL
100
AcDbPolyline
 90
4
 70
1
 10
810.0
 20
-59660.0
 10
1040.0
 20
-59660.0
 10
1040.0
 20
-59600.0
 10
810.0
 20
-59600.0
  0
HATCH
  5
F1B
330
17
100
AcDbEntity
  8
A-HATCH
 62
253
100
AcDbHatch
 10
0.0
 20
0.0
 30
0.0
210
0.0
220
0.0
230
1.0
  2
SOLID
 70
1
 71
0
 91
1
 92
3
 72
0
 73
1
 93
4
 10
1000.0
 20
-60005.0
 10
1150.0
 20
-60006.0
 10
1150.0
 20
-60066.0
 10
1000.0
 20
-60065.0
 97
0
 75
0
 76
1
 98
0
  0
LWPOLYLINE
  5
F1C
330
17
100
AcDbEntity
  8
A-WALL
100
AcDbPolyline
 90
4
 70
1
 10
1000.0
 20
-60005.0
 10
1150.0
 20
-60006.0
 10
1150.0
 20
-60066.0
 10
1000.0
 20
-60065.0
  0
HATCH
  5
F1D
330
17
100
AcDbEntity
  8
A-HATCH
 62
8
100
AcDbHatch
 10
0.0
 20
0.0
 30
0.0
210
0.0
220
0.0
230
1.0
  2
SOLID
 70
1
 71
0
 91
1
 92
3
 72
0
 73
1
 93
4
 10
1000.0
 20
-60065.0
 10
1150.0
 20
-60066.0
 10
1150.0
 20
-60096.0
 10
1000.0
 20
-60095.0
 97
0
 75
0
 76
1
 98
0
  0
LWPOLYLINE
  5
F1E
330
17
100
AcDbEntity
  8
A-WALL
100
AcDbPolyline
 90
4
 70
1
 10
1000.0
 20
-60065.0
 10
1150.0
 20
-60066.0
 10
1150.0
 20
-60096.0
 10
1000.0
 20
-60095.0
  0
HATCH
  5
F1F
330
17
100
AcDbEntity
  8
A-HATCH
 62
8
100
AcDbHatch
 10
0.0
 20
0.0
 30
0.0
210
0.0
220
0.0
230
1.0
  2
SOLID
 70
1
 71
0
 91
1
 92
3
 72
0
 73
1
 93
4
 10
1000.0
 20
-60095.0
 10
1150.0
 20
-60096.0
 10
1150.0
 20
-60246.0
 10
1000.0
 20
-60245.0
 97
0
 75
0
 76
1
 98
0
  0
LWPOLYLINE
  5
F20
330
17
100
AcDbEntity
  8
A-WALL
100
AcDbPolyline
 90
4
 70
1
 10
1000.0
 20
-60095.0
 10
1150.0
 20
-60096.0
 10
1150.0
 20
-60246.0
 10
1000.0
 20
-60245.0
  0
HATCH
  5
F21
330
17
100
AcDbEntity
  8
A-HATCH
 62
7
100
AcDbHatch
 10
0.0
 20
0.0
 30
0.0
210
0.0
220
0.0
230
1.0
  2
EARTH
 70
0
 71
0
 91
1
 92
3
 72
0
 73
1
 93
4
 10
1000.0
 20
-60245.0
 10
1150.0
 20
-60246.0
 10
1150.0
 20
-60396.0
 10
1000.0
 20
-60395.0
 97
0
 75
1
 76
1
 52
0.0
 41
1.0
 77
0
 78
6
 53
0.0
 43
0.0
 44
0.0
 45
6.35
 46
6.35
 79
2
 49
6.35
 49
-6.35
 53
0.0
 43
0.0
 44
2.38125
 45
6.35
 46
6.35
 79
2
 49
6.35
 49
-6.35
 53
0.0
 43
0.0
 44
4.7625
 45
6.35
 46
6.35
 79
2
 49
6.35
 49
-6.35
 53
90.0
 43
0.79375
 44
5.55625
 45
-6.35
 46
6.35
 79
2
 49
6.35
 49
-6.35
 53
90.0
 43
3.175
 44
5.55625
 45
-6.35
 46
6.35
 79
2
 49
6.35
 49
-6.35
 53
90.0
 43
5.55625
 44
5.55625
 45
-6.35
 46
6.35
 79
2
 49
6.35
 49
-6.35
 98
0
  0
LWPOLYLINE
  5
F22
330
17
100
AcDbEntity
  8
A-WALL
100
AcDbPolyline
 90
4
 70
1
 10
1000.0
 20
-60245.0
 10
1150.0
 20
-60246.0
 10
1150.0
 20
-60396.0
 10
1000.0
 20
-60395.0
  0
LWPOLYLINE
  5
F23
330
17
100
AcDbEntity
  8
A-WALL
  6
DASHED
100
AcDbPolyline
 90
2
 70
0
 10
1000.0
 20
-60245.0
 10
1150.0
 20
-60246.0
  0
LWPOLYLINE
  5
F24
330
17
100
AcDbEntity
  8
A-WALL
100
AcDbPolyline
 90
2
 70
0
 10
1000.0
 20
-60005.0
 10
1150.0
 20
-60006.0
  0
HATCH
  5
F25
330
17
100
AcDbEntity
  8
A-HATCH
 62
8
100
AcDbHatch
 10
0.0
 20
0.0
 30
0.0
210
0.0
220
0.0
230
1.0
  2
SOLID
 70
1
 71
0
 91
1
 92
3
 72
0
 73
1
 93
4
 10
475.0
 20
-59610.0
 10
725.0
 20
-59610.0
 10
725.0
 20
-59580.0
 10
475.0
 20
-59580.0
 97
0
 75
0
 76
1
 98
0
  0
LWPOLYLINE
  5
F26
330
17
100
AcDbEntity
  8
A-WALL
100
AcDbPolyline
 90
4
 70
1
 10
475.0
 20
-59610.0
 10
725.0
 20
-59610.0
 10
725.0
 20
-59580.0
 10
475.0
 20
-59580.0
  0
HATCH
  5
F27
330
17
100
AcDbEntity
  8
A-HATCH
 62
253
100
AcDbHatch
 10
0.0
 20
0.0
 30
0.0
210
0.0
220
0.0
230
1.0
  2
SOLID
 70
1
 71
0
 91
1
 92
3
 72
0
 73
1
 93
4
 10
475.0
 20
-59580.0
 10
725.0
 20
-59580.0
 10
725.0
 20
-59565.0
 10
475.0
 20
-59565.0
 97
0
 75
0
 76
1
 98
0
  0
LWPOLYLINE
  5
F28
330
17
100
AcDbEntity
  8
A-WALL
100
AcDbPolyline
 90
4
 70
1
 10
475.0
 20
-59580.0
 10
725.0
 20
-59580.0
 10
725.0
 20
-59565.0
 10
475.0
 20
-59565.0
  0
LWPOLYLINE
  5
F29
330
17
100
AcDbEntity
  8
A-WALL
100
AcDbPolyline
 90
4
 70
1
 10
540.0
 20
-59565.0
 10
660.0
 20
-59565.0
 10
660.0
 20
-59100.0
 10
540.0
 20
-59100.0
  0
LWPOLYLINE
  5
F2A
330
17
100
AcDbEntity
  8
A-WALL
100
AcDbPolyline
 90
4
 70
1
 10
546.0
 20
-59565.0
 10
654.0
 20
-59565.0
 10
654.0
 20
-59100.0
 10
546.0
 20
-59100.0
  0
HATCH
  5
F2B
330
17
100
AcDbEntity
  8
A-HATCH
 62
7
100
AcDbHatch
 10
0.0
 20
0.0
 30
0.0
210
0.0
220
0.0
230
1.0
  2
ANSI36
 70
0
 71
0
 91
1
 92
3
 72
0
 73
1
 93
4
 10
520.0
 20
-59535.0
 10
540.0
 20
-59535.0
 10
540.0
 20
-59100.0
 10
520.0
 20
-59100.0
 97
0
 75
1
 76
1
 52
0.0
 41
1.0
 77
0
 78
1
 53
45.0
 43
0.0
 44
0.0
 45
1.6837980227
 46
6.1739260832
 79
4
 49
7.9375
 49
-1.5875
 49
0.0
 49
-1.5875
 98
0
  0
LWPOLYLINE
  5
F2C
330
17
100
AcDbEntity
  8
A-WALL
100
AcDbPolyline
 90
4
 70
1
 10
520.0
 20
-59535.0
 10
540.0
 20
-59535.0
 10
540.0
 20
-59100.0
 10
520.0
 20
-59100.0
  0
HATCH
  5
F2D
330
17
100
AcDbEntity
  8
A-HATCH
 62
7
100
AcDbHatch
 10
0.0
 20
0.0
 30
0.0
210
0.0
220
0.0
230
1.0
  2
ANSI36
 70
0
 71
0
 91
1
 92
3
 72
0
 73
1
 93
4
 10
660.0
 20
-59535.0
 10
680.0
 20
-59535.0
 10
680.0
 20
-59100.0
 10
660.0
 20
-59100.0
 97
0
 75
1
 76
1
 52
0.0
 41
1.0
 77
0
 78
1
 53
45.0
 43
0.0
 44
0.0
 45
1.6837980227
 46
6.1739260832
 79
4
 49
7.9375
 49
-1.5875
 49
0.0
 49
-1.5875
 98
0
  0
LWPOLYLINE
  5
F2E
330
17
100
AcDbEntity
  8
A-WALL
100
AcDbPolyline
 90
4
 70
1
 10
660.0
 20
-59535.0
 10
680.0
 20
-59535.0
 10
680.0
 20
-59100.0
 10
660.0
 20
-59100.0
  0
LWPOLYLINE
  5
F2F
330
17
100
AcDbEntity
  8
A-WALL
100
AcDbPolyline
 90
4
 70
1
 10
502.0
 20
-60010.0
 10
518.0
 20
-60010.0
 10
518.0
 20
-59540.0
 10
502.0
 20
-59540.0
  0
LWPOLYLINE
  5
F30
330
17
100
AcDbEntity
  8
A-WALL
100
AcDbPolyline
 90
4
 70
1
 10
502.0
 20
-60010.0
 10
562.0
 20
-60010.0
 10
562.0
 20
-59994.0
 10
502.0
 20
-59994.0
  0
LWPOLYLINE
  5
F31
330
17
100
AcDbEntity
  8
A-WALL
100
AcDbPolyline
 90
4
 70
1
 10
496.0
 20
-59565.0
 10
524.0
 20
-59565.0
 10
524.0
 20
-59551.0
 10
496.0
 20
-59551.0
  0
LWPOLYLINE
  5
F32
330
17
100
AcDbEntity
  8
A-WALL
100
AcDbPolyline
 90
4
 70
1
 10
682.0
 20
-60010.0
 10
698.0
 20
-60010.0
 10
698.0
 20
-59540.0
 10
682.0
 20
-59540.0
  0
LWPOLYLINE
  5
F33
330
17
100
AcDbEntity
  8
A-WALL
100
AcDbPolyline
 90
4
 70
1
 10
682.0
 20
-60010.0
 10
622.0
 20
-60010.0
 10
622.0
 20
-59994.0
 10
682.0
 20
-59994.0
  0
LWPOLYLINE
  5
F34
330
17
100
AcDbEntity
  8
A-WALL
100
AcDbPolyline
 90
4
 70
1
 10
676.0
 20
-59565.0
 10
704.0
 20
-59565.0
 10
704.0
 20
-59551.0
 10
676.0
 20
-59551.0
  0
LWPOLYLINE
  5
F35
330
17
100
AcDbEntity
  8
A-WALL
  6
DASHED
100
AcDbPolyline
 90
4
 70
1
 10
562.0
 20
-59600.0
 10
638.0
 20
-59600.0
 10
638.0
 20
-59100.0
 10
562.0
 20
-59100.0
  0
LWPOLYLINE
  5
F36
330
17
100
AcDbEntity
  8
A-WALL
100
AcDbPolyline
 90
7
 70
1
 10
545.0
 20
-59610.0
 10
545.0
 20
-60245.0
 10
600.0
 20
-60355.0
 10
1150.0
 20
-60355.0
 10
1150.0
 20
-60245.0
 10
655.0
 20
-60245.0
 10
655.0
 20
-59610.0
  0
TEXT
  5
F37
330
17
100
AcDbEntity
  8
A-TEXT
100
AcDbText
 10
900.0
 20
-60315.0
 30
0.0
 40
9.36
  1
Ø110 PVC-U
 72
1
 11
900.0
 21
-60315.0
 31
0.0
100
AcDbText
 73
1
  0
LINE
  5
F38
330
17
100
AcDbEntity
  8
A-DIMS
100
AcDbLine
 10
200.0
 20
-60908.0
 30
0.0
 11
200.0
 21
-61009.0
 31
0.0
  0
LINE
  5
F39
330
17
100
AcDbEntity
  8
A-DIMS
100
AcDbLine
 10
450.0
 20
-60908.0
 30
0.0
 11
450.0
 21
-61009.0
 31
0.0
  0
LINE
  5
F3A
330
17
100
AcDbEntity
  8
A-DIMS
100
AcDbLine
 10
200.0
 20
-61000.0
 30
0.0
 11
450.0
 21
-61000.0
 31
0.0
  0
TEXT
  5
F3B
330
17
100
AcDbEntity
  8
A-DIMS
100
AcDbText
 10
325.0
 20
-61000.0
 30
0.0
 40
9.36
  1
250
 72
1
 11
325.0
 21
-61000.0
 31
0.0
100
AcDbText
 73
1
  0
LINE
  5
F3C
330
17
100
AcDbEntity
  8
A-DIMS
100
AcDbLine
 10
450.0
 20
-60908.0
 30
0.0
 11
450.0
 21
-61009.0
 31
0.0
  0
LINE
  5
F3D
330
17
100
AcDbEntity
  8
A-DIMS
100
AcDbLine
 10
750.0
 20
-60908.0
 30
0.0
 11
750.0
 21
-61009.0
 31
0.0
  0
LINE
  5
F3E
330
17
100
AcDbEntity
  8
A-DIMS
100
AcDbLine
 10
450.0
 20
-61000.0
 30
0.0
 11
750.0
 21
-61000.0
 31
0.0
  0
TEXT
  5
F3F
330
17
100
AcDbEntity
  8
A-DIMS
100
AcDbText
 10
600.0
 20
-61000.0
 30
0.0
 40
9.36
  1
300
 72
1
 11
600.0
 21
-61000.0
 31
0.0
100
AcDbText
 73
1
  0
LINE
  5
F40
330
17
100
AcDbEntity
  8
A-DIMS
100
AcDbLine
 10
750.0
 20
-60908.0
 30
0.0
 11
750.0
 21
-61009.0
 31
0.0
  0
LINE
  5
F41
330
17
100
AcDbEntity
  8
A-DIMS
100
AcDbLine
 10
1000.0
 20
-60908.0
 30
0.0
 11
1000.0
 21
-61009.0
 31
0.0
  0
LINE
  5
F42
330
17
100
AcDbEntity
  8
A-DIMS
100
AcDbLine
 10
750.0
 20
-61000.0
 30
0.0
 11
1000.0
 21
-61000.0
 31
0.0
  0
TEXT
  5
F43
330
17
100
AcDbEntity
  8
A-DIMS
100
AcDbText
 10
875.0
 20
-61000.0
 30
0.0
 40
9.36
  1
250
 72
1
 11
875.0
 21
-61000.0
 31
0.0
100
AcDbText
 73
1
  0
LINE
  5
F44
330
17
100
AcDbEntity
  8
A-DIMS
100
AcDbLine
 10
200.0
 20
-60908.0
 30
0.0
 11
200.0
 21
-61059.0
 31
0.0
  0
LINE
  5
F45
330
17
100
AcDbEntity
  8
A-DIMS
100
AcDbLine
 10
1000.0
 20
-60908.0
 30
0.0
 11
1000.0
 21
-61059.0
 31
0.0
  0
LINE
  5
F46
330
17
100
AcDbEntity
  8
A-DIMS
100
AcDbLine
 10
200.0
 20
-61050.0
 30
0.0
 11
1000.0
 21
-61050.0
 31
0.0
  0
TEXT
  5
F47
330
17
100
AcDbEntity
  8
A-DIMS
100
AcDbText
 10
600.0
 20
-61050.0
 30
0.0
 40
9.36
  1
800
 72
1
 11
600.0
 21
-61050.0
 31
0.0
100
AcDbText
 73
1
  0
LINE
  5
F48
330
17
100
AcDbEntity
  8
A-DIMS
100
AcDbLine
 10
192.0
 20
-60900.0
 30
0.0
 11
131.0
 21
-60900.0
 31
0.0
  0
LINE
  5
F49
330
17
100
AcDbEntity
  8
A-DIMS
100
AcDbLine
 10
192.0
 20
-60200.0
 30
0.0
 11
131.0
 21
-60200.0
 31
0.0
  0
LINE
  5
F4A
330
17
100
AcDbEntity
  8
A-DIMS
100
AcDbLine
 10
140.0
 20
-60900.0
 30
0.0
 11
140.0
 21
-60200.0
 31
0.0
  0
TEXT
  5
F4B
330
17
100
AcDbEntity
  8
A-DIMS
100
AcDbText
 10
140.0
 20
-60550.0
 30
0.0
 40
8.64
  1
700
 50
90.0
 72
1
 11
140.0
 21
-60550.0
 31
0.0
100
AcDbText
 73
1
  0
LINE
  5
F4C
330
17
100
AcDbEntity
  8
A-DIMS
100
AcDbLine
 10
192.0
 20
-60200.0
 30
0.0
 11
131.0
 21
-60200.0
 31
0.0
  0
LINE
  5
F4D
330
17
100
AcDbEntity
  8
A-DIMS
100
AcDbLine
 10
192.0
 20
-59610.0
 30
0.0
 11
131.0
 21
-59610.0
 31
0.0
  0
LINE
  5
F4E
330
17
100
AcDbEntity
  8
A-DIMS
100
AcDbLine
 10
140.0
 20
-60200.0
 30
0.0
 11
140.0
 21
-59610.0
 31
0.0
  0
TEXT
  5
F4F
330
17
100
AcDbEntity
  8
A-DIMS
100
AcDbText
 10
140.0
 20
-59905.0
 30
0.0
 40
8.64
  1
590
 50
90.0
 72
1
 11
140.0
 21
-59905.0
 31
0.0
100
AcDbText
 73
1
  0
LINE
  5
F50
330
17
100
AcDbEntity
  8
A-DIMS
100
AcDbLine
 10
192.0
 20
-59610.0
 30
0.0
 11
131.0
 21
-59610.0
 31
0.0
  0
LINE
  5
F51
330
17
100
AcDbEntity
  8
A-DIMS
100
AcDbLine
 10
192.0
 20
-59580.0
 30
0.0
 11
131.0
 21
-59580.0
 31
0.0
  0
LINE
  5
F52
330
17
100
AcDbEntity
  8
A-DIMS
100
AcDbLine
 10
140.0
 20
-59610.0
 30
0.0
 11
140.0
 21
-59580.0
 31
0.0
  0
TEXT
  5
F53
330
17
100
AcDbEntity
  8
A-DIMS
100
AcDbText
 10
140.0
 20
-59595.0
 30
0.0
 40
8.64
  1
30
 50
90.0
 72
1
 11
140.0
 21
-59595.0
 31
0.0
100
AcDbText
 73
1
  0
HATCH
  5
F54
330
17
100
AcDbEntity
  8
A-HATCH
 62
7
100
AcDbHatch
 10
0.0
 20
0.0
 30
0.0
210
0.0
220
0.0
230
1.0
  2
ANSI31
 70
0
 71
0
 91
1
 92
3
 72
0
 73
1
 93
4
 10
-250.0
 20
-80000.0
 10
5650.0
 20
-80000.0
 10
5650.0
 20
-79700.0
 10
-250.0
 20
-79700.0
 97
0
 75
1
 76
1
 52
0.0
 41
2.5
 77
0
 78
1
 53
45.0
 43
0.0
 44
0.0
 45
-5.6126600758
 46
5.6126600758
 79
0
 98
0
  0
LWPOLYLINE
  5
F55
330
17
100
AcDbEntity
  8
A-WALL
100
AcDbPolyline
 90
4
 70
1
 10
-250.0
 20
-80000.0
 10
5650.0
 20
-80000.0
 10
5650.0
 20
-79700.0
 10
-250.0
 20
-79700.0
  0
LWPOLYLINE
  5
F56
330
17
100
AcDbEntity
  8
A-WALL
100
AcDbPolyline
 90
4
 70
1
 10
-250.0
 20
-79700.0
 10
5650.0
 20
-79700.0
 10
5650.0
 20
-79050.0
 10
-250.0
 20
-79050.0
  0
TEXT
  5
F57
330
17
100
AcDbEntity
  8
A-TEXT
100
AcDbText
 10
2700.0
 20
-79320.0
 30
0.0
 40
28.799999999999997
  1
EXISTING ANNEX (S1 back-span dashed, continues to +2.30 m — D7/A-501)
 72
1
 11
2700.0
 21
-79320.0
 31
0.0
100
AcDbText
 73
1
  0
LWPOLYLINE
  5
F58
330
17
100
AcDbEntity
  8
S-STEEL
100
AcDbPolyline
 90
4
 70
1
 10
650.0
 20
-80075.0
 10
5100.0
 20
-80075.0
 10
5100.0
 20
-80000.0
 10
650.0
 20
-80000.0
  0
LWPOLYLINE
  5
F59
330
17
100
AcDbEntity
  8
S-STEEL
100
AcDbPolyline
 90
4
 70
1
 10
550.0
 20
-83000.0
 10
650.0
 20
-83000.0
 10
650.0
 20
-80000.0
 10
550.0
 20
-80000.0
  0
LWPOLYLINE
  5
F5A
330
17
100
AcDbEntity
  8
S-STEEL
100
AcDbPolyline
 90
4
 70
1
 10
660.0
 20
-83100.0
 10
5100.0
 20
-83100.0
 10
5100.0
 20
-83000.0
 10
660.0
 20
-83000.0
  0
LWPOLYLINE
  5
F5B
330
17
100
AcDbEntity
  8
S-STEEL
100
AcDbPolyline
 90
4
 70
1
 10
5100.0
 20
-83100.0
 10
5300.0
 20
-83100.0
 10
5300.0
 20
-80000.0
 10
5100.0
 20
-80000.0
  0
LWPOLYLINE
  5
F5C
330
17
100
AcDbEntity
  8
A-WALL
  6
DASHED
100
AcDbPolyline
 90
4
 70
1
 10
5100.0
 20
-79700.0
 10
5300.0
 20
-79700.0
 10
5300.0
 20
-79050.0
 10
5100.0
 20
-79050.0
  0
LWPOLYLINE
  5
F5D
330
17
100
AcDbEntity
  8
S-STEEL
100
AcDbPolyline
 90
4
 70
1
 10
1174.25
 20
-83000.0
 10
1239.25
 20
-83000.0
 10
1239.25
 20
-80075.0
 10
1174.25
 20
-80075.0
  0
LWPOLYLINE
  5
F5E
330
17
100
AcDbEntity
  8
S-STEEL
100
AcDbPolyline
 90
4
 70
1
 10
1730.5
 20
-83000.0
 10
1795.5
 20
-83000.0
 10
1795.5
 20
-80075.0
 10
1730.5
 20
-80075.0
  0
LWPOLYLINE
  5
F5F
330
17
100
AcDbEntity
  8
S-STEEL
100
AcDbPolyline
 90
4
 70
1
 10
2286.75
 20
-83000.0
 10
2351.75
 20
-83000.0
 10
2351.75
 20
-80075.0
 10
2286.75
 20
-80075.0
  0
LWPOLYLINE
  5
F60
330
17
100
AcDbEntity
  8
S-STEEL
100
AcDbPolyline
 90
4
 70
1
 10
2843.0
 20
-83000.0
 10
2908.0
 20
-83000.0
 10
2908.0
 20
-80075.0
 10
2843.0
 20
-80075.0
  0
LWPOLYLINE
  5
F61
330
17
100
AcDbEntity
  8
S-STEEL
100
AcDbPolyline
 90
4
 70
1
 10
3399.25
 20
-83000.0
 10
3464.25
 20
-83000.0
 10
3464.25
 20
-80075.0
 10
3399.25
 20
-80075.0
  0
LWPOLYLINE
  5
F62
330
17
100
AcDbEntity
  8
S-STEEL
100
AcDbPolyline
 90
4
 70
1
 10
3955.5
 20
-83000.0
 10
4020.5
 20
-83000.0
 10
4020.5
 20
-80075.0
 10
3955.5
 20
-80075.0
  0
LWPOLYLINE
  5
F63
330
17
100
AcDbEntity
  8
S-STEEL
100
AcDbPolyline
 90
4
 70
1
 10
4511.75
 20
-83000.0
 10
4576.75
 20
-83000.0
 10
4576.75
 20
-80075.0
 10
4511.75
 20
-80075.0
  0
LWPOLYLINE
  5
F64
330
17
100
AcDbEntity
  8
S-STEEL
100
AcDbPolyline
 90
4
 70
1
 10
540.0
 20
-83110.0
 10
660.0
 20
-83110.0
 10
660.0
 20
-82990.0
 10
540.0
 20
-82990.0
  0
LWPOLYLINE
  5
F65
330
17
100
AcDbEntity
  8
S-STEEL
100
AcDbPolyline
 90
4
 70
1
 10
540.0
 20
-81460.0
 10
660.0
 20
-81460.0
 10
660.0
 20
-81340.0
 10
540.0
 20
-81340.0
  0
LWPOLYLINE
  5
F66
330
17
100
AcDbEntity
  8
A-WALL
  6
DASHED
100
AcDbPolyline
 90
4
 70
1
 10
5140.0
 20
-83110.0
 10
5260.0
 20
-83110.0
 10
5260.0
 20
-82990.0
 10
5140.0
 20
-82990.0
  0
LINE
  5
F67
330
17
100
AcDbEntity
  8
A-GRID
  6
DASHED
100
AcDbLine
 10
600.0
 20
-78850.0
 30
0.0
 11
600.0
 21
-83500.0
 31
0.0
  0
LINE
  5
F68
330
17
100
AcDbEntity
  8
A-GRID
  6
DASHED
100
AcDbLine
 10
5200.0
 20
-78850.0
 30
0.0
 11
5200.0
 21
-83500.0
 31
0.0
  0
LINE
  5
F69
330
17
100
AcDbEntity
  8
A-GRID
  6
DASHED
100
AcDbLine
 10
-450.0
 20
-80000.0
 30
0.0
 11
5900.0
 21
-80000.0
 31
0.0
  0
LINE
  5
F6A
330
17
100
AcDbEntity
  8
A-GRID
  6
DASHED
100
AcDbLine
 10
-450.0
 20
-81400.0
 30
0.0
 11
5900.0
 21
-81400.0
 31
0.0
  0
LINE
  5
F6B
330
17
100
AcDbEntity
  8
A-GRID
  6
DASHED
100
AcDbLine
 10
-450.0
 20
-83050.0
 30
0.0
 11
5900.0
 21
-83050.0
 31
0.0
  0
LINE
  5
F6C
330
17
100
AcDbEntity
  8
A-DIMS
100
AcDbLine
 10
500.0
 20
-83170.0
 30
0.0
 11
500.0
 21
-83372.5
 31
0.0
  0
LINE
  5
F6D
330
17
100
AcDbEntity
  8
A-DIMS
100
AcDbLine
 10
600.0
 20
-83170.0
 30
0.0
 11
600.0
 21
-83372.5
 31
0.0
  0
LINE
  5
F6E
330
17
100
AcDbEntity
  8
A-DIMS
100
AcDbLine
 10
500.0
 20
-83350.0
 30
0.0
 11
600.0
 21
-83350.0
 31
0.0
  0
TEXT
  5
F6F
330
17
100
AcDbEntity
  8
A-DIMS
100
AcDbText
 10
550.0
 20
-83350.0
 30
0.0
 40
21.599999999999998
  1
100
 72
1
 11
550.0
 21
-83350.0
 31
0.0
100
AcDbText
 73
1
  0
LINE
  5
F70
330
17
100
AcDbEntity
  8
A-DIMS
100
AcDbLine
 10
600.0
 20
-83170.0
 30
0.0
 11
600.0
 21
-83372.5
 31
0.0
  0
LINE
  5
F71
330
17
100
AcDbEntity
  8
A-DIMS
100
AcDbLine
 10
660.0
 20
-83170.0
 30
0.0
 11
660.0
 21
-83372.5
 31
0.0
  0
LINE
  5
F72
330
17
100
AcDbEntity
  8
A-DIMS
100
AcDbLine
 10
600.0
 20
-83350.0
 30
0.0
 11
660.0
 21
-83350.0
 31
0.0
  0
TEXT
  5
F73
330
17
100
AcDbEntity
  8
A-DIMS
100
AcDbText
 10
630.0
 20
-83350.0
 30
0.0
 40
21.599999999999998
  1
60
 72
1
 11
630.0
 21
-83350.0
 31
0.0
100
AcDbText
 73
1
  0
LINE
  5
F74
330
17
100
AcDbEntity
  8
A-DIMS
100
AcDbLine
 10
660.0
 20
-83170.0
 30
0.0
 11
660.0
 21
-83372.5
 31
0.0
  0
LINE
  5
F75
330
17
100
AcDbEntity
  8
A-DIMS
100
AcDbLine
 10
1206.0
 20
-83170.0
 30
0.0
 11
1206.0
 21
-83372.5
 31
0.0
  0
LINE
  5
F76
330
17
100
AcDbEntity
  8
A-DIMS
100
AcDbLine
 10
660.0
 20
-83350.0
 30
0.0
 11
1206.0
 21
-83350.0
 31
0.0
  0
TEXT
  5
F77
330
17
100
AcDbEntity
  8
A-DIMS
100
AcDbText
 10
933.0
 20
-83350.0
 30
0.0
 40
21.599999999999998
  1
546
 72
1
 11
933.0
 21
-83350.0
 31
0.0
100
AcDbText
 73
1
  0
LINE
  5
F78
330
17
100
AcDbEntity
  8
A-DIMS
100
AcDbLine
 10
1206.0
 20
-83170.0
 30
0.0
 11
1206.0
 21
-83372.5
 31
0.0
  0
LINE
  5
F79
330
17
100
AcDbEntity
  8
A-DIMS
100
AcDbLine
 10
1762.0
 20
-83170.0
 30
0.0
 11
1762.0
 21
-83372.5
 31
0.0
  0
LINE
  5
F7A
330
17
100
AcDbEntity
  8
A-DIMS
100
AcDbLine
 10
1206.0
 20
-83350.0
 30
0.0
 11
1762.0
 21
-83350.0
 31
0.0
  0
TEXT
  5
F7B
330
17
100
AcDbEntity
  8
A-DIMS
100
AcDbText
 10
1484.0
 20
-83350.0
 30
0.0
 40
21.599999999999998
  1
556
 72
1
 11
1484.0
 21
-83350.0
 31
0.0
100
AcDbText
 73
1
  0
LINE
  5
F7C
330
17
100
AcDbEntity
  8
A-DIMS
100
AcDbLine
 10
1762.0
 20
-83170.0
 30
0.0
 11
1762.0
 21
-83372.5
 31
0.0
  0
LINE
  5
F7D
330
17
100
AcDbEntity
  8
A-DIMS
100
AcDbLine
 10
2319.0
 20
-83170.0
 30
0.0
 11
2319.0
 21
-83372.5
 31
0.0
  0
LINE
  5
F7E
330
17
100
AcDbEntity
  8
A-DIMS
100
AcDbLine
 10
1762.0
 20
-83350.0
 30
0.0
 11
2319.0
 21
-83350.0
 31
0.0
  0
TEXT
  5
F7F
330
17
100
AcDbEntity
  8
A-DIMS
100
AcDbText
 10
2040.5
 20
-83350.0
 30
0.0
 40
21.599999999999998
  1
557
 72
1
 11
2040.5
 21
-83350.0
 31
0.0
100
AcDbText
 73
1
  0
LINE
  5
F80
330
17
100
AcDbEntity
  8
A-DIMS
100
AcDbLine
 10
2319.0
 20
-83170.0
 30
0.0
 11
2319.0
 21
-83372.5
 31
0.0
  0
LINE
  5
F81
330
17
100
AcDbEntity
  8
A-DIMS
100
AcDbLine
 10
2875.0
 20
-83170.0
 30
0.0
 11
2875.0
 21
-83372.5
 31
0.0
  0
LINE
  5
F82
330
17
100
AcDbEntity
  8
A-DIMS
100
AcDbLine
 10
2319.0
 20
-83350.0
 30
0.0
 11
2875.0
 21
-83350.0
 31
0.0
  0
TEXT
  5
F83
330
17
100
AcDbEntity
  8
A-DIMS
100
AcDbText
 10
2597.0
 20
-83350.0
 30
0.0
 40
21.599999999999998
  1
556
 72
1
 11
2597.0
 21
-83350.0
 31
0.0
100
AcDbText
 73
1
  0
LINE
  5
F84
330
17
100
AcDbEntity
  8
A-DIMS
100
AcDbLine
 10
2875.0
 20
-83170.0
 30
0.0
 11
2875.0
 21
-83372.5
 31
0.0
  0
LINE
  5
F85
330
17
100
AcDbEntity
  8
A-DIMS
100
AcDbLine
 10
3431.0
 20
-83170.0
 30
0.0
 11
3431.0
 21
-83372.5
 31
0.0
  0
LINE
  5
F86
330
17
100
AcDbEntity
  8
A-DIMS
100
AcDbLine
 10
2875.0
 20
-83350.0
 30
0.0
 11
3431.0
 21
-83350.0
 31
0.0
  0
TEXT
  5
F87
330
17
100
AcDbEntity
  8
A-DIMS
100
AcDbText
 10
3153.0
 20
-83350.0
 30
0.0
 40
21.599999999999998
  1
556
 72
1
 11
3153.0
 21
-83350.0
 31
0.0
100
AcDbText
 73
1
  0
LINE
  5
F88
330
17
100
AcDbEntity
  8
A-DIMS
100
AcDbLine
 10
3431.0
 20
-83170.0
 30
0.0
 11
3431.0
 21
-83372.5
 31
0.0
  0
LINE
  5
F89
330
17
100
AcDbEntity
  8
A-DIMS
100
AcDbLine
 10
3988.0
 20
-83170.0
 30
0.0
 11
3988.0
 21
-83372.5
 31
0.0
  0
LINE
  5
F8A
330
17
100
AcDbEntity
  8
A-DIMS
100
AcDbLine
 10
3431.0
 20
-83350.0
 30
0.0
 11
3988.0
 21
-83350.0
 31
0.0
  0
TEXT
  5
F8B
330
17
100
AcDbEntity
  8
A-DIMS
100
AcDbText
 10
3709.5
 20
-83350.0
 30
0.0
 40
21.599999999999998
  1
557
 72
1
 11
3709.5
 21
-83350.0
 31
0.0
100
AcDbText
 73
1
  0
LINE
  5
F8C
330
17
100
AcDbEntity
  8
A-DIMS
100
AcDbLine
 10
3988.0
 20
-83170.0
 30
0.0
 11
3988.0
 21
-83372.5
 31
0.0
  0
LINE
  5
F8D
330
17
100
AcDbEntity
  8
A-DIMS
100
AcDbLine
 10
4544.0
 20
-83170.0
 30
0.0
 11
4544.0
 21
-83372.5
 31
0.0
  0
LINE
  5
F8E
330
17
100
AcDbEntity
  8
A-DIMS
100
AcDbLine
 10
3988.0
 20
-83350.0
 30
0.0
 11
4544.0
 21
-83350.0
 31
0.0
  0
TEXT
  5
F8F
330
17
100
AcDbEntity
  8
A-DIMS
100
AcDbText
 10
4266.0
 20
-83350.0
 30
0.0
 40
21.599999999999998
  1
556
 72
1
 11
4266.0
 21
-83350.0
 31
0.0
100
AcDbText
 73
1
  0
LINE
  5
F90
330
17
100
AcDbEntity
  8
A-DIMS
100
AcDbLine
 10
4544.0
 20
-83170.0
 30
0.0
 11
4544.0
 21
-83372.5
 31
0.0
  0
LINE
  5
F91
330
17
100
AcDbEntity
  8
A-DIMS
100
AcDbLine
 10
5100.0
 20
-83170.0
 30
0.0
 11
5100.0
 21
-83372.5
 31
0.0
  0
LINE
  5
F92
330
17
100
AcDbEntity
  8
A-DIMS
100
AcDbLine
 10
4544.0
 20
-83350.0
 30
0.0
 11
5100.0
 21
-83350.0
 31
0.0
  0
TEXT
  5
F93
330
17
100
AcDbEntity
  8
A-DIMS
100
AcDbText
 10
4822.0
 20
-83350.0
 30
0.0
 40
21.599999999999998
  1
556
 72
1
 11
4822.0
 21
-83350.0
 31
0.0
100
AcDbText
 73
1
  0
LINE
  5
F94
330
17
100
AcDbEntity
  8
A-DIMS
100
AcDbLine
 10
5100.0
 20
-83170.0
 30
0.0
 11
5100.0
 21
-83372.5
 31
0.0
  0
LINE
  5
F95
330
17
100
AcDbEntity
  8
A-DIMS
100
AcDbLine
 10
5200.0
 20
-83170.0
 30
0.0
 11
5200.0
 21
-83372.5
 31
0.0
  0
LINE
  5
F96
330
17
100
AcDbEntity
  8
A-DIMS
100
AcDbLine
 10
5100.0
 20
-83350.0
 30
0.0
 11
5200.0
 21
-83350.0
 31
0.0
  0
TEXT
  5
F97
330
17
100
AcDbEntity
  8
A-DIMS
100
AcDbText
 10
5150.0
 20
-83350.0
 30
0.0
 40
21.599999999999998
  1
100
 72
1
 11
5150.0
 21
-83350.0
 31
0.0
100
AcDbText
 73
1
  0
LINE
  5
F98
330
17
100
AcDbEntity
  8
A-DIMS
100
AcDbLine
 10
5200.0
 20
-83170.0
 30
0.0
 11
5200.0
 21
-83372.5
 31
0.0
  0
LINE
  5
F99
330
17
100
AcDbEntity
  8
A-DIMS
100
AcDbLine
 10
5350.0
 20
-83170.0
 30
0.0
 11
5350.0
 21
-83372.5
 31
0.0
  0
LINE
  5
F9A
330
17
100
AcDbEntity
  8
A-DIMS
100
AcDbLine
 10
5200.0
 20
-83350.0
 30
0.0
 11
5350.0
 21
-83350.0
 31
0.0
  0
TEXT
  5
F9B
330
17
100
AcDbEntity
  8
A-DIMS
100
AcDbText
 10
5275.0
 20
-83350.0
 30
0.0
 40
21.599999999999998
  1
150
 72
1
 11
5275.0
 21
-83350.0
 31
0.0
100
AcDbText
 73
1
  0
LINE
  5
F9C
330
17
100
AcDbEntity
  8
A-DIMS
100
AcDbLine
 10
500.0
 20
-83170.0
 30
0.0
 11
500.0
 21
-83497.5
 31
0.0
  0
LINE
  5
F9D
330
17
100
AcDbEntity
  8
A-DIMS
100
AcDbLine
 10
5350.0
 20
-83170.0
 30
0.0
 11
5350.0
 21
-83497.5
 31
0.0
  0
LINE
  5
F9E
330
17
100
AcDbEntity
  8
A-DIMS
100
AcDbLine
 10
500.0
 20
-83475.0
 30
0.0
 11
5350.0
 21
-83475.0
 31
0.0
  0
TEXT
  5
F9F
330
17
100
AcDbEntity
  8
A-DIMS
100
AcDbText
 10
2925.0
 20
-83475.0
 30
0.0
 40
21.599999999999998
  1
4850
 72
1
 11
2925.0
 21
-83475.0
 31
0.0
100
AcDbText
 73
1
  0
LINE
  5
FA0
330
17
100
AcDbEntity
  8
A-DIMS
100
AcDbLine
 10
5370.0
 20
-79700.0
 30
0.0
 11
5772.5
 21
-79700.0
 31
0.0
  0
LINE
  5
FA1
330
17
100
AcDbEntity
  8
A-DIMS
100
AcDbLine
 10
5370.0
 20
-80000.0
 30
0.0
 11
5772.5
 21
-80000.0
 31
0.0
  0
LINE
  5
FA2
330
17
100
AcDbEntity
  8
A-DIMS
100
AcDbLine
 10
5750.0
 20
-79700.0
 30
0.0
 11
5750.0
 21
-80000.0
 31
0.0
  0
TEXT
  5
FA3
330
17
100
AcDbEntity
  8
A-DIMS
100
AcDbText
 10
5750.0
 20
-79850.0
 30
0.0
 40
25.2
  1
300
 50
90.0
 72
1
 11
5750.0
 21
-79850.0
 31
0.0
100
AcDbText
 73
1
  0
LINE
  5
FA4
330
17
100
AcDbEntity
  8
A-DIMS
100
AcDbLine
 10
5370.0
 20
-80000.0
 30
0.0
 11
5772.5
 21
-80000.0
 31
0.0
  0
LINE
  5
FA5
330
17
100
AcDbEntity
  8
A-DIMS
100
AcDbLine
 10
5370.0
 20
-81400.0
 30
0.0
 11
5772.5
 21
-81400.0
 31
0.0
  0
LINE
  5
FA6
330
17
100
AcDbEntity
  8
A-DIMS
100
AcDbLine
 10
5750.0
 20
-80000.0
 30
0.0
 11
5750.0
 21
-81400.0
 31
0.0
  0
TEXT
  5
FA7
330
17
100
AcDbEntity
  8
A-DIMS
100
AcDbText
 10
5750.0
 20
-80700.0
 30
0.0
 40
25.2
  1
1400
 50
90.0
 72
1
 11
5750.0
 21
-80700.0
 31
0.0
100
AcDbText
 73
1
  0
LINE
  5
FA8
330
17
100
AcDbEntity
  8
A-DIMS
100
AcDbLine
 10
5370.0
 20
-81400.0
 30
0.0
 11
5772.5
 21
-81400.0
 31
0.0
  0
LINE
  5
FA9
330
17
100
AcDbEntity
  8
A-DIMS
100
AcDbLine
 10
5370.0
 20
-83050.0
 30
0.0
 11
5772.5
 21
-83050.0
 31
0.0
  0
LINE
  5
FAA
330
17
100
AcDbEntity
  8
A-DIMS
100
AcDbLine
 10
5750.0
 20
-81400.0
 30
0.0
 11
5750.0
 21
-83050.0
 31
0.0
  0
TEXT
  5
FAB
330
17
100
AcDbEntity
  8
A-DIMS
100
AcDbText
 10
5750.0
 20
-82225.0
 30
0.0
 40
25.2
  1
1650
 50
90.0
 72
1
 11
5750.0
 21
-82225.0
 31
0.0
100
AcDbText
 73
1
  0
LINE
  5
FAC
330
17
100
AcDbEntity
  8
A-DIMS
100
AcDbLine
 10
5370.0
 20
-83050.0
 30
0.0
 11
5772.5
 21
-83050.0
 31
0.0
  0
LINE
  5
FAD
330
17
100
AcDbEntity
  8
A-DIMS
100
AcDbLine
 10
5370.0
 20
-83150.0
 30
0.0
 11
5772.5
 21
-83150.0
 31
0.0
  0
LINE
  5
FAE
330
17
100
AcDbEntity
  8
A-DIMS
100
AcDbLine
 10
5750.0
 20
-83050.0
 30
0.0
 11
5750.0
 21
-83150.0
 31
0.0
  0
TEXT
  5
FAF
330
17
100
AcDbEntity
  8
A-DIMS
100
AcDbText
 10
5750.0
 20
-83100.0
 30
0.0
 40
25.2
  1
100
 50
90.0
 72
1
 11
5750.0
 21
-83100.0
 31
0.0
100
AcDbText
 73
1
  0
ENDSEC
  0
SECTION
  2
OBJECTS
  0
DICTIONARY
  5
A
330
0
100
AcDbDictionary
281
1
  3
ACAD_COLOR
350
B
  3
ACAD_GROUP
350
C
  3
ACAD_LAYOUT
350
D
  3
ACAD_MATERIAL
350
E
  3
ACAD_MLEADERSTYLE
350
F
  3
ACAD_MLINESTYLE
350
10
  3
ACAD_PLOTSETTINGS
350
11
  3
ACAD_PLOTSTYLENAME
350
12
  3
ACAD_SCALELIST
350
14
  3
ACAD_TABLESTYLE
350
15
  3
ACAD_VISUALSTYLE
350
16
  3
EZDXF_META
350
2D
  0
DICTIONARY
  5
B
330
A
100
AcDbDictionary
281
1
  0
DICTIONARY
  5
C
330
A
100
AcDbDictionary
281
1
  0
DICTIONARY
  5
D
330
A
100
AcDbDictionary
281
1
  3
Model
350
1A
  3
Layout1
350
1E
  0
DICTIONARY
  5
E
330
A
100
AcDbDictionary
281
1
  3
ByBlock
350
1F
  3
ByLayer
350
20
  3
Global
350
21
  0
DICTIONARY
  5
F
330
A
100
AcDbDictionary
281
1
  3
Standard
350
2C
  0
DICTIONARY
  5
10
330
A
100
AcDbDictionary
281
1
  3
Standard
350
22
  0
DICTIONARY
  5
11
330
A
100
AcDbDictionary
281
1
  0
ACDBDICTIONARYWDFLT
  5
12
330
A
100
AcDbDictionary
281
1
  3
Normal
350
13
100
AcDbDictionaryWithDefault
340
13
  0
ACDBPLACEHOLDER
  5
13
330
12
  0
DICTIONARY
  5
14
330
A
100
AcDbDictionary
281
1
  0
DICTIONARY
  5
15
330
A
100
AcDbDictionary
281
1
  0
DICTIONARY
  5
16
330
A
100
AcDbDictionary
281
1
  3
2dWireframe
350
5A
  3
Basic
350
5B
  3
Brighten
350
5C
  3
ColorChange
350
5D
  3
Conceptual
350
5E
  3
Dim
350
5F
  3
EdgeColorOff
350
60
  3
Facepattern
350
61
  3
Flat
350
62
  3
FlatWithEdges
350
63
  3
Gouraud
350
64
  3
GouraudWithEdges
350
65
  3
Hidden
350
66
  3
JitterOff
350
67
  3
Linepattern
350
68
  3
Modeling
350
69
  3
OverhangOff
350
6A
  3
Realistic
350
6B
  3
Shaded
350
6C
  3
Shaded with edges
350
6D
  3
Shades of Gray
350
6E
  3
Sketchy
350
6F
  3
Thicken
350
70
  3
Wireframe
350
71
  3
X-Ray
350
72
  0
LAYOUT
  5
1A
330
D
100
AcDbPlotSettings
  1

  4
A3
  6

 40
7.5
 41
20.0
 42
7.5
 43
20.0
 44
420.0
 45
297.0
 46
0.0
 47
0.0
 48
0.0
 49
0.0
140
0.0
141
0.0
142
1.0
143
1.0
 70
1024
 72
1
 73
0
 74
5
  7

 75
16
 76
0
 77
2
 78
300
147
1.0
148
0.0
149
0.0
100
AcDbLayout
  1
Model
 70
1
 71
0
 10
0.0
 20
0.0
 11
420.0
 21
297.0
 12
0.0
 22
0.0
 32
0.0
 14
1e+20
 24
1e+20
 34
1e+20
 15
-1e+20
 25
-1e+20
 35
-1e+20
146
0.0
 13
0.0
 23
0.0
 33
0.0
 16
1.0
 26
0.0
 36
0.0
 17
0.0
 27
1.0
 37
0.0
 76
1
330
17
  0
LAYOUT
  5
1E
330
D
100
AcDbPlotSettings
  1

  4
A3
  6

 40
7.5
 41
20.0
 42
7.5
 43
20.0
 44
420.0
 45
297.0
 46
0.0
 47
0.0
 48
0.0
 49
0.0
140
0.0
141
0.0
142
1.0
143
1.0
 70
0
 72
1
 73
0
 74
5
  7

 75
16
 76
0
 77
2
 78
300
147
1.0
148
0.0
149
0.0
100
AcDbLayout
  1
Layout1
 70
1
 71
1
 10
0.0
 20
0.0
 11
420.0
 21
297.0
 12
0.0
 22
0.0
 32
0.0
 14
1e+20
 24
1e+20
 34
1e+20
 15
-1e+20
 25
-1e+20
 35
-1e+20
146
0.0
 13
0.0
 23
0.0
 33
0.0
 16
1.0
 26
0.0
 36
0.0
 17
0.0
 27
1.0
 37
0.0
 76
1
330
1B
  0
MATERIAL
  5
1F
102
{ACAD_REACTORS
330
E
102
}
330
E
100
AcDbMaterial
  1
ByBlock
  2

 70
0
 40
1.0
 71
1
 41
1.0
 91
-1023410177
 42
1.0
 72
1
  3

 73
1
 74
1
 75
1
 44
0.5
 73
0
 45
1.0
 46
1.0
 77
1
  4

 78
1
 79
1
170
1
 48
1.0
171
1
  6

172
1
173
1
174
1
140
1.0
141
1.0
175
1
  7

176
1
177
1
178
1
143
1.0
179
1
  8

270
1
271
1
272
1
145
1.0
146
1.0
273
1
  9

274
1
275
1
276
1
 42
1.0
 72
1
  3

 73
1
 74
1
 75
1
 94
63
  0
MATERIAL
  5
20
102
{ACAD_REACTORS
330
E
102
}
330
E
100
AcDbMaterial
  1
ByLayer
  2

 70
0
 40
1.0
 71
1
 41
1.0
 91
-1023410177
 42
1.0
 72
1
  3

 73
1
 74
1
 75
1
 44
0.5
 73
0
 45
1.0
 46
1.0
 77
1
  4

 78
1
 79
1
170
1
 48
1.0
171
1
  6

172
1
173
1
174
1
140
1.0
141
1.0
175
1
  7

176
1
177
1
178
1
143
1.0
179
1
  8

270
1
271
1
272
1
145
1.0
146
1.0
273
1
  9

274
1
275
1
276
1
 42
1.0
 72
1
  3

 73
1
 74
1
 75
1
 94
63
  0
MATERIAL
  5
21
102
{ACAD_REACTORS
330
E
102
}
330
E
100
AcDbMaterial
  1
Global
  2

 70
0
 40
1.0
 71
1
 41
1.0
 91
-1023410177
 42
1.0
 72
1
  3

 73
1
 74
1
 75
1
 44
0.5
 73
0
 45
1.0
 46
1.0
 77
1
  4

 78
1
 79
1
170
1
 48
1.0
171
1
  6

172
1
173
1
174
1
140
1.0
141
1.0
175
1
  7

176
1
177
1
178
1
143
1.0
179
1
  8

270
1
271
1
272
1
145
1.0
146
1.0
273
1
  9

274
1
275
1
276
1
 42
1.0
 72
1
  3

 73
1
 74
1
 75
1
 94
63
  0
MLINESTYLE
  5
22
102
{ACAD_REACTORS
330
10
102
}
330
10
100
AcDbMlineStyle
  2
Standard
 70
0
  3

 62
256
 51
90.0
 52
90.0
 71
2
 49
0.5
 62
256
  6
BYLAYER
 49
-0.5
 62
256
  6
BYLAYER
  0
MLEADERSTYLE
  5
2C
102
{ACAD_REACTORS
330
F
102
}
330
F
100
AcDbMLeaderStyle
179
2
170
2
171
1
172
0
 90
2
 40
0.0
 41
0.0
173
1
 91
-1056964608
 92
-2
290
1
 42
2.0
291
1
 43
8.0
  3
Standard
 44
4.0
300

342
29
174
1
175
1
176
0
178
1
 93
-1056964608
 45
4.0
292
0
297
0
 46
4.0
 94
-1056964608
 47
1.0
 49
1.0
140
1.0
294
1
141
0.0
177
0
142
1.0
295
0
296
0
143
3.75
271
0
272
9
273
9
  0
DICTIONARY
  5
2D
330
A
100
AcDbDictionary
280
1
281
1
  3
CREATED_BY_EZDXF
350
2E
  3
WRITTEN_BY_EZDXF
350
FB2
  0
DICTIONARYVAR
  5
2E
330
2D
100
DictionaryVariables
280
0
  1
1.4.4 @ 2026-10-06T15:56:53.932181+00:00
  0
VISUALSTYLE
  5
5A
102
{ACAD_REACTORS
330
16
102
}
330
16
100
AcDbVisualStyle
  2
2dWireframe
 70
4
177
3
291
0
 70
58
 90
2
176
1
 90
2
176
1
 90
0
176
1
 90
0
176
1
 40
0.6
176
1
 40
30.0
176
1
 62
7
420
16777215
176
1
 90
1
176
1
 90
4
176
1
 62
7
176
1
 62
257
176
1
 90
1
176
1
 90
1
176
1
 40
1.0
176
1
 90
8
176
1
 62
7
176
1
 40
1.0
176
1
 90
1
176
1
 90
6
176
1
 90
2
176
1
 62
7
176
1
 90
5
176
1
 90
0
176
1
 90
0
176
1
290
0
176
1
 90
1
176
1
 40
0.0
176
1
 90
0
176
1
290
1
176
1
290
1
176
1
290
0
176
1
290
0
176
1
290
0
176
1
290
0
176
1
290
0
176
1
290
0
176
1
290
0
176
1
 90
50
176
1
 40
0.0
176
1
 40
1.0
176
1
 90
0
176
1
 62
18
420
0
176
1
 90
50
176
1
 90
3
176
1
 62
5
420
255
176
1
290
0
176
1
 90
50
176
1
 90
50
176
1
 90
50
176
1
290
0
176
1
 90
50
176
1
 62
256
176
0
 40
1.0
176
0
 90
2
176
1
  1
strokes_ogs.tif
176
1
290
0
176
1
 40
1.0
176
1
 40
1.0
176
1
  0
VISUALSTYLE
  5
5B
102
{ACAD_REACTORS
330
16
102
}
330
16
100
AcDbVisualStyle
  2
Basic
 70
7
177
3
291
1
 70
58
 90
2
176
1
 90
2
176
1
 90
0
176
1
 90
1
176
1
 40
0.6
176
1
 40
30.0
176
1
 62
7
420
16777215
176
1
 90
1
176
1
 90
4
176
1
 62
7
176
1
 62
257
176
1
 90
1
176
1
 90
1
176
1
 40
1.0
176
1
 90
8
176
1
 62
7
176
1
 40
1.0
176
1
 90
1
176
1
 90
6
176
1
 90
2
176
1
 62
7
176
1
 90
5
176
1
 90
0
176
1
 90
0
176
1
290
0
176
1
 90
1
176
1
 40
0.0
176
1
 90
0
176
1
290
0
176
1
290
1
176
1
290
1
176
1
290
0
176
1
290
0
176
1
290
0
176
1
290
0
176
1
290
0
176
1
290
0
176
1
 90
50
176
1
 40
0.0
176
1
 40
1.0
176
1
 90
0
176
1
 62
18
420
0
176
1
 90
50
176
1
 90
3
176
1
 62
5
420
255
176
1
290
0
176
1
 90
50
176
1
 90
50
176
1
 90
50
176
1
290
0
176
1
 90
50
176
1
 62
256
176
0
 40
1.0
176
0
 90
2
176
1
  1
strokes_ogs.tif
176
1
290
0
176
1
 40
1.0
176
1
 40
1.0
176
1
  0
VISUALSTYLE
  5
5C
102
{ACAD_REACTORS
330
16
102
}
330
16
100
AcDbVisualStyle
  2
Brighten
 70
12
177
3
291
1
 70
58
 90
2
176
1
 90
2
176
1
 90
0
176
1
 90
2
176
1
 40
0.6
176
1
 40
30.0
176
1
 62
7
420
16777215
176
1
 90
1
176
1
 90
4
176
1
 62
7
176
1
 62
257
176
1
 90
1
176
1
 90
1
176
1
 40
1.0
176
1
 90
8
176
1
 62
7
176
1
 40
1.0
176
1
 90
1
176
1
 90
6
176
1
 90
2
176
1
 62
7
176
1
 90
5
176
1
 90
0
176
1
 90
0
176
1
290
0
176
1
 90
1
176
1
 40
0.0
176
1
 90
0
176
1
290
0
176
1
290
1
176
1
290
1
176
1
290
0
176
1
290
0
176
1
290
0
176
1
290
0
176
1
290
0
176
1
290
0
176
1
 90
50
176
1
 40
0.0
176
1
 40
1.0
176
1
 90
0
176
1
 62
18
420
0
176
1
 90
50
176
1
 90
3
176
1
 62
5
420
255
176
1
290
0
176
1
 90
50
176
1
 90
50
176
1
 90
50
176
1
290
0
176
1
 90
50
176
1
 62
256
176
0
 40
1.0
176
0
 90
2
176
1
  1
strokes_ogs.tif
176
1
290
0
176
1
 40
1.0
176
1
 40
1.0
176
1
  0
VISUALSTYLE
  5
5D
102
{ACAD_REACTORS
330
16
102
}
330
16
100
AcDbVisualStyle
  2
ColorChange
 70
16
177
3
291
1
 70
58
 90
2
176
1
 90
2
176
1
 90
0
176
1
 90
2
176
1
 40
0.6
176
1
 40
30.0
176
1
 62
7
420
16777215
176
1
 90
1
176
1
 90
4
176
1
 62
7
176
1
 62
257
176
1
 90
1
176
1
 90
1
176
1
 40
1.0
176
1
 90
8
176
1
 62
7
176
1
 40
1.0
176
1
 90
1
176
1
 90
6
176
1
 90
2
176
1
 62
7
176
1
 90
5
176
1
 90
0
176
1
 90
0
176
1
290
0
176
1
 90
1
176
1
 40
0.0
176
1
 90
0
176
1
290
0
176
1
290
1
176
1
290
1
176
1
290
0
176
1
290
0
176
1
290
0
176
1
290
0
176
1
290
0
176
1
290
0
176
1
 90
50
176
1
 40
0.0
176
1
 40
1.0
176
1
 90
0
176
1
 62
18
420
0
176
1
 90
50
176
1
 90
3
176
1
 62
5
420
255
176
1
290
0
176
1
 90
50
176
1
 90
50
176
1
 90
50
176
1
290
0
176
1
 90
50
176
1
 62
256
176
0
 40
1.0
176
0
 90
2
176
1
  1
strokes_ogs.tif
176
1
290
0
176
1
 40
1.0
176
1
 40
1.0
176
1
  0
VISUALSTYLE
  5
5E
102
{ACAD_REACTORS
330
16
102
}
330
16
100
AcDbVisualStyle
  2
Conceptual
 70
9
177
3
291
0
 70
58
 90
2
176
1
 90
2
176
1
 90
0
176
1
 90
3
176
1
 40
0.6
176
1
 40
30.0
176
1
 62
7
420
16777215
176
1
 90
1
176
1
 90
4
176
1
 62
7
176
1
 62
257
176
1
 90
1
176
1
 90
1
176
1
 40
1.0
176
1
 90
8
176
1
 62
7
176
1
 40
1.0
176
1
 90
1
176
1
 90
6
176
1
 90
2
176
1
 62
7
176
1
 90
5
176
1
 90
0
176
1
 90
0
176
1
290
0
176
1
 90
1
176
1
 40
0.0
176
1
 90
0
176
1
290
0
176
1
290
1
176
1
290
1
176
1
290
0
176
1
290
0
176
1
290
0
176
1
290
0
176
1
290
0
176
1
290
0
176
1
 90
50
176
1
 40
0.0
176
1
 40
1.0
176
1
 90
0
176
1
 62
18
420
0
176
1
 90
50
176
1
 90
3
176
1
 62
5
420
255
176
1
290
0
176
1
 90
50
176
1
 90
50
176
1
 90
50
176
1
290
0
176
1
 90
50
176
1
 62
256
176
0
 40
1.0
176
0
 90
2
176
1
  1
strokes_ogs.tif
176
1
290
0
176
1
 40
1.0
176
1
 40
1.0
176
1
  0
VISUALSTYLE
  5
5F
102
{ACAD_REACTORS
330
16
102
}
330
16
100
AcDbVisualStyle
  2
Dim
 70
11
177
3
291
1
 70
58
 90
2
176
1
 90
2
176
1
 90
0
176
1
 90
2
176
1
 40
0.6
176
1
 40
30.0
176
1
 62
7
420
16777215
176
1
 90
1
176
1
 90
4
176
1
 62
7
176
1
 62
257
176
1
 90
1
176
1
 90
1
176
1
 40
1.0
176
1
 90
8
176
1
 62
7
176
1
 40
1.0
176
1
 90
1
176
1
 90
6
176
1
 90
2
176
1
 62
7
176
1
 90
5
176
1
 90
0
176
1
 90
0
176
1
290
0
176
1
 90
1
176
1
 40
0.0
176
1
 90
0
176
1
290
0
176
1
290
1
176
1
290
1
176
1
290
0
176
1
290
0
176
1
290
0
176
1
290
0
176
1
290
0
176
1
290
0
176
1
 90
50
176
1
 40
0.0
176
1
 40
1.0
176
1
 90
0
176
1
 62
18
420
0
176
1
 90
50
176
1
 90
3
176
1
 62
5
420
255
176
1
290
0
176
1
 90
50
176
1
 90
50
176
1
 90
50
176
1
290
0
176
1
 90
50
176
1
 62
256
176
0
 40
1.0
176
0
 90
2
176
1
  1
strokes_ogs.tif
176
1
290
0
176
1
 40
1.0
176
1
 40
1.0
176
1
  0
VISUALSTYLE
  5
60
102
{ACAD_REACTORS
330
16
102
}
330
16
100
AcDbVisualStyle
  2
EdgeColorOff
 70
22
177
3
291
1
 70
58
 90
2
176
1
 90
2
176
1
 90
0
176
1
 90
2
176
1
 40
0.6
176
1
 40
30.0
176
1
 62
7
420
16777215
176
1
 90
1
176
1
 90
4
176
1
 62
7
176
1
 62
257
176
1
 90
1
176
1
 90
1
176
1
 40
1.0
176
1
 90
8
176
1
 62
7
176
1
 40
1.0
176
1
 90
1
176
1
 90
6
176
1
 90
2
176
1
 62
7
176
1
 90
5
176
1
 90
0
176
1
 90
0
176
1
290
0
176
1
 90
1
176
1
 40
0.0
176
1
 90
0
176
1
290
0
176
1
290
1
176
1
290
1
176
1
290
0
176
1
290
0
176
1
290
0
176
1
290
0
176
1
290
0
176
1
290
0
176
1
 90
50
176
1
 40
0.0
176
1
 40
1.0
176
1
 90
0
176
1
 62
18
420
0
176
1
 90
50
176
1
 90
3
176
1
 62
5
420
255
176
1
290
0
176
1
 90
50
176
1
 90
50
176
1
 90
50
176
1
290
0
176
1
 90
50
176
1
 62
256
176
0
 40
1.0
176
0
 90
2
176
1
  1
strokes_ogs.tif
176
1
290
0
176
1
 40
1.0
176
1
 40
1.0
176
1
  0
VISUALSTYLE
  5
61
102
{ACAD_REACTORS
330
16
102
}
330
16
100
AcDbVisualStyle
  2
Facepattern
 70
15
177
3
291
1
 70
58
 90
2
176
1
 90
2
176
1
 90
0
176
1
 90
2
176
1
 40
0.6
176
1
 40
30.0
176
1
 62
7
420
16777215
176
1
 90
1
176
1
 90
4
176
1
 62
7
176
1
 62
257
176
1
 90
1
176
1
 90
1
176
1
 40
1.0
176
1
 90
8
176
1
 62
7
176
1
 40
1.0
176
1
 90
1
176
1
 90
6
176
1
 90
2
176
1
 62
7
176
1
 90
5
176
1
 90
0
176
1
 90
0
176
1
290
0
176
1
 90
1
176
1
 40
0.0
176
1
 90
0
176
1
290
0
176
1
290
1
176
1
290
1
176
1
290
0
176
1
290
0
176
1
290
0
176
1
290
0
176
1
290
0
176
1
290
0
176
1
 90
50
176
1
 40
0.0
176
1
 40
1.0
176
1
 90
0
176
1
 62
18
420
0
176
1
 90
50
176
1
 90
3
176
1
 62
5
420
255
176
1
290
0
176
1
 90
50
176
1
 90
50
176
1
 90
50
176
1
290
0
176
1
 90
50
176
1
 62
256
176
0
 40
1.0
176
0
 90
2
176
1
  1
strokes_ogs.tif
176
1
290
0
176
1
 40
1.0
176
1
 40
1.0
176
1
  0
VISUALSTYLE
  5
62
102
{ACAD_REACTORS
330
16
102
}
330
16
100
AcDbVisualStyle
  2
Flat
 70
0
177
3
291
1
 70
58
 90
2
176
1
 90
2
176
1
 90
0
176
1
 90
2
176
1
 40
0.6
176
1
 40
30.0
176
1
 62
7
420
16777215
176
1
 90
1
176
1
 90
4
176
1
 62
7
176
1
 62
257
176
1
 90
1
176
1
 90
1
176
1
 40
1.0
176
1
 90
8
176
1
 62
7
176
1
 40
1.0
176
1
 90
1
176
1
 90
6
176
1
 90
2
176
1
 62
7
176
1
 90
5
176
1
 90
0
176
1
 90
0
176
1
290
0
176
1
 90
1
176
1
 40
0.0
176
1
 90
0
176
1
290
0
176
1
290
1
176
1
290
1
176
1
290
0
176
1
290
0
176
1
290
0
176
1
290
0
176
1
290
0
176
1
290
0
176
1
 90
50
176
1
 40
0.0
176
1
 40
1.0
176
1
 90
0
176
1
 62
18
420
0
176
1
 90
50
176
1
 90
3
176
1
 62
5
420
255
176
1
290
0
176
1
 90
50
176
1
 90
50
176
1
 90
50
176
1
290
0
176
1
 90
50
176
1
 62
256
176
0
 40
1.0
176
0
 90
2
176
1
  1
strokes_ogs.tif
176
1
290
0
176
1
 40
1.0
176
1
 40
1.0
176
1
  0
VISUALSTYLE
  5
63
102
{ACAD_REACTORS
330
16
102
}
330
16
100
AcDbVisualStyle
  2
FlatWithEdges
 70
1
177
3
291
1
 70
58
 90
2
176
1
 90
2
176
1
 90
0
176
1
 90
2
176
1
 40
0.6
176
1
 40
30.0
176
1
 62
7
420
16777215
176
1
 90
1
176
1
 90
4
176
1
 62
7
176
1
 62
257
176
1
 90
1
176
1
 90
1
176
1
 40
1.0
176
1
 90
8
176
1
 62
7
176
1
 40
1.0
176
1
 90
1
176
1
 90
6
176
1
 90
2
176
1
 62
7
176
1
 90
5
176
1
 90
0
176
1
 90
0
176
1
290
0
176
1
 90
1
176
1
 40
0.0
176
1
 90
0
176
1
290
0
176
1
290
1
176
1
290
1
176
1
290
0
176
1
290
0
176
1
290
0
176
1
290
0
176
1
290
0
176
1
290
0
176
1
 90
50
176
1
 40
0.0
176
1
 40
1.0
176
1
 90
0
176
1
 62
18
420
0
176
1
 90
50
176
1
 90
3
176
1
 62
5
420
255
176
1
290
0
176
1
 90
50
176
1
 90
50
176
1
 90
50
176
1
290
0
176
1
 90
50
176
1
 62
256
176
0
 40
1.0
176
0
 90
2
176
1
  1
strokes_ogs.tif
176
1
290
0
176
1
 40
1.0
176
1
 40
1.0
176
1
  0
VISUALSTYLE
  5
64
102
{ACAD_REACTORS
330
16
102
}
330
16
100
AcDbVisualStyle
  2
Gouraud
 70
2
177
3
291
1
 70
58
 90
2
176
1
 90
2
176
1
 90
0
176
1
 90
2
176
1
 40
0.6
176
1
 40
30.0
176
1
 62
7
420
16777215
176
1
 90
1
176
1
 90
4
176
1
 62
7
176
1
 62
257
176
1
 90
1
176
1
 90
1
176
1
 40
1.0
176
1
 90
8
176
1
 62
7
176
1
 40
1.0
176
1
 90
1
176
1
 90
6
176
1
 90
2
176
1
 62
7
176
1
 90
5
176
1
 90
0
176
1
 90
0
176
1
290
0
176
1
 90
1
176
1
 40
0.0
176
1
 90
0
176
1
290
0
176
1
290
1
176
1
290
1
176
1
290
0
176
1
290
0
176
1
290
0
176
1
290
0
176
1
290
0
176
1
290
0
176
1
 90
50
176
1
 40
0.0
176
1
 40
1.0
176
1
 90
0
176
1
 62
18
420
0
176
1
 90
50
176
1
 90
3
176
1
 62
5
420
255
176
1
290
0
176
1
 90
50
176
1
 90
50
176
1
 90
50
176
1
290
0
176
1
 90
50
176
1
 62
256
176
0
 40
1.0
176
0
 90
2
176
1
  1
strokes_ogs.tif
176
1
290
0
176
1
 40
1.0
176
1
 40
1.0
176
1
  0
VISUALSTYLE
  5
65
102
{ACAD_REACTORS
330
16
102
}
330
16
100
AcDbVisualStyle
  2
GouraudWithEdges
 70
3
177
3
291
1
 70
58
 90
2
176
1
 90
2
176
1
 90
0
176
1
 90
2
176
1
 40
0.6
176
1
 40
30.0
176
1
 62
7
420
16777215
176
1
 90
1
176
1
 90
4
176
1
 62
7
176
1
 62
257
176
1
 90
1
176
1
 90
1
176
1
 40
1.0
176
1
 90
8
176
1
 62
7
176
1
 40
1.0
176
1
 90
1
176
1
 90
6
176
1
 90
2
176
1
 62
7
176
1
 90
5
176
1
 90
0
176
1
 90
0
176
1
290
0
176
1
 90
1
176
1
 40
0.0
176
1
 90
0
176
1
290
0
176
1
290
1
176
1
290
1
176
1
290
0
176
1
290
0
176
1
290
0
176
1
290
0
176
1
290
0
176
1
290
0
176
1
 90
50
176
1
 40
0.0
176
1
 40
1.0
176
1
 90
0
176
1
 62
18
420
0
176
1
 90
50
176
1
 90
3
176
1
 62
5
420
255
176
1
290
0
176
1
 90
50
176
1
 90
50
176
1
 90
50
176
1
290
0
176
1
 90
50
176
1
 62
256
176
0
 40
1.0
176
0
 90
2
176
1
  1
strokes_ogs.tif
176
1
290
0
176
1
 40
1.0
176
1
 40
1.0
176
1
  0
VISUALSTYLE
  5
66
102
{ACAD_REACTORS
330
16
102
}
330
16
100
AcDbVisualStyle
  2
Hidden
 70
6
177
3
291
0
 70
58
 90
2
176
1
 90
2
176
1
 90
0
176
1
 90
1
176
1
 40
0.6
176
1
 40
30.0
176
1
 62
7
420
16777215
176
1
 90
1
176
1
 90
4
176
1
 62
7
176
1
 62
257
176
1
 90
1
176
1
 90
1
176
1
 40
1.0
176
1
 90
8
176
1
 62
7
176
1
 40
1.0
176
1
 90
1
176
1
 90
6
176
1
 90
2
176
1
 62
7
176
1
 90
5
176
1
 90
0
176
1
 90
0
176
1
290
0
176
1
 90
1
176
1
 40
0.0
176
1
 90
0
176
1
290
0
176
1
290
1
176
1
290
1
176
1
290
0
176
1
290
0
176
1
290
0
176
1
290
0
176
1
290
0
176
1
290
0
176
1
 90
50
176
1
 40
0.0
176
1
 40
1.0
176
1
 90
0
176
1
 62
18
420
0
176
1
 90
50
176
1
 90
3
176
1
 62
5
420
255
176
1
290
0
176
1
 90
50
176
1
 90
50
176
1
 90
50
176
1
290
0
176
1
 90
50
176
1
 62
256
176
0
 40
1.0
176
0
 90
2
176
1
  1
strokes_ogs.tif
176
1
290
0
176
1
 40
1.0
176
1
 40
1.0
176
1
  0
VISUALSTYLE
  5
67
102
{ACAD_REACTORS
330
16
102
}
330
16
100
AcDbVisualStyle
  2
JitterOff
 70
20
177
3
291
1
 70
58
 90
2
176
1
 90
2
176
1
 90
0
176
1
 90
2
176
1
 40
0.6
176
1
 40
30.0
176
1
 62
7
420
16777215
176
1
 90
1
176
1
 90
4
176
1
 62
7
176
1
 62
257
176
1
 90
1
176
1
 90
1
176
1
 40
1.0
176
1
 90
8
176
1
 62
7
176
1
 40
1.0
176
1
 90
1
176
1
 90
6
176
1
 90
2
176
1
 62
7
176
1
 90
5
176
1
 90
0
176
1
 90
0
176
1
290
0
176
1
 90
1
176
1
 40
0.0
176
1
 90
0
176
1
290
0
176
1
290
1
176
1
290
1
176
1
290
0
176
1
290
0
176
1
290
0
176
1
290
0
176
1
290
0
176
1
290
0
176
1
 90
50
176
1
 40
0.0
176
1
 40
1.0
176
1
 90
0
176
1
 62
18
420
0
176
1
 90
50
176
1
 90
3
176
1
 62
5
420
255
176
1
290
0
176
1
 90
50
176
1
 90
50
176
1
 90
50
176
1
290
0
176
1
 90
50
176
1
 62
256
176
0
 40
1.0
176
0
 90
2
176
1
  1
strokes_ogs.tif
176
1
290
0
176
1
 40
1.0
176
1
 40
1.0
176
1
  0
VISUALSTYLE
  5
68
102
{ACAD_REACTORS
330
16
102
}
330
16
100
AcDbVisualStyle
  2
Linepattern
 70
14
177
3
291
1
 70
58
 90
2
176
1
 90
2
176
1
 90
0
176
1
 90
2
176
1
 40
0.6
176
1
 40
30.0
176
1
 62
7
420
16777215
176
1
 90
1
176
1
 90
4
176
1
 62
7
176
1
 62
257
176
1
 90
1
176
1
 90
1
176
1
 40
1.0
176
1
 90
8
176
1
 62
7
176
1
 40
1.0
176
1
 90
1
176
1
 90
6
176
1
 90
2
176
1
 62
7
176
1
 90
5
176
1
 90
0
176
1
 90
0
176
1
290
0
176
1
 90
1
176
1
 40
0.0
176
1
 90
0
176
1
290
0
176
1
290
1
176
1
290
1
176
1
290
0
176
1
290
0
176
1
290
0
176
1
290
0
176
1
290
0
176
1
290
0
176
1
 90
50
176
1
 40
0.0
176
1
 40
1.0
176
1
 90
0
176
1
 62
18
420
0
176
1
 90
50
176
1
 90
3
176
1
 62
5
420
255
176
1
290
0
176
1
 90
50
176
1
 90
50
176
1
 90
50
176
1
290
0
176
1
 90
50
176
1
 62
256
176
0
 40
1.0
176
0
 90
2
176
1
  1
strokes_ogs.tif
176
1
290
0
176
1
 40
1.0
176
1
 40
1.0
176
1
  0
VISUALSTYLE
  5
69
102
{ACAD_REACTORS
330
16
102
}
330
16
100
AcDbVisualStyle
  2
Modeling
 70
10
177
3
291
0
 70
58
 90
2
176
1
 90
2
176
1
 90
0
176
1
 90
2
176
1
 40
0.6
176
1
 40
30.0
176
1
 62
7
420
16777215
176
1
 90
1
176
1
 90
4
176
1
 62
7
176
1
 62
257
176
1
 90
1
176
1
 90
1
176
1
 40
1.0
176
1
 90
8
176
1
 62
7
176
1
 40
1.0
176
1
 90
1
176
1
 90
6
176
1
 90
2
176
1
 62
7
176
1
 90
5
176
1
 90
0
176
1
 90
0
176
1
290
0
176
1
 90
1
176
1
 40
0.0
176
1
 90
0
176
1
290
0
176
1
290
1
176
1
290
1
176
1
290
0
176
1
290
0
176
1
290
0
176
1
290
0
176
1
290
0
176
1
290
0
176
1
 90
50
176
1
 40
0.0
176
1
 40
1.0
176
1
 90
0
176
1
 62
18
420
0
176
1
 90
50
176
1
 90
3
176
1
 62
5
420
255
176
1
290
0
176
1
 90
50
176
1
 90
50
176
1
 90
50
176
1
290
0
176
1
 90
50
176
1
 62
256
176
0
 40
1.0
176
0
 90
2
176
1
  1
strokes_ogs.tif
176
1
290
0
176
1
 40
1.0
176
1
 40
1.0
176
1
  0
VISUALSTYLE
  5
6A
102
{ACAD_REACTORS
330
16
102
}
330
16
100
AcDbVisualStyle
  2
OverhangOff
 70
21
177
3
291
1
 70
58
 90
2
176
1
 90
2
176
1
 90
0
176
1
 90
2
176
1
 40
0.6
176
1
 40
30.0
176
1
 62
7
420
16777215
176
1
 90
1
176
1
 90
4
176
1
 62
7
176
1
 62
257
176
1
 90
1
176
1
 90
1
176
1
 40
1.0
176
1
 90
8
176
1
 62
7
176
1
 40
1.0
176
1
 90
1
176
1
 90
6
176
1
 90
2
176
1
 62
7
176
1
 90
5
176
1
 90
0
176
1
 90
0
176
1
290
0
176
1
 90
1
176
1
 40
0.0
176
1
 90
0
176
1
290
0
176
1
290
1
176
1
290
1
176
1
290
0
176
1
290
0
176
1
290
0
176
1
290
0
176
1
290
0
176
1
290
0
176
1
 90
50
176
1
 40
0.0
176
1
 40
1.0
176
1
 90
0
176
1
 62
18
420
0
176
1
 90
50
176
1
 90
3
176
1
 62
5
420
255
176
1
290
0
176
1
 90
50
176
1
 90
50
176
1
 90
50
176
1
290
0
176
1
 90
50
176
1
 62
256
176
0
 40
1.0
176
0
 90
2
176
1
  1
strokes_ogs.tif
176
1
290
0
176
1
 40
1.0
176
1
 40
1.0
176
1
  0
VISUALSTYLE
  5
6B
102
{ACAD_REACTORS
330
16
102
}
330
16
100
AcDbVisualStyle
  2
Realistic
 70
8
177
3
291
0
 70
58
 90
2
176
1
 90
2
176
1
 90
0
176
1
 90
2
176
1
 40
0.6
176
1
 40
30.0
176
1
 62
7
420
16777215
176
1
 90
1
176
1
 90
4
176
1
 62
7
176
1
 62
257
176
1
 90
1
176
1
 90
1
176
1
 40
1.0
176
1
 90
8
176
1
 62
7
176
1
 40
1.0
176
1
 90
1
176
1
 90
6
176
1
 90
2
176
1
 62
7
176
1
 90
5
176
1
 90
0
176
1
 90
0
176
1
290
0
176
1
 90
1
176
1
 40
0.0
176
1
 90
0
176
1
290
0
176
1
290
1
176
1
290
1
176
1
290
0
176
1
290
0
176
1
290
0
176
1
290
0
176
1
290
0
176
1
290
0
176
1
 90
50
176
1
 40
0.0
176
1
 40
1.0
176
1
 90
0
176
1
 62
18
420
0
176
1
 90
50
176
1
 90
3
176
1
 62
5
420
255
176
1
290
0
176
1
 90
50
176
1
 90
50
176
1
 90
50
176
1
290
0
176
1
 90
50
176
1
 62
256
176
0
 40
1.0
176
0
 90
2
176
1
  1
strokes_ogs.tif
176
1
290
0
176
1
 40
1.0
176
1
 40
1.0
176
1
  0
VISUALSTYLE
  5
6C
102
{ACAD_REACTORS
330
16
102
}
330
16
100
AcDbVisualStyle
  2
Shaded
 70
27
177
3
291
0
 70
58
 90
2
176
1
 90
2
176
1
 90
0
176
1
 90
2
176
1
 40
0.6
176
1
 40
30.0
176
1
 62
7
420
16777215
176
1
 90
1
176
1
 90
4
176
1
 62
7
176
1
 62
257
176
1
 90
1
176
1
 90
1
176
1
 40
1.0
176
1
 90
8
176
1
 62
7
176
1
 40
1.0
176
1
 90
1
176
1
 90
6
176
1
 90
2
176
1
 62
7
176
1
 90
5
176
1
 90
0
176
1
 90
0
176
1
290
0
176
1
 90
1
176
1
 40
0.0
176
1
 90
0
176
1
290
0
176
1
290
1
176
1
290
1
176
1
290
0
176
1
290
0
176
1
290
0
176
1
290
0
176
1
290
0
176
1
290
0
176
1
 90
50
176
1
 40
0.0
176
1
 40
1.0
176
1
 90
0
176
1
 62
18
420
0
176
1
 90
50
176
1
 90
3
176
1
 62
5
420
255
176
1
290
0
176
1
 90
50
176
1
 90
50
176
1
 90
50
176
1
290
0
176
1
 90
50
176
1
 62
256
176
0
 40
1.0
176
0
 90
2
176
1
  1
strokes_ogs.tif
176
1
290
0
176
1
 40
1.0
176
1
 40
1.0
176
1
  0
VISUALSTYLE
  5
6D
102
{ACAD_REACTORS
330
16
102
}
330
16
100
AcDbVisualStyle
  2
Shaded with edges
 70
26
177
3
291
0
 70
58
 90
2
176
1
 90
2
176
1
 90
0
176
1
 90
2
176
1
 40
0.6
176
1
 40
30.0
176
1
 62
7
420
16777215
176
1
 90
1
176
1
 90
4
176
1
 62
7
176
1
 62
257
176
1
 90
1
176
1
 90
1
176
1
 40
1.0
176
1
 90
8
176
1
 62
7
176
1
 40
1.0
176
1
 90
1
176
1
 90
6
176
1
 90
2
176
1
 62
7
176
1
 90
5
176
1
 90
0
176
1
 90
0
176
1
290
0
176
1
 90
1
176
1
 40
0.0
176
1
 90
0
176
1
290
0
176
1
290
1
176
1
290
1
176
1
290
0
176
1
290
0
176
1
290
0
176
1
290
0
176
1
290
0
176
1
290
0
176
1
 90
50
176
1
 40
0.0
176
1
 40
1.0
176
1
 90
0
176
1
 62
18
420
0
176
1
 90
50
176
1
 90
3
176
1
 62
5
420
255
176
1
290
0
176
1
 90
50
176
1
 90
50
176
1
 90
50
176
1
290
0
176
1
 90
50
176
1
 62
256
176
0
 40
1.0
176
0
 90
2
176
1
  1
strokes_ogs.tif
176
1
290
0
176
1
 40
1.0
176
1
 40
1.0
176
1
  0
VISUALSTYLE
  5
6E
102
{ACAD_REACTORS
330
16
102
}
330
16
100
AcDbVisualStyle
  2
Shades of Gray
 70
23
177
3
291
0
 70
58
 90
2
176
1
 90
2
176
1
 90
0
176
1
 90
2
176
1
 40
0.6
176
1
 40
30.0
176
1
 62
7
420
16777215
176
1
 90
1
176
1
 90
4
176
1
 62
7
176
1
 62
257
176
1
 90
1
176
1
 90
1
176
1
 40
1.0
176
1
 90
8
176
1
 62
7
176
1
 40
1.0
176
1
 90
1
176
1
 90
6
176
1
 90
2
176
1
 62
7
176
1
 90
5
176
1
 90
0
176
1
 90
0
176
1
290
0
176
1
 90
1
176
1
 40
0.0
176
1
 90
0
176
1
290
0
176
1
290
1
176
1
290
1
176
1
290
0
176
1
290
0
176
1
290
0
176
1
290
0
176
1
290
0
176
1
290
0
176
1
 90
50
176
1
 40
0.0
176
1
 40
1.0
176
1
 90
0
176
1
 62
18
420
0
176
1
 90
50
176
1
 90
3
176
1
 62
5
420
255
176
1
290
0
176
1
 90
50
176
1
 90
50
176
1
 90
50
176
1
290
0
176
1
 90
50
176
1
 62
256
176
0
 40
1.0
176
0
 90
2
176
1
  1
strokes_ogs.tif
176
1
290
0
176
1
 40
1.0
176
1
 40
1.0
176
1
  0
VISUALSTYLE
  5
6F
102
{ACAD_REACTORS
330
16
102
}
330
16
100
AcDbVisualStyle
  2
Sketchy
 70
24
177
3
291
0
 70
58
 90
2
176
1
 90
2
176
1
 90
0
176
1
 90
1
176
1
 40
0.6
176
1
 40
30.0
176
1
 62
7
420
16777215
176
1
 90
1
176
1
 90
4
176
1
 62
7
176
1
 62
257
176
1
 90
1
176
1
 90
1
176
1
 40
1.0
176
1
 90
8
176
1
 62
7
176
1
 40
1.0
176
1
 90
1
176
1
 90
6
176
1
 90
2
176
1
 62
7
176
1
 90
5
176
1
 90
0
176
1
 90
0
176
1
290
0
176
1
 90
1
176
1
 40
0.0
176
1
 90
0
176
1
290
0
176
1
290
1
176
1
290
1
176
1
290
0
176
1
290
0
176
1
290
0
176
1
290
0
176
1
290
0
176
1
290
0
176
1
 90
50
176
1
 40
0.0
176
1
 40
1.0
176
1
 90
0
176
1
 62
18
420
0
176
1
 90
50
176
1
 90
3
176
1
 62
5
420
255
176
1
290
0
176
1
 90
50
176
1
 90
50
176
1
 90
50
176
1
290
0
176
1
 90
50
176
1
 62
256
176
0
 40
1.0
176
0
 90
2
176
1
  1
strokes_ogs.tif
176
1
290
0
176
1
 40
1.0
176
1
 40
1.0
176
1
  0
VISUALSTYLE
  5
70
102
{ACAD_REACTORS
330
16
102
}
330
16
100
AcDbVisualStyle
  2
Thicken
 70
13
177
3
291
1
 70
58
 90
2
176
1
 90
2
176
1
 90
0
176
1
 90
2
176
1
 40
0.6
176
1
 40
30.0
176
1
 62
7
420
16777215
176
1
 90
1
176
1
 90
4
176
1
 62
7
176
1
 62
257
176
1
 90
1
176
1
 90
1
176
1
 40
1.0
176
1
 90
8
176
1
 62
7
176
1
 40
1.0
176
1
 90
1
176
1
 90
6
176
1
 90
2
176
1
 62
7
176
1
 90
5
176
1
 90
0
176
1
 90
0
176
1
290
0
176
1
 90
1
176
1
 40
0.0
176
1
 90
0
176
1
290
0
176
1
290
1
176
1
290
1
176
1
290
0
176
1
290
0
176
1
290
0
176
1
290
0
176
1
290
0
176
1
290
0
176
1
 90
50
176
1
 40
0.0
176
1
 40
1.0
176
1
 90
0
176
1
 62
18
420
0
176
1
 90
50
176
1
 90
3
176
1
 62
5
420
255
176
1
290
0
176
1
 90
50
176
1
 90
50
176
1
 90
50
176
1
290
0
176
1
 90
50
176
1
 62
256
176
0
 40
1.0
176
0
 90
2
176
1
  1
strokes_ogs.tif
176
1
290
0
176
1
 40
1.0
176
1
 40
1.0
176
1
  0
VISUALSTYLE
  5
71
102
{ACAD_REACTORS
330
16
102
}
330
16
100
AcDbVisualStyle
  2
Wireframe
 70
5
177
3
291
0
 70
58
 90
2
176
1
 90
2
176
1
 90
0
176
1
 90
0
176
1
 40
0.6
176
1
 40
30.0
176
1
 62
7
420
16777215
176
1
 90
1
176
1
 90
4
176
1
 62
7
176
1
 62
257
176
1
 90
1
176
1
 90
1
176
1
 40
1.0
176
1
 90
8
176
1
 62
7
176
1
 40
1.0
176
1
 90
1
176
1
 90
6
176
1
 90
2
176
1
 62
7
176
1
 90
5
176
1
 90
0
176
1
 90
0
176
1
290
0
176
1
 90
1
176
1
 40
0.0
176
1
 90
0
176
1
290
0
176
1
290
1
176
1
290
1
176
1
290
0
176
1
290
0
176
1
290
0
176
1
290
0
176
1
290
0
176
1
290
0
176
1
 90
50
176
1
 40
0.0
176
1
 40
1.0
176
1
 90
0
176
1
 62
18
420
0
176
1
 90
50
176
1
 90
3
176
1
 62
5
420
255
176
1
290
0
176
1
 90
50
176
1
 90
50
176
1
 90
50
176
1
290
0
176
1
 90
50
176
1
 62
256
176
0
 40
1.0
176
0
 90
2
176
1
  1
strokes_ogs.tif
176
1
290
0
176
1
 40
1.0
176
1
 40
1.0
176
1
  0
VISUALSTYLE
  5
72
102
{ACAD_REACTORS
330
16
102
}
330
16
100
AcDbVisualStyle
  2
X-Ray
 70
25
177
3
291
0
 70
58
 90
2
176
1
 90
2
176
1
 90
0
176
1
 90
2
176
1
 40
0.5
176
1
 40
30.0
176
1
 62
7
420
16777215
176
1
 90
1
176
1
 90
4
176
1
 62
7
176
1
 62
257
176
1
 90
1
176
1
 90
1
176
1
 40
1.0
176
1
 90
8
176
1
 62
7
176
1
 40
1.0
176
1
 90
1
176
1
 90
6
176
1
 90
2
176
1
 62
7
176
1
 90
5
176
1
 90
0
176
1
 90
0
176
1
290
0
176
1
 90
1
176
1
 40
0.0
176
1
 90
0
176
1
290
0
176
1
290
1
176
1
290
1
176
1
290
0
176
1
290
0
176
1
290
0
176
1
290
0
176
1
290
0
176
1
290
0
176
1
 90
50
176
1
 40
0.0
176
1
 40
1.0
176
1
 90
0
176
1
 62
18
420
0
176
1
 90
50
176
1
 90
3
176
1
 62
5
420
255
176
1
290
0
176
1
 90
50
176
1
 90
50
176
1
 90
50
176
1
290
0
176
1
 90
50
176
1
 62
256
176
0
 40
1.0
176
0
 90
2
176
1
  1
strokes_ogs.tif
176
1
290
0
176
1
 40
1.0
176
1
 40
1.0
176
1
  0
DICTIONARYVAR
  5
FB2
330
2D
100
DictionaryVariables
280
0
  1
1.4.4 @ 2026-10-06T15:56:58.389608+00:00
  0
ENDSEC
  0
EOF
